nomor_sampel,id,teks,rating,tanggal,jam,bulan
1,1d5db0cd-5049-4ef8-b8a7-a67fee796ecf,bagitulah,5,2026-08-14,15,Agustus
2,7cb5e747-b566-4091-85d3-1334c10c9bf8,cepat mudah bagus terpercaya,5,2026-08-26,17,Agustus
3,69287e3a-d28d-45e1-88fb-0d442b7e8815,knapa susah Skali verifikasi wajahnya apa harus ngk pake hijab dan knapa miror...susah ngepasin nya,1,2026-06-19,11,Juni
4,02489b65-ca23-4caf-8efa-73ecbe02ae81,"Aplikasi tidak compatibel d ponsel saya, d paksa hrus beli hp lagi, klo blum bisa beli ponsel blum bisa login,, kalangan keluarga sederhana jadi gak bisa mengakses aplikasi .. harusnya bisa d semua ponsel",1,2026-07-02,17,Juli
5,20424ab0-b5b5-49d1-a381-35c20a54b526,"aplikasi gk jls. kode otp gak masuk"" emng dasarnya aplikasi sampah",1,2026-06-20,14,Juni
6,e0440ade-9502-407a-9e37-d81224222a75,"gabisa login terus, padahak udah beberapa kali dicoba reset pasword",2,2026-08-18,14,Agustus
7,a430380e-3e33-4430-a95d-bde9fda8f09a,Biometrik nya susah banget di verifikasi.....kalah sama pinjol.....tolong perbaiki lah.....,1,2026-06-15,18,Juni
8,357e800c-ed19-41e9-adad-29fed4e66bff,kode OTP sms tidak bisa terkirim,1,2026-08-10,13,Agustus
9,66202aaf-cbea-4339-87cf-d0a889f21b87,bagus lanjutkan,5,2026-07-14,14,Juli
10,e59b1f32-8aa2-45ef-b9d9-ecca0ead0f74,tolong di perbaiki apk nya soal nya tidak bisa login,3,2026-08-27,8,Agustus
11,8bffb97a-6243-4b5a-a092-39381e3fa61c,"ampas, mau daftar kudu isi pulsa ud di isi no otp, balik ke aplikasi ulang lg dari awal emg aplikasi pemerintah ga ada yg bener eror mulu",1,2026-08-11,15,Agustus
12,6a73ca78-2ea6-4f69-8d48-9bbf8e476290,ok,5,2026-06-06,13,Juni
13,accddddd-68c2-4fc4-9b78-2091cc962a75,sae pisan,5,2026-06-16,14,Juni
14,3db87b93-63ce-4425-a236-31cf827bd910,sangat mudah digunakan..untuk pindah faskes bisa lewat aplikasi sehingga lebih efisien,5,2026-08-02,5,Agustus
15,f7ec9e4a-2793-44f4-aaa9-5e61a18a286a,Gk usah kasih bintang..malah bikin emosi..tinggal verivikasi aja gk bisaa,1,2026-06-23,18,Juni
16,959fad7d-6ec2-466c-83ac-e47ce2d5c5d0,"Padahal selalu bayar iuran penuh, tapi sistem aplikasinya tidak USER EASIER/ repot",2,2026-06-02,10,Juni
17,9d9b8b1a-fe16-4271-8030-a0157ffc13c7,oke,5,2026-07-23,20,Juli
18,48c46036-ff37-4a1e-8e1b-a3620753427f,saya sangat merasakan manfaatnya..mudah digunakan. ikuti aja petujuk setiap langkahnya,5,2026-07-30,18,Juli
19,f4b17726-31ae-476e-9ada-efd41311e68c,makin susah aja mau masuk,1,2026-08-24,7,Agustus
20,f1a0bc93-ad03-4ebe-9881-afebcd7c7bae,"bikin aplikasi yg bener ajalah, tiap masuk apk slalu logout, mau login kode otp ga masuk masuk anjirr bkin org makin emosi aja mana nunggu nya lama",2,2026-07-06,15,Juli
21,084fef91-fffe-4ae1-8b93-ac2c68807bbe,oke,5,2026-06-08,9,Juni
22,fd007dbd-cf98-4482-97b0-15678bb87314,Bagus,5,2026-07-23,18,Juli
23,cbc5897b-e62b-4f65-9520-9a68c760cac4,ok,5,2026-07-10,19,Juli
24,b3ae3eb6-49d9-454e-b431-04de3cda9a51,susahhhhh,1,2026-06-12,14,Juni
25,bf1a74cb-f66e-4905-adab-a0abc8b66ab5,bagus,4,2026-06-15,11,Juni
26,62ae7b21-0002-4b87-a275-e76669a13cc5,susah login tolong diperbaiki !!!,3,2026-06-08,15,Juni
27,0eb5297d-cdc6-44c5-8080-b596294f05fb,mantap memudahkan pengguna JKN,5,2026-07-01,16,Juli
28,d01b6e85-577a-4352-9b5a-3d744b2eee20,aplikasi gk jelas masa verif sms gk bisa2 sdh banyak percobaan padahal nomorku aktif,1,2026-07-08,9,Juli
29,7631fa25-2a48-412a-8ab5-2ee8415c0013,bgus pelayanannya,4,2026-06-23,14,Juni
30,cb7f0340-d929-4fc6-81e3-2b756a74c2ba,tidak berjalan baik,1,2026-07-13,19,Juli
31,3d59837e-5f53-482f-9a48-61d55114f954,apk aneh,1,2026-06-12,0,Juni
32,3b6cba3b-68a0-4d15-8061-ddd4653b17de,Aplikasi Jkn tdk bisa di instal,4,2026-08-04,19,Agustus
33,0822a4f9-4cb7-4a1a-9ffc-38721a07ebfe,sangat membantu,5,2026-07-19,11,Juli
34,65b0dd93-1940-474d-93da-f426d56eac9e,Mkasi da di aktifkan lagi BPJS ku,5,2026-07-14,12,Juli
35,f2eb3714-f04a-43f4-9c9c-b1d6db5f6e94,"log in dengan email yg sama ketika membuat akun ,tetapi tetap tidak bisa log in, masa iya kita harus bolak-balik ke kantor bpjs hanya untuk log in saja",1,2026-06-23,22,Juni
36,731ad78f-9670-44da-b54b-841ab85737f4,good,5,2026-07-19,19,Juli
37,9b744d17-5657-4481-9903-47f6239e9e55,"Mustahil bisa verifikasi, sudah masuk malah di kick. verifikasi lagi ga bisa lagi",1,2026-07-22,10,Juli
38,85539da4-73d9-42b4-aabb-ed0a3849a60d,tolong login sudah 4 nik berbeda bisa di buka lagi,5,2026-06-28,15,Juni
39,5646a3e1-aa32-4eb0-9699-5e1fbcd25362,sangat membantu,5,2026-06-11,9,Juni
40,35680a54-5da0-4826-b496-7143bee69c6a,"thanks walau masih ada kekurangan, sangat membantu",4,2026-07-21,14,Juli
41,91bde0e6-cfc9-4543-a54a-c565faae9ac8,sangat menjamin kesehatan warga negara. God Bless BPJS Kesehatan,5,2026-08-26,8,Agustus
42,0e007a7a-9c7f-41f7-ad08-ff1c5238eb2c,"aplikasi nya buruk, sering otomatis log out, kl udah keluar hilang histori nya.",1,2026-06-11,21,Juni
43,44ec66fa-0cbb-410c-be38-99c3b7beb9b7,mudah di gunakan,5,2026-08-20,7,Agustus
44,d8acffd9-d667-46ea-866c-e3749bfd9ff5,Tolong di perbaiki ini nomer otp gk masuk masuk kuota ada sinyal bagus tapi pemberitahuan nya offline terussss,1,2026-06-18,9,Juni
45,db6a5d07-eac6-4635-b37a-0ce1234fbc45,saya daftar berkali-kali ga bisaa mau berobat dan masuk jkn tapi ganggu ann udah ber puluh puluh kali nyoba gangguan terusss di beneri dong bukan sekali dua kali gini di device lain juga gitu bener bener mengganggu hal untuk kesehatan ini sangat di perlukan jadi tolong perbaikan nya,1,2026-08-03,18,Agustus
46,a2d1e7bb-d248-41fb-85a2-ff7ed9ffa1b7,memudahkan mendaftar lewat online sehingga tidak perlu antri lama,5,2026-06-28,12,Juni
47,3a3b2f67-dbdb-46aa-b893-8be514c4ecdf,memudahkan urusan kesehatan,5,2026-06-21,9,Juni
48,c5099e7f-b648-4657-841f-dc93f4ec4fc1,hallo ini kenapa udah lebih dari sebulan berusaha login otp gak muncul-muncul terus ke sms,3,2026-06-23,11,Juni
49,1140eba2-9ebf-4d7f-97fa-dcedc343feea,"aplikaasi maacam apaa ini sudab diverivikasi masih minta terus, ketika sudah bisa malah gagal load paadahal signal bagus.",1,2026-06-02,16,Juni
50,f385aa18-c559-462b-89e2-ca78b246bb64,mau ganti nomor handphone/password aja ribet banget astaga. perbaiki sistemnya!,1,2026-06-22,14,Juni
51,776a1e8f-92d7-4157-8006-52e374b4dbe9,kerja bagis,5,2026-07-29,21,Juli
52,f92dc5f5-b7b2-452d-8770-133f5deeb6e1,aplikasi jembut,1,2026-08-07,16,Agustus
53,2ed264e3-ca9d-4fee-a76b-518894d0ba11,"disuruh cek kondisi sinyal , padahal wifi internet ada butut",1,2026-06-12,0,Juni
54,4970cfe8-3b8d-4e83-a4a3-cd0e8c339b16,Manteb bgt dah,5,2026-06-29,10,Juni
55,99b5f0a0-99dc-44b2-8555-6be2ce5699e9,"aplikasi sangat buruk, verifikasi nomor telepon ga bisa bisa, udah di coba sampe berkali kali tetep ga bisa... kenapa sih harus di buat ribet gini.... ya Allah",1,2026-08-07,13,Agustus
56,13ac4a03-f5ea-4279-ac58-cb1f734d2953,ok,5,2026-06-25,19,Juni
57,ad99724b-d72d-453c-bf19-0a0a3ddd91d4,"Niat gak sih buat apknya, masa gak bisa daftar buat masuk terus sih, kalau gak bisa kenapa apknya dibuat yaudah gak usah dibuat aja sekalian, orang gak bisa masuk juga.",1,2026-08-28,13,Agustus
58,5cb42aa6-5b7b-49ab-b69e-df909f5e2694,aplikasi tidak berguna,1,2026-08-11,14,Agustus
59,64470197-f9e5-40ea-a6c8-282ada02f9d5,tolong dong admin buruk banget ni aplikasi nya udah berhari hari down ngak bisa mau cek in ngak bisa. di hapus lalu di download baru malah capcah nya ngak keluar keluar kacau ni orang mau berobat sangat terhambat,1,2026-08-15,2,Agustus
60,5067d1c7-bd36-427d-9960-2ef61613d9ac,"RIBET BANGET LOGINNYA, KAMERA NYA AJA MIRROR SUSAH BGT ANJIR, DISURUH MASUKIN KODE OTP LEWAT SMS TAPI GA MASUK MASUK PADAHAL NOMOR UDAH BENER, JARINGAN BAGUS, KOUTA BARU DI ISI. KODE OTP NYA CMN BERHASIL DI BAGIAN EMAIL. CAPE NUNGGUINNYA",1,2026-06-14,13,Juni
61,859764cc-90a7-4043-bf42-82cab11fa3f5,sangat membantu,5,2026-06-24,13,Juni
62,d188db7a-96af-4c06-845b-9d92bd82987d,"APLIKASI MACAM APA INI! MAU GANTI AUTODEBIT DARI BRI KE BCA ATAU MANDIRI NGGK BISA, OTP AJA NGGAK KE KIRIM, MAU BALIK KE BRI LAGI EH BILANG SURUH MENYELESAIKAN AUTODEBIT DULU, PAS DAFTAR ULANG PAKAI BRI MALAH DI KASIH PERINGATAN KALAU SUDAH TERDAFTAR DAN HANYA ADA OPSI ""KEMBALI"" TETAPI TIDAK KEMBALI KE MENU UTAMA MALAH TETAP STUCK DI TAMPILAN INPUT OTP?! BENAR BENAR MENYUSAHKAN RAKYAT!",1,2026-06-17,6,Juni
63,d9915a67-2447-4cfa-9bdb-a7b27c1aac98,sangat mudah untuk digunakan aplikasi nya,5,2026-06-12,8,Juni
64,86d3ac93-5ea6-409e-be53-e37a4c61acad,"gak ngerti lagi sama apk ini,masa ngirim kode otp pke nomer yg msh aktif di hp ga ke krim trus,trus aku coba pek hp ortu pke nomer ortu tetep ga msuk otp nya ini mksdnya apasi???bnrin dong tolong nnti kalo udh bnr aku ksih bintang 5",1,2026-06-05,21,Juni
65,b1b9eed9-0d75-4e42-8887-3405f0c5aa13,"susah banget daftarnya, nyusahin banget",1,2026-06-19,14,Juni
66,f505fa90-466f-49f5-b266-21ac989a37c7,eror muluu,1,2026-08-27,7,Agustus
67,e0c846f3-9909-4197-af27-8bdec04bbe77,"belum tutup jam operasional, tapi sudah tutup pendaftaran online, orang mana tau ya sakit nya jam2 berapa nya.",1,2026-06-07,20,Juni
68,522c1f23-74e8-405c-97f4-c9a29e93e96b,simpel praktis dan mudah digunakan,5,2026-07-01,14,Juli
69,3464a4cb-7ab6-48f0-ac37-b7136d45e359,niat gak sih ini aplikasi masa mau minta kode otp ajaa lama betul anehh,1,2026-07-17,23,Juli
70,273e9cfd-edfb-4fc5-aa89-4b22626bd6f0,kode otp ga masuk²!!!!!! padahal jaringan bagus,1,2026-07-09,9,Juli
71,c27c92c3-8b6d-44f0-a1c1-b2033559924a,mantap,5,2026-07-21,19,Juli
72,0e0153d6-56ab-47a4-99ae-709915610515,"sangat,sangat membantu",5,2026-06-28,6,Juni
73,c0b6f72f-272e-4a37-999f-84a818db79cf,"otp nya kok nggk masuk"" capekk saya login keluar login keluar terusss!!!!",1,2026-08-03,8,Agustus
74,0957fd11-3f84-4eed-b44e-23db6df1f8cc,capca nya gak nongol nongol cacad,1,2026-06-18,17,Juni
75,1b02000e-d7a3-408a-a860-1222633e856f,"Susah banget digunakan,sering banget tiba tiba offline",3,2026-06-16,20,Juni
76,1315cc15-5ea2-4613-9346-e507f8f3c325,bagus..terbaik,5,2026-07-03,15,Juli
77,dbee7c39-df20-4119-8a35-5cab49db3a86,cukup bermanfaat,5,2026-06-26,12,Juni
78,ddc87a5d-e720-4a32-ac15-78045fbf4758,blm bisa membayar iuran bulanannya,4,2026-06-18,7,Juni
79,0be7c9ee-0060-40cd-9096-adc3af74655e,"aplikasi yang baik, tapi kenapa verifikasi harus 1km , tolong diperbaiki agar memudahkan kami sebagai lansia bisakah 3km radius verifikasi nya... terimakasih",5,2026-08-04,21,Agustus
80,fbe17c6d-bdb1-45e5-b4c2-8344907efbe9,oke deh pokoknya,5,2026-08-09,21,Agustus
81,b7c3ab19-197f-499c-a0db-84997e1463c6,"aku kasih bintang 1, soalnya kalau sdh mau daftar pasti eror apk apa ini, bukan nya mempermudah malah bikin kesal. tolong di tinjau lebih lanjut.",1,2026-08-29,3,Agustus
82,0d865b48-0ea5-46ed-8f1d-d9908768e25d,kallo bisa BPJS bisa di pake semuah RS mana ajah tanpa harus faskes.!,1,2026-06-01,6,Juni
83,f81f35a8-41d3-4198-bf97-33390d773bcf,sangat bermanfaat,5,2026-08-07,20,Agustus
84,5c993b70-56eb-4b5c-9941-e77dde91b342,sistem verfikasi wajah SANGAT BURUK. Kamera mirror dan tidak sensitif sehinggak tidak mendeteksi wajah dengan baik. MOHON SEGERA DIPERBAIKI. JANGAN MENYUSAHKA. USER. INI SUDAH SEJAK TAHUN KEMARIN SEPERTI INI.,1,2026-06-23,9,Juni
85,ce8d4f17-ee43-4be6-93b5-b1d7804a5cb6,"Untuk mendaftar saja sangat sulit, padahal nomor saya aktif tetapi tidak dapat SMS sama sekali Parah sekali ni apk",1,2026-07-26,21,Juli
86,b1d80dd7-bb12-4591-a6b9-820134afb4ac,good,5,2026-08-06,9,Agustus
87,56a7bba9-b2b7-4f7f-bca7-fc2b01add232,mudah dioperasikan,5,2026-08-25,16,Agustus
88,a26368f0-e992-475c-b0c1-fdc0eade92e3,sangat mmbantu,5,2026-06-20,10,Juni
89,1051ab50-f07b-4d95-b13c-31fcc7a27a5c,"mau daftar akun, tapigk bisa2.. suruh kirim kode verifikasi tapi gk ada kiriman kode dari BPJS di SMS maupun email. gimana siiiii?",1,2026-08-12,11,Agustus
90,a4ea53d0-0e8c-4359-b8cb-40c243890e11,"hp saya malah ga suport, buset dah",1,2026-07-02,17,Juli
91,4a7a8c85-7abd-494c-a38b-4f4bf5d9f6ee,"sangat buruk, verifikasi selalu gagal, aplikasi tidak berguna, hanya buat menyusahkan aja.",1,2026-07-21,12,Juli
92,894a6233-86ee-4212-b578-8a3b7adc2096,bikin aplikasi jangan nyusahin Napa sih disuruh ngirim kode tapi ngga bisa terus katanya harus isi pulsa dulu apalah masih ngga bisa,1,2026-07-09,16,Juli
93,71e3b52c-ce69-4e1e-ac4e-f5670fb4cec4,tolong masuk jkn dipermudah untuk manula anak pada kerja semua apa apa sendiri jadi tolong vermuk atao jari untuk masuk jkn ambil antrian,5,2026-06-29,13,Juni
94,2c81d020-2c2b-46f7-bed8-6767d427f9a9,"MEMPERSULIT BUKAN MEMPERMUDAH MAU DAFTAR AJA RIBET BENER.. SAMPAI SKRNG BELUM BISA MASUK, TBTB KELUAR APLIKASI, KODE TIDAK TERKIRIM KAN!!!",1,2026-06-02,14,Juni
95,de4e3f2a-7a88-45d9-a8a9-f462a6eea0cc,sangat membantu dan mudah di gunakan,5,2026-08-18,10,Agustus
96,509e23af-fc58-4ca2-8cf5-7b4051e7e12b,"verifikasi gak jelas, busuk",1,2026-07-08,21,Juli
97,ef894614-ef56-4941-895b-efe375c44dd7,"Yailah ribet bgt.. kuota penuh lah.. gagal masuk server RS lah.. kek niat ga niat bikin aplikasinya. entah admin Jkn nya.. atau entah admin RS yg human error. ngerti daftar online itu maksutnya apa kan?? biar mempermudah ya,, bukan mempersulit!!!",1,2026-07-04,0,Juli
98,07a222ba-1e54-4a55-9588-e54a0dd4a4e3,bagus tapi tidak bisa di aktip kan aneh,5,2026-08-01,4,Agustus
99,d8deb4bf-7d57-49ca-8ecf-9a8625f031eb,"aplikasi korupsi, otp aja engga bisa, anggaran aja di gedein. kasian anak magang ngerjain aplikasi ini",1,2026-06-06,11,Juni
100,c810e579-0641-48ac-b41e-840f9c9f1ff6,bisa akses,5,2026-06-13,8,Juni
101,9795bb4e-fda9-4cc8-8049-0f99cfb8aa57,kacau,1,2026-07-20,16,Juli
102,f3942faf-850e-4be9-b8be-7515bbd7bb43,keren,5,2026-06-08,8,Juni
103,7c247516-f989-4857-b051-53999ea9577c,sangat membantu saya,5,2026-07-22,23,Juli
104,aee190bd-64af-40be-96f7-8b5c1610694e,untuk daftar ke faskes lanjutan masih sulit,4,2026-06-16,5,Juni
105,35ef25f4-42e7-4a5d-a15e-dceba1218dab,aplikasi yang sangat membantu saya,5,2026-08-26,11,Agustus
106,002a28f5-1509-429a-add1-ac64cca1b65f,"apk jelek, sampah, gw gk bisa daftar, kode otp gak masuk2, apk gak guna",1,2026-07-02,18,Juli
107,986d18c7-a52d-4587-9555-7cf0d149dabc,"ampun dah susah jdi susah banget masuk aplikasi ini,parah",1,2026-08-05,22,Agustus
108,c6ec1964-cf82-4a22-ba28-b7b92b1afef8,"APLIKAS TIDAK JELAS,MAU DAFTAR AJA SUSAH",1,2026-08-03,12,Agustus
109,024a35f7-67fe-46bb-83c7-17bb6d2973ac,"klen kalo gak bagus buat aplikasi, gosah sok2an suruh semua orang daftar pake jkn mobile, aplikasinya bodoh, lelet, skrg org pake aplikasi buat mempermudah, malah dipersulit harua daftar2 manual lagi, perbaiki dlu kualitas aplikasi jkn ni, baru promo2",1,2026-08-31,22,Agustus
110,ef1684a1-a69e-43fd-897d-bb3b1b90f252,👍👍👍,5,2026-08-11,19,Agustus
111,68d02d41-1226-4098-93b3-b68516b55a6c,"apk apaaan nih! makin menyulitkan hidup saja tbtb logout sendiri,uda masuk masih aja gbs TLG DIPERBAIKI YA! KASIAN ORG YG MAU BEROBAT, SKR KLO.MAU BEROBAT HRS PKE JKN DAHULU!",1,2026-06-26,0,Juni
112,93dfa906-e7cb-4055-b2f8-347196024449,Aplikasi ini benar benar sangat membantu trimakasih,5,2026-08-03,7,Agustus
113,5aa10e75-ecd1-49c2-9666-716dc880648c,Alhamdulillah...,5,2026-06-03,11,Juni
114,db092a3d-ffa5-4be8-876c-513ca105c20f,"daftar aja susah, ga niat bikin aplikasi, masa kameranya dibikin mirror, jdi susah klo scan muka, selalu gagal",1,2026-08-18,14,Agustus
115,2a6d725a-0279-41eb-b58e-68140074c88e,coba perbaikin dulu sistem captcah nya jelas2 sudah seusai malah di baca salah mulu.,1,2026-07-06,10,Juli
116,4eb18825-3e41-4ba1-a657-8e0190df204f,ok,5,2026-08-17,21,Agustus
117,c87c3fe8-80ca-43a7-adca-77f3ac82c426,makasih udah membantu saya dengan mudah,5,2026-06-25,21,Juni
118,b8a8eaf3-13c3-46cd-b316-193880c35f02,"Tips buat yang verifikasi nomor, wajib ada pulsa di hp senilai 5 ribu, abis itu pesan kode verifikasi bakal nyedot pulsa sekitar seribu rupiah. Beberapa kali login dan ganti faskes sering eror, perubahan faskes harus nunggu 1 bulan :)) tolong di upgrade lagi kecepatan registrasinya. era sekarang udah ada AI",3,2026-06-21,14,Juni
119,b26242c5-215f-4287-ac3e-98368e097ce9,bagus,5,2026-07-14,13,Juli
120,36b9414f-b923-444d-9675-f8621b49d921,Mendaftar aplikasi sangat ribet ditinggal keluar cek email cek SMS pasti ngulang dari awal,1,2026-06-23,5,Juni
121,eb8a8c4f-8537-4326-b0ab-598edec22bc8,niat mau aktifin bpjs lagi tapi di persulit dengan verifikasi nomer,1,2026-07-15,14,Juli
122,93e64c5d-b753-45b3-a61c-1bd104ee6782,"rusak cok, verifikasi otp nya ga kekirim-kirim",3,2026-08-19,15,Agustus
123,2599f77c-95a6-4a3a-bf31-8b3153255fab,"gak guna ini apk, buatt streess ajh, masaa kode OTP nya gak kekirim"" udah nyoba 3 nomor sama ajah gak masukkk, tolong di perbaiki",1,2026-08-07,18,Agustus
124,ce4ce082-beef-472d-8895-ad9663c60bf9,sulit di aksesnya panduan berubah trus masuk harus auto debit,1,2026-08-24,21,Agustus
125,4023608d-4a69-4f6b-bd7a-c68b9dfd06fa,"kenapa sih aplikasi punya pemerintah itu rata2 jelek, sulit sekali captca nya gk muncul2",1,2026-07-22,20,Juli
126,da3a38e2-eb6d-42a4-94c8-f8a396516f55,apk macam apa ini permintaan kode otp aja ga bisa bisa,1,2026-08-02,5,Agustus
127,9fc7443a-c69b-4128-b465-d35876c730e7,bagus banget sangat membantu,5,2026-06-28,5,Juni
128,c843739c-8f36-450e-b308-468f22770de6,"percuma pemerintah ngadain pelayanan kaya gini sama aja bohong bagi sebagian orang kesulitan daftar susah sms OTP ga dikirim kirim sampe berhari hari, udah coba sampe puluhan kali ga bisa. padahal sudah banyak yang komplain tapi ga kunjung di perbaiki. mending di hilangin aja sekalian daripada ga guna.",1,2026-06-28,10,Juni
129,a64a7cbf-7fb7-4b49-83a4-48197b55ca8d,kok susah banget buat pembaharuan no telpon bikin susah ambil no antrian .,1,2026-07-31,17,Juli
130,9a8d2d59-9831-4b5c-9abf-89c09ec617a8,mau buat akun gagal terus udah nyoba 5kali lebih,2,2026-07-18,8,Juli
131,38cba5c8-1254-411b-adc2-ad18dbc00789,aplikasi nya bagus dan bermanfaat,5,2026-06-05,19,Juni
132,b18be949-017e-47a8-8b2b-12eef28fe135,"tiba tiba ke log out sendiri, pdhal tidak login didevice lain.. konyoll",2,2026-08-18,20,Agustus
133,92fc1be2-1a37-4331-ac49-2e20bbb13e43,nih dah gw kasih bintang gede BACA YANG BETUL program lo aneh banget mempersulit orang yang berobat tau dikit² update harus login ulang terus ANEH,5,2026-06-11,18,Juni
134,cca34a6d-40e5-4957-8908-0d4dbfe4ee31,Sangat membantu melalui aplikasi ini.,5,2026-06-18,19,Juni
135,1ea7e9f4-4414-4462-9da9-59f6e821dd23,aplikasinya ga bisa di gunakan. gagal terus kirim otp sms,1,2026-08-18,18,Agustus
136,e4d380d7-a79c-4f91-8e16-9f3d5a72f834,sangat membantu,5,2026-07-15,12,Juli
137,d2e4e05f-e002-413c-a313-64e9b7cb9d15,sangat lancar,5,2026-07-09,9,Juli
138,4949e768-e80b-42da-8fe2-79773e1d8960,terima kasih sudah membantu saya.,5,2026-07-19,15,Juli
139,a175e123-952e-4a33-b118-661c33642287,"Repot , tolong apk nya lebih responsif kalo untuk daftar baru perekaman,",1,2026-07-01,11,Juli
140,01bd60f5-cf9a-48fb-a9b3-b98e86da9d75,"chapta yang anda masukan salah, padahal sudah benar. tolong diperbaiki.",1,2026-08-10,9,Agustus
141,d55bbe98-7763-4edc-9138-8306669a4605,sangat membantu,5,2026-08-08,16,Agustus
142,16e3ae80-be2d-407d-9f7e-cd74b9169ced,SUSAH BGT NJIR MAU LOGIN,2,2026-07-28,12,Juli
143,4673aac4-8166-403b-a498-4ba96e479881,sudah lebih baik,5,2026-06-01,12,Juni
144,9802072e-4010-4118-bc02-7661eadc1cab,mantab,5,2026-07-07,22,Juli
145,9b75190c-4e62-4f00-82e9-195aaf8b0956,apk nya ribet log out otomatis tiap mau berobat harus log in dulu.,1,2026-07-04,4,Juli
146,d98294c6-a8e9-42b0-a187-f1ebec4d797c,sangat membantu sekali,5,2026-07-14,19,Juli
147,0cffbc0c-7acb-40c3-a1f8-f00b21cd0733,mantap. mempermudah urusan,5,2026-07-27,21,Juli
148,fe5b2968-6cb9-47a4-920e-9d54c60fac55,mempermudah 👍🏻👍🏻👍🏻,5,2026-07-15,9,Juli
149,5f7d40f6-8591-4d90-a918-06f6014f42b7,"ini kenapa sih? jd gabisa log in, malah muncul tulisan offline mulu. padahal internet juga lagi bagus. ngeselin bgt mana mau di pakai. arghhhhh",3,2026-07-01,1,Juli
150,b2533799-cacf-4b3b-b043-0e2a86714b6b,"banyak keluhan,sistem harus di update agar tidak sering eror,sistem harus melirik dan mengupdate apk ini,jangan diem saja ya,yang lain butuh bantuan cepat,cuma tinggal sistem aja yang harus di perbarui,yang lain mau berobat masa di persulit gagara apk sering eror begini",3,2026-07-03,12,Juli
151,7e7e39ab-2001-40e9-817f-4fa085607585,"Tidak ada pengganti untuk android verai 8.1.0, terlalu memaksakan, tidak semua rakyat indonesia punya hp bagus.",1,2026-08-11,1,Agustus
152,70d83087-28d9-4544-b7ae-2ab2b9430b69,okee,5,2026-06-19,21,Juni
153,ade68745-9815-4052-a1c8-4a3b3cfc382d,"arahannya mudah, jadi kita gampang buat ubahnya",5,2026-07-02,5,Juli
154,4fd50d9b-5081-487d-87b1-87af84a1f84c,tolong sy mau maaukan nmer hp di perubahan data agar bisa di perbaiki di bahian verifikaai nya selalu terkendala ntuk verifikaai,4,2026-06-16,22,Juni
155,fc2730fa-e0a9-49a4-bae7-13f75e08cdcf,Sya sudah terdaftar di regertasi...pas mau brosing n mau masukan id bpjs sama email saya...selalu gagal dgan tulisan mobile jkn terhenti...kasi solusinya dongk,5,2026-08-31,23,Agustus
156,b7a86ade-ab97-45da-a8c5-d48cdf326d6b,pelayanan sangat baik,5,2026-07-18,16,Juli
157,3967aafe-22f8-44a0-a3c9-8791921e6004,leg parah,3,2026-06-05,17,Juni
158,91a6b71c-89ac-418d-8392-a2ce7cfcd4af,"apk aneh, otp kagak dapet2. mau daftar pun sulit kali",1,2026-06-16,8,Juni
159,58228e36-7d33-411e-96c5-17b671ed6a66,tolong di perbaiki verivikasinyangak.bisa masuk..,1,2026-08-04,10,Agustus
160,2a52b494-64f2-48d3-a803-166d8297535b,ok,5,2026-06-04,13,Juni
161,afbccd56-09ae-42ee-80ba-6c46d80aab35,mantap,5,2026-08-10,9,Agustus
162,eea39516-9f55-4a5b-8961-e1505eebe9c7,sangat membantu,5,2026-08-12,11,Agustus
163,0df0968d-dc0f-4403-846c-2362c7ffd638,sangat bagus dan mudah untuk melakukan pendaftaran,4,2026-08-26,11,Agustus
164,a43f25b6-6175-4dd6-afe7-f00783fa3c4e,ingin berobat jadi lebih gampang,5,2026-06-02,14,Juni
165,ae153882-fdfa-41fb-8aff-80b62385e599,gabisa daftar ga di acc terus njir ckss,1,2026-06-12,19,Juni
166,dd7c9e42-97db-43b0-8445-50342cb7443c,sering eror,1,2026-08-01,7,Agustus
167,8edb7f37-ebe7-44a3-bb27-9d19d864a6e4,CAPTCHA NYA LEMOTTT GA KELUAR KELUAR NOTIFNYA JARINGAN TIDAK ADA PADAHAL PAKE WIFI YANG HARUSNYA SUDAH SANGAT AMAT STABIL!!,5,2026-06-11,22,Juni
168,69a3b51f-2674-44fa-ac2b-1aaf24c51ebe,"sudah lama tidak menggunakan aplikasi ini, begitu mau di gunakan minta di update versi terbaru namun tidak bisa di update, mohon masukan min.",5,2026-08-04,20,Agustus
169,66db0928-3801-450a-b828-13f12dce6227,"saya booking utk 2 minggu kedepan sesuai jdwal kontrol selanjutnya, pas sudah jadwalnya ada notif dibatalkan, seenaknya ngomong karena sistem, undur lebih dari seminggu lagi",1,2026-08-10,16,Agustus
170,94100358-69e4-4759-9244-fe8dad8ee25a,baguss...,4,2026-06-24,20,Juni
171,c307b210-f8e7-49d2-b5ad-6150f40f31bd,super ribet. ampun lah. ciri2 aplikasi pemerintah ya gini. semua hal yg berhubungan sama pemerintah udah pasti menyusahkan,1,2026-07-08,6,Juli
172,44af5753-94e1-451d-917b-dc5a5865dddc,sangat membantu dan bermafaat,5,2026-08-08,5,Agustus
173,d18d9695-1bb6-425e-9359-c2864cb161ff,Tidak bisa login padahal password dan captcha sudah benar 👎🏼,1,2026-06-04,9,Juni
174,fb6fc644-18c5-4365-9a83-6c7f982b9fb5,terbaik,5,2026-06-25,12,Juni
175,4ffadfca-e59e-4d26-88a2-d2c1e0f11d18,tolong sesuaikan aplikasinya klo rusak jangan di pake lagi,1,2026-06-03,7,Juni
176,1ebd3ae9-cfd2-4d36-ba4e-86211742c4e1,aplikasi gak guna SMS otp tidak bisa tolong ya di perbaiki,1,2026-07-07,18,Juli
177,6064fe79-c416-433b-8fb8-b4778cec75df,ok,5,2026-06-13,11,Juni
178,417bbbf2-f5d1-4436-905f-25d8ac2f4dc9,Lumayan update,4,2026-08-02,21,Agustus
179,16368940-4b52-42a8-b55a-bbf58d28205f,"aplikasi ta! ,kode otp aja ngga keluar keluar,padahal nomer aja masih aktif,kuota ada,pulsa ada,jaringan full,tapi di aplikasinya error Mulu,kocak hidup di indo,apa aja di persulit",1,2026-06-22,14,Juni
180,02bf1a6d-2283-444f-b88f-d7e50482d816,gajelas... bug nya,1,2026-07-17,13,Juli
181,d41ac293-05f1-4024-bbef-29d9ef521174,solusi terbaik,5,2026-07-17,12,Juli
182,a9643706-5abc-4918-a8ed-2e4eaf78c4bb,mantap terus berkembang,5,2026-08-18,22,Agustus
183,0fbe61f4-f28c-463e-adf0-b8c05b90bb5d,ini aplikasi jkn untuk daftar antrian faskes ke 2 macet gak terlayani..repot. untuk periksa besuk pagi,1,2026-06-30,13,Juni
184,6027f36f-a40d-467c-9741-8db75416f69d,aplikasi luarbiasa sangat membantu rakyat indonesia,5,2026-08-10,18,Agustus
185,f4560e54-a7b6-4514-8f64-431b3b4bd581,sangat berguna,5,2026-06-10,12,Juni
186,0d4fc620-9523-422e-b180-7d94820d73da,sms kode gak muncul semua apalah coba,1,2026-08-21,9,Agustus
187,d0fee5e8-5bd5-4e98-9f58-6a1d93e2a1ac,"Sangat bagus, cukup membantu dan sangat gampang di gunakan.",5,2026-07-14,11,Juli
188,ae170eef-c66d-4997-8d4d-e8caa6d63175,"PENGURUSANYA Ribet, kode otp tdk masuk sdh berkali kali di minta tdk pernah dikirim",1,2026-08-11,6,Agustus
189,0b4c466c-d1fc-4946-b1ea-c92e3f6f425d,SAYA MAU DAFTAR KOK SUSAH SINYAL STABIL KOCAK,1,2026-07-01,3,Juli
190,d64c79d7-13aa-4cc3-957c-8132ed1f3b85,lancar tanpa kendala,5,2026-07-16,7,Juli
191,7b3368b5-9502-426d-a1f9-13db276c0567,"yg berhalangan dokter yg susah pasien. saya bayar bpjs bukan geratis, anak saya sudah sakit mau berobat aja sulit nya minta ampun",1,2026-08-04,19,Agustus
192,6ae7617a-0513-4be9-8a2a-d1e0303e3813,aplikasi ga jelas lu yg bener kalau kerja lu tuh di bayar mau daftar online aja ribet dan ga bisa terus karena nomor otp ga ada di kirim terus lewat sms. sekelas pemerintah kagak bisa bikin aplikasi yang layak apa?,1,2026-07-11,20,Juli
193,15bdc10e-cfa0-4f2c-a0c8-92af76623e4e,"coba lagi terus padahal untuk daftar dan sudah isi pulsa untuk menerima kode verifikasi,nomor juga belum pernah digunakan sebelumnya gimana sih ini udah urgent",1,2026-06-14,22,Juni
194,916e72b8-706c-44dd-bd15-5c59e2a6d539,"sejauh saya gunakan, BAGUS, JARANG ERROR",5,2026-08-01,17,Agustus
195,d2c85930-619d-40ab-ade9-7ba4a718455c,baik,5,2026-07-06,16,Juli
196,c2e2e87c-85db-4c6b-818b-690e4aac5c97,Baik Bagus,5,2026-06-16,20,Juni
197,9daa8c39-ba73-4ad7-afde-6c737529364d,mudah untuk perubahan data n tidak sulit,5,2026-06-07,20,Juni
198,e95b4265-d0c0-4f44-b815-12bb8627e345,"is very good, i like it",5,2026-08-16,21,Agustus
199,7e801d4f-4af6-45eb-9c41-f5fd204a6e61,"TIDAK BISA MENDAFTAR ONLINE, KETERANGANNYA NO REKAM MEDIS TIDAJ TERDAFTAR PADAHAL SAYA SUDAH TERDAFTAR. TOLONG DIPERBAIKI SECEPATNYA",1,2026-08-14,20,Agustus
200,ef473115-9461-4acf-b01f-b209f6b6eae5,ok. bagus dan mudah mengoperasikanya. terima kasih JKN,5,2026-06-02,12,Juni
201,8c399670-7bee-4cfb-86df-42b87a092e11,aplikasi bosok,1,2026-08-24,12,Agustus
202,206df0bd-32c7-4ad4-9736-290ac16e05e4,Apk TOLOL,1,2026-08-20,9,Agustus
203,2c31fb27-2f08-4c06-8e69-786d50ef1c53,"Sangat membantu dan bermanfaat banget buat kalangan rakyat kelas menengah kebawah, sukses terus BPJS ❤️❤️❤️",5,2026-07-10,11,Juli
204,b2334b71-6702-4786-a981-7078df72b245,Memudahkan dalam proses pendaftarn difaskes.,5,2026-08-26,17,Agustus
205,34bdbc20-dd37-49ce-a009-125bfce7ff52,"gk bisa verifikasi nomer telp, saran dong",2,2026-08-29,17,Agustus
206,a430a514-9669-4a3c-928b-337daed26e6f,kenapa saat mau ambil antrian kok gak bisa.selalu ada notif di hari yang sama,3,2026-06-29,6,Juni
207,f0d4ef2c-d33e-46ec-aa1a-4a1943c231de,bagus dan bermanfaat,5,2026-07-02,10,Juli
208,1a2892d8-6009-4701-a7be-50209501f850,ok,5,2026-07-29,11,Juli
209,654b0204-5529-4689-bb68-967569f0dd2b,allahu akbar,5,2026-07-15,9,Juli
210,c54747c2-22b8-4ac4-a9ca-75dcb86de006,pake mobile jkn segala nya jadi mudah,5,2026-08-14,13,Agustus
211,f1ede431-aa31-4879-a543-14ef482e85fe,good,4,2026-08-17,18,Agustus
212,527f008f-2fe1-4b69-805d-9ba736fa5d4e,Lebih praktis dan mudah,5,2026-07-26,9,Juli
213,5c018de3-78aa-45ed-bfeb-1065ac68822c,sydah jauh lebih baik hanya sedikit ribet untuk proses verifikasi khusus untuk orang yang tidak paham,5,2026-07-12,16,Juli
214,16faff94-2466-4bbf-b5e5-5831ea17f6c8,"parah, mau login ga bisa di klik masuk nya wkwkwkwk Ampe miliaran padahal budget aplikasi nya",1,2026-08-14,10,Agustus
215,93729d33-e9a0-4b84-9cdb-316c1d46eeb6,bagus semakin mudah pelayanan nyaaa,5,2026-08-15,8,Agustus
216,7ae5003f-0449-4cca-9ef7-209a9c5abc22,update terbaru sekarang sudah tidak mendukung untuk oppo A5S. apa orang yang ekonominya sulit udah gak boleh berobat dengan mudah?,1,2026-06-29,20,Juni
217,c803fc89-7ece-49d4-95e1-9706e411b6b2,"kode otp gak masuk"", perbaiki lagi",1,2026-07-06,23,Juli
218,088ceb61-0dff-4fe6-94db-1ed2c449576b,"verifikasi nya kek ta1 Beneran dah, sorry to say kayaknya login judol atau aplikasi ilegal lebih gampang daripada login ke ini aplikasi pemerintah. ini server buat aplikasi nya segede apa dah kok kayak dikit² eror lah,masalah teknis lah,MBOTTTT!!!!!!",1,2026-06-29,10,Juni
219,97409496-100b-4ef1-8c0e-7d042ba0c471,terima kasih,5,2026-07-30,21,Juli
220,8cd6086c-4fcd-48be-9f60-e683f4559977,GOOD,5,2026-07-02,18,Juli
221,97af7ead-20fa-42a6-a6b0-34fd1dd4ef26,mudah sekali daftar nya,5,2026-08-02,21,Agustus
222,c558fb93-3c7d-4416-a2b4-6c34855b8c3f,ok,5,2026-08-19,17,Agustus
223,efab146a-72ff-4708-ba91-f571205b871f,bagus,5,2026-08-12,17,Agustus
224,4ea07d7a-e5bc-4c8d-9995-791d5b3d6ac8,Ga bisa masuk terus aplikasi payah. mau daftar berobat aja susah orang keburu mati sebelum berobat,1,2026-08-31,9,Agustus
225,aa2c878b-bb89-4bbf-9d48-3a0d8d49f519,good app,5,2026-06-19,20,Juni
226,d0e7ad1a-a04e-4eb8-a227-4efd6cc04ab4,padahal hp tidak keadaan di root kenapa gk bisa di buka?,2,2026-07-10,16,Juli
227,b125ff4e-fb06-4306-99f1-29d93389a68b,sangat baguss,5,2026-07-14,8,Juli
228,fd09b4ba-b655-4ef0-80c8-728cbf30eef8,oprasional terbaik,5,2026-06-03,22,Juni
229,78826cd9-37d0-4826-9b5f-de77a944a5f9,"terbaikkk,bisa rubah alamat lewat hp tanpa perlu ke kantor bpjs",5,2026-06-02,12,Juni
230,888aacab-c988-41aa-8fe7-269a5b7ccbf2,mantap,4,2026-07-28,12,Juli
231,0118c365-b5bc-4ad8-b2cf-2e0d56d3057a,pelayanan terbaik,5,2026-06-05,9,Juni
232,fe929eea-5735-4434-89f1-7a9e5b358a9f,Sangat membantu 👍,5,2026-06-17,17,Juni
233,985ed73e-d4a8-4b1b-99c1-31954e07a421,kenapa harus keluar masuk. masuk nya susah veritifikasi susah. kurang memuaskan,1,2026-08-31,10,Agustus
234,1ad77845-9991-4bb6-bb79-fa20605e36bb,aplikasi sangat membantu tidak usah jauh-jauh datang ke rumah sakit untuk ambil antrian cukup dengan aplikasi mobile jkn sudah bisa ambil antrian online,5,2026-07-31,7,Juli
235,7d227d65-9097-4954-8694-19572e928fab,ok mi,5,2026-08-12,14,Agustus
236,d15047c0-ab53-45b4-9734-7f6f47bdd525,"mending gak usah buat apk ,kalau nyusahin aja. masa kode otp gk masuk².udah coba ganti² nomer. kopett",1,2026-06-08,17,Juni
237,8c6cd5eb-5b7a-4682-978b-3cdd6a314b73,apk aneh,1,2026-08-29,8,Agustus
238,28b0bfd8-02f4-4f5d-b6d7-716a00ec6a06,kenapa jelek banget jaringan mobile jkn ini susah kali buka nya,1,2026-07-01,2,Juli
239,f882496f-d05f-4f80-b50c-365ba4caf20d,Aplikasinya menyulitkan pengguna. Selalu saja ada kegagalan padahal jaringan bagus dan kuota masih banyak. Tolong diperhatikan dan di perbaharui. Kalau begini caranya orang-orang memilih memendam penyakitnya dirumah daripada terus dipersulit seperti ini!,1,2026-08-19,21,Agustus
240,8f943b35-e3db-4bbf-ac5f-231bda71dd4a,"ribet bgt bpjs untuk kontrol, semakin kesini semakin dipersulit kalo mau dipakai. seolah seolah biar ga dipake tu fasilitas bpjsnya",1,2026-08-06,10,Agustus
241,18c1e04e-60ee-47e5-a4a8-ef33a0bdc325,bagus,5,2026-06-22,8,Juni
242,00e29ab5-c4ca-4f41-962b-b1bb4e543505,lebih di permudah ketika ada aplikasi jkn,5,2026-07-21,7,Juli
243,8450e359-eb58-4169-bb09-3a224a400f9c,"nih yah, kalau verifikasi pas registrasi harusnya satu kali aja udh cukup, opsinya nomor telepon atau email, masa verifikasi email udh ok, pas mau masukin nomor telpon harus verifikasi lagi, mending kalau berhasil, nyatanya gagal dan nyuruh coba lagi nanti terus, baiknya kalau email udh ok, nomor telepon boleh di tulis tanpa verifikasi, atau sebaliknya, ribet amat, trus yah, masa registrasi harus nunggu hari kerja, ini aplikasi enggk ada bedanya sama kegiatan offline",2,2026-06-16,17,Juni
244,67615852-9cf6-42a1-be46-61a167ef10cd,"kenapa mobile JKN tidak bisa di buka di handphone saya, sudah bolak balik saya coba matiin hp saya hapus chace bahkan instal ulang tp tetap tidak bisa di buka. cuma blank warna putih.",1,2026-08-01,19,Agustus
245,77cee277-b8ae-4db1-86f4-38355670b494,aplikasi buatan plat merah ya gini...gak guna buat daftar aja susah kode otp gak keluar.... aplikasi sampah yg menyulitkan rakyat,1,2026-06-15,12,Juni
246,1bb6e12b-1d1d-4d2e-84f6-571f7bec3dc5,Bermanfaat Sekali,5,2026-07-29,8,Juli
247,6fd31913-d22a-4b89-9ebf-69b9bb315181,sangat membantu dalam mencari akses kesehatan terdekat,4,2026-07-19,9,Juli
248,e03705ae-fc61-4f5f-9dcb-6bff1bf04b96,sangat bermanfaat,5,2026-08-14,13,Agustus
249,50658ee7-be4a-4c6e-9714-983c8249fab2,data yg diinput tdk sesuai dgn di server,1,2026-06-20,12,Juni
250,1ddcd96a-8e36-4f90-ae96-5efc9eecfcb5,oke,5,2026-06-02,11,Juni
251,2a39203f-0923-4d97-9eab-363f0e0f5c97,terbaik,5,2026-07-15,11,Juli
252,7c3d005e-f555-4d32-9db6-48ca302a6240,"mudah di pahami dan sangat berguna, terima kasih",5,2026-06-18,20,Juni
253,ff386e6d-c52b-4ff0-9676-9b0b234fa0f8,sangatt membantu,5,2026-06-11,12,Juni
254,3487bf0f-8750-4465-a8e2-b63da007c2b3,good,5,2026-06-10,14,Juni
255,6f42a77e-897e-4caa-8aeb-90af1697541c,"jelek bgt njirrrr, mau daftar nungguin kode verifikasi ga muncul² stressss apk jelekkk bintang 1",1,2026-08-13,8,Agustus
256,57645a94-7403-4403-99e8-5b2a836d7316,"Gampang mau rubah faskes, sangat membantu buat daftar/ambil antri an",5,2026-08-17,19,Agustus
257,6d37c1cc-c91f-4905-abd5-843ea9c2a578,tolong perbaiki saya mau login tidak bisa terusss,5,2026-06-10,13,Juni
258,2096c77d-a8f0-4e03-bee9-b7c73b6a6df1,"aplikasi ribet, sudah login pakai akun dan sudah sesuai masih saja gak bisa",1,2026-07-30,16,Juli
259,d65b8cc9-ca2f-4c1e-9497-770e22d29245,"sumpah ini apk mempersulit ,banyak orang yg tidak tertolong karena apk ini",1,2026-06-02,8,Juni
260,c7196d9b-9c82-4883-ac89-8cfe8ac0a135,sangat luar biasa,5,2026-08-12,7,Agustus
261,75184793-24f5-44f8-9fb3-c0661434db7f,gak muncul muncul kode verifikasinya aplikasi gak berguna,1,2026-07-30,15,Juli
262,daf7fda4-5e21-4dda-9464-a14beb1a3383,good,5,2026-06-03,7,Juni
263,2ba1e101-70e2-433a-ab54-9e613f5d49e5,semoga kedepan semakin bagus dan mudah,5,2026-08-31,18,Agustus
264,431874a1-6c1c-43cb-8202-32577368f5bc,bagus,5,2026-07-06,13,Juli
265,bbac9407-9fbb-4073-9e38-7a626ca9ea73,jadi dipermudah,5,2026-07-04,17,Juli
266,406e6230-883f-48a8-b6d6-78a8c7828808,Mudah sekali penggunaan nya,5,2026-07-08,8,Juli
267,dfb93c6b-f589-45f1-96c2-44ef09c1d66b,sangat berguna,5,2026-07-24,17,Juli
268,8ede7535-37d5-44de-9432-677ba5fc37d9,selalu gagal pas verifikasi data nomor handphone,1,2026-07-28,12,Juli
269,2fc9e711-160b-4c66-a685-11082a28b21f,"terimakasih, prosesnya sangat cepat!",5,2026-08-20,17,Agustus
270,6f201ef9-660e-40e6-85a2-9a1c9d657274,Membantu,5,2026-07-30,11,Juli
271,5a010f45-d531-4ff7-b583-619ceec96e4a,sering logout sendiri ...klo gk di buka buka ..mana harus masukin nik segala ..bukan indonesia klo gk syukitin warga,2,2026-07-17,11,Juli
272,029de19c-3067-41bf-8aa8-508a7ccec88b,"aplikasi sampah, tiap mau di pakek banyakan gagalnya,.... alasan yg gagal server, yg masa maintenance",1,2026-07-07,6,Juli
273,b03b0317-9be7-4aa7-8f4b-1742eed22ca5,sejauh ini bermanfaat dan memudahkan proses administrasi awal di faskes,4,2026-07-07,14,Juli
274,c0066d83-f5d1-405e-b544-9277c12ea247,aplikasi gak guna,1,2026-08-25,17,Agustus
275,38cb73e0-2a78-47f5-b297-0c218576e8f7,sangat membantu,5,2026-06-24,17,Juni
276,00a7f08c-e6d2-45b7-8ed9-6b319caf400f,aplikasi gagal tiap verifikasi force close sampah,1,2026-06-18,18,Juni
277,0cadb5b8-2255-4c2e-b3ef-0441bcd25af3,simple,5,2026-06-02,12,Juni
278,921a6e8a-2b2e-4aef-8e15-fc88703f89fd,"udah foto suah verivikasi , sekalinya berhasil , eh verifikasi no hp nya ga bisa2 , ribet2",1,2026-06-03,7,Juni
279,21543a64-f298-496f-96f3-31d7e86f35cf,"apk yg lain OTP udh pke WA, ini msh pke jaman purba. ga ramah penggunaan, jelek",1,2026-07-05,13,Juli
280,c8962887-6954-4282-b4b8-fb0035425c7b,bagus apknya,5,2026-06-23,23,Juni
281,f20f3530-069a-49c3-a85d-d7fb2a7a1b5f,"aplikasi sampah menyusahkan masyarakat,masa udh daftar ga bisa masuk hanya karna auto debit kan aneh emang hidup di Indonesia ini memang Sengsara",1,2026-08-12,13,Agustus
282,804258c1-ab70-4047-96d9-c740d6614998,mau masuk aja susah bgt ada masalah terus padahal nik dan sandi sudah benar,1,2026-08-25,15,Agustus
283,c5c59e1c-80b2-40d0-9772-86f482505672,bagus,5,2026-06-05,15,Juni
284,ab8b67c5-5eba-41c0-b2ea-94fa8a7d7be0,mengapa saya tidak bisa mendownload apk ini lagi,5,2026-08-16,2,Agustus
285,90210765-28c0-4911-bbdc-1d7568ffc3f4,mantap,5,2026-07-21,18,Juli
286,09f18972-dd42-479e-980a-02aabd3cf40e,sangat membantu,5,2026-08-19,10,Agustus
287,909a4bb9-f2d3-4701-9c84-ce45b2c18d54,"menyusahkan bagi sebagian orang tua yang ngak bisa mengunakan smartphone apa lagi orang tua yang ngak ada anak sama sekali,jangan menyusahkan saja orang,BPJS ada kenapa harus online segala mempersulit orang yang lanjut usia,sekian terima kasih",1,2026-07-13,10,Juli
288,8c931c63-15fb-4f6c-8dfd-e619ca8137cf,apk mempersulit TDK bisa login,1,2026-08-14,22,Agustus
289,6d66cec8-3fe7-4e1a-a36a-bb0559a16500,"gak bisa masuk otp sangat buruk,aplikasi apa bukan memudahkan masyarakat malah menyulitkan😮‍💨😮‍💨😮‍💨",1,2026-07-01,14,Juli
290,c4d941fa-241f-4df6-852d-0ab537dc58de,josjis,5,2026-08-09,10,Agustus
291,277f87dc-9a12-4260-a9d8-83cd149b422e,"aplikasi nya jelek banget banget sumpah, aku mau daftar malah tah kemana lari nya, mana verifikasi nya ga ada terkirim"", verifikasi wajah nya juga ngelek"" pliis deh di perbagus kan lagi",1,2026-07-28,21,Juli
292,49289e88-53cc-4582-ad3b-b692d75224a0,"Sy coba donlod, ternyata terlalu ribed, Sy mengakses rehab cicilan gak bs!",1,2026-08-07,9,Agustus
293,a39d8d30-ca43-42e3-8bb3-5acabaaba027,ketika menambahkan peserta aplikasi tidak dapat merespon untuk pengisian no KK nya tolong aplikasi nya diperbaiki lagi kami sudah bayar pajak coy,1,2026-07-20,3,Juli
294,f79fc125-aa09-45a8-9670-58a7acea5c82,masih banyak error jadi ribet di pake,1,2026-08-24,7,Agustus
295,88a01773-6597-446c-85b2-e243326df90e,bagus,5,2026-06-26,20,Juni
296,69a2d4d8-cf5e-40be-b13d-01c41b6e9dea,bagus,5,2026-07-12,17,Juli
297,db2cdd5f-7849-4155-9474-2d1fda5b1a9c,hallo KK kenapa d hp saya tidak bisa update aplikasi lagi.. ktanya harus hubungi depelover ny.,3,2026-07-30,18,Juli
298,3bed3490-b33a-46bf-a2b5-cc92ba1f8a4d,mantap,5,2026-08-02,19,Agustus
299,917da4f7-03d4-4f22-bf73-66cf5fc3cafb,ok,5,2026-08-07,16,Agustus
300,3010bd7c-3d8a-4bac-abb4-d1cc6f70e62d,terlalu banyak masalah setiap mau masuk aplikasi selalu terjadi kesalahan mohon untuk lebih diperbaiki lagi,1,2026-08-18,21,Agustus
301,ecec497c-ea0e-4f41-ab6c-4f21b7aeb370,kenapa jkn mobile egk bisa dibuka ya,5,2026-08-10,19,Agustus
302,1f7e9797-518b-4349-935a-a744a64abdc5,mudah dimengerti,5,2026-08-16,12,Agustus
303,ca66da79-773e-45e1-b2a2-bc25171eebcb,"LU MENDING BEBENAH DAH!! MAU WAR ANTREAN FASKES RS SUSAH BGT PERKARA JARINGAN PONSEL YG KATANYA OFFLINE PDHL AMAN & KENCENG AJA, DZOLIM LU ISTIGHFAR",3,2026-06-12,0,Juni
304,2d0db8bc-e854-485f-8a16-53fd334028c6,semoga lebih baik pagi,5,2026-08-13,10,Agustus
305,becf0329-32bc-4c56-928e-d7e2aa5b31b7,sangat mudah digunakan responsif sehingga memudahkan registrasi antrean,5,2026-07-28,7,Juli
306,21fb228d-09b8-4aa3-a318-4f662d7be8ac,TOLONG PERBAIKI APLIKASI NYA! GIMANA SI KODE OTP UDH SEMINGGU GA DI KIRIM² JUGA SAYA BUTUH UNTUK DAFTAR KE RS TOLONG UNTUK KE DEPAN NYA JANGAN TIBA² LOG'OUT SENDIRI PAS MAU MASUK KAN JADI LUPA PASWORD MANA SAMPE SEKARANG KODE OTP NYA GA DI KIRIM² GEDEG BANGET SAMA APLIKASI INI TOLONG YAA SEGERA DIPERBAIKI! JANGAN EROR MULU INI ITU PENTING BAGI ORANG YANG SAKIT,1,2026-08-31,20,Agustus
307,562978ef-234a-4777-8e41-b3289500aa9e,tolong perbaiki aplikasinya masak setiap ambil antrian online dgn data yg benar selalu gagal alias Can't,1,2026-08-29,6,Agustus
308,544da5c9-a742-43bf-80ff-be290cdd3dcf,"gajelas otp nya ngga ke kirim""",1,2026-06-16,22,Juni
309,d82eced2-0116-4795-a2f5-b0b082057f7a,Terlalu ribet,1,2026-06-29,8,Juni
310,1b4b49e6-abbe-4729-a18c-d978572ff063,sangat membantu ketika berobat,5,2026-08-07,20,Agustus
311,2ec25f7e-37c0-4ecc-bb0d-901aa92d41b9,susah ah aksesnya. lemot juga. mau daftar mobile lama bener responnya,2,2026-06-09,8,Juni
312,8b27ff5a-c861-40da-a5c8-4ede15e3f1ce,"alhamdulillah pelayanannya cepat,dokter,perawatnya juga ramah2🙏🙏🙏",5,2026-06-15,12,Juni
313,2bffa0c4-142d-465d-ba47-c98b13cbfd5c,"susah login, aplikasi gak bisa 7x24 jam padahal pelayanan masyarakat tapi harus sesuai jam operasional kantor AAANNNEEEHHH GGAAKK LLLOOOGGGIISSS!!!!",1,2026-07-22,10,Juli
314,8b0975a3-2b42-4a49-ae37-78dfa1506d3c,ok,5,2026-08-31,12,Agustus
315,39b34c4a-daa9-448b-b572-1e44d4f38a3e,mantap aplikasi nya cepat proses nya,5,2026-06-21,11,Juni
316,aefba0d2-fdf9-40d7-8b83-ec9f8aac77b8,sangat membantu,5,2026-07-22,11,Juli
317,deafc142-7c5c-4864-84c0-7b6dd59105c7,mantap,5,2026-07-03,2,Juli
318,990809da-a3b7-4ebe-806b-efedc90ef1b7,mantap,5,2026-08-06,13,Agustus
319,71a21719-3a98-48a3-a480-05342190e2e8,"aplikasi lawak, daftar aja susahnya minta ampun, klo gak niat GK usah bikin aplikasi ini",1,2026-07-20,8,Juli
320,c87732a9-5906-4ee3-98aa-1a887ccdc922,aplikasi ini udah keseringan error. dulu bagus...sekarang kurang bagus.,3,2026-08-31,8,Agustus
321,32d00d31-9a77-421a-a180-973f15e3f7c7,sangat membantu,5,2026-07-06,20,Juli
322,90b402f2-ebda-41e6-a8f8-4a6e964e2de6,"bagus ,,ubah paskes mudah",5,2026-08-26,16,Agustus
323,0d2564e2-efc5-45fe-b7cb-861bfce9f09c,mantap,5,2026-07-23,14,Juli
324,c8ff6c3d-0221-4e46-ab5a-4a3899755d79,Akun keluar sendiri. Susah login.,1,2026-07-31,23,Juli
325,dc8d6755-97dc-46d4-8c2b-3aabe67ac8b2,Sangat membantu ketika pindah tugas kerja.,5,2026-08-20,16,Agustus
326,d33f1ff4-72be-414e-a48a-8fcafd4b758f,dengan adanya Aplikasi ini memudahkan kita dalam urusan pendataan,5,2026-07-06,8,Juli
327,57b2eca3-82d1-4e30-a31b-684e2d5b1462,Di bagusin lagi,5,2026-07-01,1,Juli
328,07855eb6-0716-47ec-ae78-77ad65e8d972,mantap pokonya mah,5,2026-06-12,10,Juni
329,162b2fb3-8f2d-4e67-b94c-6e1b6b5a7181,terimakasih sangat membantu mempermudah pelayanan,5,2026-08-05,15,Agustus
330,de7664c6-e17f-4c52-87a5-2449a91baa04,kenapa susah daftar ya,2,2026-06-17,7,Juni
331,66d531df-18e6-486a-bbc6-00489a26e9af,"Aplikasi ruwet sudah login di pakai sekali langsung log out, di suruh login lagi klo no hp yang di daftarkan tidak ada pulsanya, login sampai kiamat tidak bisa login.",1,2026-07-31,19,Juli
332,cc12f550-c21f-4dc3-ac02-abaff988e39b,saya sangat mudah menggunakan aplikasi.jkn ini lancar tepat sasaran gopd job,5,2026-06-18,2,Juni
333,ca7b2ac7-7cb5-43e7-83f9-edecc221c541,sangat membantu,5,2026-06-25,16,Juni
334,ecd6a327-9a51-4aca-9c18-49616eeb80ae,aplikasi MJKN sangat membantu dan tidak perlu repot-repot lagi ke kantor BPJS mantap,5,2026-06-21,11,Juni
335,b5445624-b639-4a9e-b57f-4a944588d1cf,Mudah digunakan dan semakin lengkap. Sesuai kebutuhan. 👍,5,2026-08-31,14,Agustus
336,6fbd90a1-4fc9-4460-b0f9-19c1176bc283,"giliran dibutuhin selalu ga bisa masuk , offline lah ,apk bodong",1,2026-07-08,22,Juli
337,625fa740-28c4-42f7-909a-a39740091a41,APLIKASI GILA!!!! MASA SAYA MASUKAN NOMOR HP KODE VERIFIKASINYA GAK MUNCUL² UDAH 10X INI LOHHH!!!,1,2026-07-07,17,Juli
338,6b505769-c181-41c5-9038-40f5979af20c,susah sekali buat daftar faskes tingkat lanjut selalu error gak worth it,1,2026-06-30,15,Juni
339,91df38d2-80e5-420e-bb6d-f51e3cda7799,"Tolong dong, aku dah pake 2 kali ini apk syukur masih manjur. Tapi kenapa pas saya pake lagi, mau daftar nomor antrian malah tidak bisa, katanya ""permintaan belum bisa di proses"". Mau di bilang habis masa rujukan, eh tapi belom habis masa nya dan baru hari ke 2 kontrol ke rumah sakit (karena katanya batas kontrol RS itu hanya 3 hari).",4,2026-08-31,14,Agustus
340,85a3c8e0-4335-459e-992b-e978a6d96f89,mantap dan sangat membantu,5,2026-06-18,6,Juni
341,3dff58d6-866f-4170-924f-e98f359115e6,mau verifikasi no tlp tidak bisa di klik padahal hp dalam kondisi normal. padahal mau ngambil no antrian buat berobat besok malah tidak bisa,1,2026-08-07,15,Agustus
342,ecdddf8c-b652-4e75-a9f5-3bf8b9ccccec,"aplikasi apa ini coba ,,gw udh bolak balik daftar udh giliran di buka blm daftar gara2 lupa pasword,,,di ulang2 tetap aja begitu,,ampe bosan ga bisa2 masuk ,,saya sdh klik lupa pasword,,,di cba gagal lagi gagal lagi🙄 tlng lah fi benahi ini aplikasi penting dan banyk di gunakan masyarakat ,,di permudah lah tolong🙏",1,2026-06-17,11,Juni
343,7074d3ab-3279-4e9b-8d32-6c172a659393,sangat membantu,5,2026-08-05,17,Agustus
344,63008a9c-4c2a-4007-947d-53fd0ef945eb,sngt membantu skli ... ba cek riwayat kesehatan dan bs jg revisi alamat,5,2026-07-02,12,Juli
345,55ce3f8b-51d6-4e03-bc95-7c6f9fba5951,"kenapa setiap mau daftar antrian selalu tulisannya gagal,dan sedang offline,mohon di perbaiki,udahdi unintal pun sama aja,sedangkan jaringan internet ga bermasalah",3,2026-07-08,13,Juli
346,fb731a02-4f48-4649-9c71-57429396a5a9,"ntah lah, susah banget ni aplikasi, mau login aja gak masuk masuk, ngulang ampek bengek, nyebeliiiiin",3,2026-07-04,12,Juli
347,5bf97d83-8f07-48f0-bd0c-37e42d5ace64,apk susah untuk daftar,1,2026-07-22,19,Juli
348,21469d9c-d208-44f2-9ca3-25389bad64ce,kalo aplikasi gak siap pakai jangna paksa semua harus pake aplikasi JKn dong,1,2026-07-08,10,Juli
349,2cb3702b-5e02-4ba8-91d1-1e2660357a5c,"saya mengusulkan untuk info riwayat kesehatan jangan hanya satu orang saja, tapi harus yang ada diaplikasi di diberikan skrining kesehatan biar tahu riwayat penyakitnya semua anggota keluarga yang ada di aplikasi BPJS JKN",5,2026-08-19,16,Agustus
350,f1735cc5-2f19-4e0e-8abe-e3e4208a2450,"mau mengaktifkan BPJS ""permintaan anda belum dapat diproses"" mulu",1,2026-06-02,10,Juni
351,6cee9946-8548-4cb3-ae0d-1c2f747d952e,"aplikasi gak jelas gak bisa login, captcha muter2 gak muncul2",1,2026-06-25,21,Juni
352,d52158c9-2cd3-4cff-8645-37b6473b7b60,terbaik,5,2026-06-11,12,Juni
353,da645759-3215-4391-9d0f-05748be9fe5e,apk apa lah. kode otp aja nggk muncul²,1,2026-06-02,19,Juni
354,d1f35d61-0f25-4ab7-8756-8db9bdbd2d6f,pelayanan cepat,5,2026-06-21,19,Juni
355,1ce5bea4-74db-46f5-bc89-040e0ca350f3,"gara-gara aplikasi ini saya jadi gak daftar gigi 4× padahal udah ada tulisan ""Nomor Antrean Hanya Dapat Diambil 1 Kali Pada Tanggal dan Poli Yang Sama -F1"" padahal saya belum dapat sama sekali nomor antrian dan ketika melapor di mobile jkn mereka hanya memberika solusi berupa pendaftaran melalui web, wa or offline. padahal mendaftar di web pun gak bisa harus lewat aplikasi, begitu pula lewat wa pun gak boleh dan di klinik mesin pendaftaran pun sudah tidak ada. APLIKASINYA JELEK 👎👎👎",1,2026-07-09,6,Juli
356,bd0a4746-7043-4265-8fec-f103e54791de,Giliran udh bisa otp VERIFIKASI WAJAH DI PERSULIT GAGAL MULU.👎👎👎👎👎👎👎👎👎👎👎👎👎👎👎👎👎👎👎👎👎👎👎,1,2026-06-01,13,Juni
357,c91991e6-d958-4db5-af5e-f929e1f55f58,👎🏻,3,2026-06-22,12,Juni
358,d0c764a3-7f9c-4669-833c-b6ae58534eb5,sangat memuaskan,5,2026-06-14,11,Juni
359,0d21a375-7773-4f63-9b4c-d2afcbe7d2d2,mantap,5,2026-07-27,20,Juli
360,29421f51-7811-4eb2-bb4e-9ecdbc0bfb2d,sangat susah mencari surat rujukan digital,2,2026-06-03,20,Juni
361,5c65940f-1bdb-4f28-af22-ad653f04a6ac,baik pelayanan bagus walaupun anak magang,5,2026-07-27,14,Juli
362,d8811b85-bff4-417e-8d54-8d7f3ab95814,semakin cepat dan akurat,5,2026-06-29,20,Juni
363,b085e850-7236-40f4-94a8-98142e45f23f,bagus,4,2026-06-08,8,Juni
364,f0af5171-2327-4955-b982-946f26f27e41,Bisa mendaftar ke faskes dengan cepat dan tampa berlama lama menunggu,5,2026-08-24,7,Agustus
365,610c36c8-3fe6-4c6f-9b65-4607f55106df,ok,5,2026-08-15,20,Agustus
366,e7ebfc7c-2f9f-45ba-88a8-da34a080cf97,ini krnapa saya masuk nomer hp otp ngga ada padahal nomer sudah bener,4,2026-08-19,17,Agustus
367,93d0b09c-eecd-454e-a51c-67125c5b6003,"aplikasi aneh minta kode nggak di kirim"" rugi kah nolong orang cuman mau daftar aja sms di persulit",1,2026-06-23,19,Juni
368,a709a9e6-bde4-4c58-a084-370afbcbd79b,layanan oke,5,2026-08-12,18,Agustus
369,b786aa0e-7ff4-47a9-8708-3ffb4223cfee,jelekk aplikasi bodong tolol kode otp sms nggak add masuk sm sekalii jelek banget,1,2026-07-06,13,Juli
370,0817ef96-e31f-4616-999a-c7e2400a1867,"Mohon segera perbaiki sistem login Mobile JKN. Saya sudah mengganti nomor HP, tetapi saat proses verifikasi tidak pernah menerima kode OTP. Sudah dicoba berkali-kali dan menunggu cukup lama, namun OTP tetap tidak masuk. Akibatnya saya tidak bisa login dan mengakses layanan. Semoga kendala ini segera diperbaiki karena cukup menyulitkan pengguna.",1,2026-07-17,17,Juli
371,a251708a-a560-4d54-95d6-78fd0d8e9443,ok,5,2026-07-16,19,Juli
372,632fd177-8b34-4b2b-9e31-bcdce18e6318,sering lag bikin pusing,3,2026-08-03,10,Agustus
373,3241edda-09a3-416f-aeb4-6c96f0973b36,"sangant membantu , trimakasih🙏🏻🙏🏻",5,2026-08-01,16,Agustus
374,4f7764fe-c7fb-4361-8d2c-7ba35dc79ab5,mudah digunakan,5,2026-07-28,10,Juli
375,dea0ec7c-3d00-41d1-a737-f59a79669bd6,mantap,5,2026-07-13,16,Juli
376,bfe8dda6-07a6-446c-abd0-38c7d3ffa1b1,memudahkan,4,2026-07-25,7,Juli
377,a8fd1a23-b0bf-4a25-be59-471296a332d5,aplikasi tidak mendukung hp saya. buruk,1,2026-08-22,17,Agustus
378,9d255902-c892-4389-8233-db16324005b9,4 bintang dulu,4,2026-06-30,15,Juni
379,166c9392-bf7a-4791-a6aa-352751594ea6,puasss,4,2026-08-04,8,Agustus
380,de41505b-8ddd-4701-9a29-cb017365abfa,aplikasi mantap,5,2026-06-26,18,Juni
381,47d75ddf-4ba0-4d22-9a75-836673c5c923,"tolonglah diperbaiki lagi lah, erorr terus saja ngak bisa daftar online. mending offline ajalah cepat. online malah repot lama lagi.",3,2026-08-04,9,Agustus
382,838a03dd-ae94-4d1f-a147-98b6e4a57591,susah bgt mau daftar nya,1,2026-08-07,15,Agustus
383,603e74cd-8d6e-405f-81d3-5048ce177a8a,"TOLONG SEKALI INI APLIKASI KENAPA TIDAK BISA DIGUNAKAN, SAYA MAU LOG-IN TAPI CAPCHA NYA TIDAK KELUAR SUDAH 4 HARI DAN KETIKA SAYA MENGGUNAKAN LINK DI WHATSAPP PANDAWA JUGA TIDAK BISA DI GUNAKAN, JANGAN MEMPERSULIT KAMI DONG",1,2026-07-02,13,Juli
384,8b7c195e-18dd-4bf2-9c03-9ee377efa378,eror terus kalo ambil antrean.,1,2026-08-12,18,Agustus
385,e28ff376-5a95-482e-88ea-284ed0ce5093,terimakasih atas pelayananya sangat memuaskan 🙏🙏 sukses selalu buat staff BPJS,5,2026-07-24,19,Juli
386,b63b0202-63a0-4d98-83c3-a0aa97b7c65a,aplikasi mau dibuka login ga bisa. aplikasi sampah...,1,2026-08-31,22,Agustus
387,1c8dcf8a-4a29-412f-87c8-9d66a689ad23,aplikasi bobrok pembodohan publik seolah sistem pemerintah sdh di permudah hnya melalui online padahal bohong apl ini gak bisa di gunakan.!,1,2026-06-29,17,Juni
388,63a2f6b0-612c-44d6-a819-a72fe289c747,baik,5,2026-07-01,16,Juli
389,73e67182-b720-44ac-93a7-46a96c425d54,good,5,2026-06-28,19,Juni
390,81f2608d-7968-414c-bbf4-b51458afc235,Aplikasi kentang🗿,1,2026-08-04,7,Agustus
391,7c6def40-38b0-4dbf-8aa7-c87d18821a93,"aplikasi macam apa ini ?? bukannya memudahkan pasien malah makin menyulitkan. setiap kali mau daftar online selalu servernya down. ""Permintaan anda belum bisa diproses"" lah, ""anda sedang offline"" lah.. padahal sebenarnya jaringan juga sudah stabil dan lancar 👎👎👎",1,2026-07-06,9,Juli
392,8cbba076-38a0-4a5b-bb66-0a30ef9835a2,buat kalian yg daftar tapi gak Nerima kode otp ya kalian isi lah pulsa kalian wifi sama data Kelen lancar tapi kalok gak ada pulsa ya percuma bujang jangan lah pelit kali isi pulsa 5 ribu pun tak mau pulak an,5,2026-06-10,9,Juni
393,f61b8d9b-5951-495d-a1cc-1303b2d2a5bc,"ga jelas tiba2 keluar sendiri akunnya, giliran maasuk lagi ga bisa aneh bgt.. gaush deh bikin apk klo ttep ngeribetin",2,2026-08-18,21,Agustus
394,a573052f-76f7-45aa-865b-6a348d29b0a1,"males, uninstall aja login Mulu aja",2,2026-06-19,21,Juni
395,3c6f3e97-5df9-490f-ac2e-e249fb71980a,lama verifikasi ngga bisa² anak saya udah parah banget sakitnya🤦,1,2026-07-05,20,Juli
396,cf552293-3833-42be-83c6-0847eda06077,"captcha tidak muncul padahal lg perlu aplikasi jkn , jelek bgt padahal sinyal udah bagus , mau daftar faskes aja susah amat gara2 captcha ngeloading terus dr kemarin ! tolong ini solusinya gmna supaya captcha jkn muncul??",2,2026-08-08,5,Agustus
397,abade524-9be4-45f3-8681-0360d1c5bc3d,ngotak dikit kau yg bikin nih aplikasi,1,2026-06-27,6,Juni
398,0ae29d7b-0fe7-4261-90df-182c4a9b5191,alhamdulillah ganti faskes cepat,4,2026-07-18,7,Juli
399,3b6e102c-c10a-4f45-8f06-eb6d53275214,"lebih mudah, tapi tolong lebih cepat lagi pelayanannya ya... terimakasih",5,2026-07-17,11,Juli
400,ec941329-0336-4903-b1a4-74faa3dd50b8,jelek banget aplikasi ini 20 kali daftar gak bisa terus.. emang nyuruh umum yah biar kaya rs.nya orang miskin di suruh umum haha,1,2026-07-30,6,Juli
401,fd2aef90-9e44-430c-aa0f-76c6f902a57d,sangat mudah & membantu,5,2026-07-29,20,Juli
402,494e47f2-3a70-461f-8618-5bbef8937e61,top,5,2026-08-20,13,Agustus
403,8f138187-32cc-44eb-9710-b3e8c2ae9591,sangat bagus aplikasinya,5,2026-06-08,15,Juni
404,abc4e4e1-6aab-44f2-92a3-ff402288a525,"aplikasi eror, pembayaran sudah sukses tapi diaplikasi masih belum terbayar aneh",1,2026-08-10,7,Agustus
405,ae39a508-1419-4227-95bb-4e86e4922c2d,KODE OTP TIDAK ADA!!!!!,1,2026-07-19,12,Juli
406,6db40ed2-24b9-4c62-aeb5-309f52c1e3f2,lumayan bagus 24 jam aktif,5,2026-06-21,1,Juni
407,baf891f4-4fc6-449f-9c1b-68a6523d28b4,sangat puas dengan aplikasi jkn,4,2026-06-19,16,Juni
408,07ba3f94-85f2-43b5-8d49-08066c62e40b,"jlk kode verifikasi g muncul trus, verif wajah susah pdhl udh sesuai tpi ggl trus",1,2026-06-08,20,Juni
409,e3322068-87b0-4360-b9ee-032f5e70c82c,"Tolong perbaiki.. tidak bisa dipencet tombol login, meski NIK, password dan capcha sudah diisi.",1,2026-07-23,17,Juli
410,a1232877-4191-4cc6-9fc4-2ff210ce1aa5,"APK gak jelas, udah berkali kali nungguin kode otp ga keluar keluar lain kali pake WA aja gatau aja ada keperluan yang lain",1,2026-07-06,15,Juli
411,3180d40d-88d5-4383-aad3-168dff6cc60e,"sering masalah appnya, dr tidak muncul no diantrianya, antrian dibatalkan tdk bisa reschedule, admin di rs tidk menguasai aplikasi, admin rs suruh lwt mjkn, mjkn no antrian tdk bs batal. call center bpjs bilang hrs dari admin rs rujukan. saling lempar tidak ada solusi, paraaaaah",1,2026-07-08,8,Juli
412,10716644-66cc-4861-88b6-d4a202b10f9d,perangkat tidak bisa dibuka,1,2026-07-04,12,Juli
413,c990e58e-8095-49a2-904a-dc922f9d02b9,sangat membantu,5,2026-07-14,10,Juli
414,86e77863-b686-4b45-bfe1-fdaf73d3605d,Sangat membantu dalam pelayanan keaehatan,5,2026-06-30,9,Juni
415,fef375e3-7efc-4812-bff3-31bea7ca39f9,jempol,5,2026-07-03,19,Juli
416,a8ae6876-f122-4d52-879b-fbd9a9e7be7e,ok,4,2026-07-08,11,Juli
417,5476bcdf-7f04-4464-9e10-da7e92938629,dengan adanya aplikasi ini membuat saya lebih mudah melakukan pemindahan data atau antrian dalam pelayanan kesehatan,5,2026-06-27,13,Juni
418,a3414dc4-6a30-461b-8212-3807b1a5e9e1,tdk update,1,2026-07-01,10,Juli
419,b1a80c70-a66a-4192-8395-24beb64114d5,sekarang sulit untuk masuk untuk mendapatkan kode capcha,3,2026-07-18,22,Juli
420,1a9915dd-4fbe-487c-889c-1d2da34aaf17,gak bisa diakses karena verifikasi nomor telepon. Perbaiki secepatnya,1,2026-07-14,7,Juli
421,448d2397-743f-4311-962c-bf49691d13da,hp normal gak root kok dibilang root. kacau,1,2026-06-03,17,Juni
422,0d29b169-ab74-484f-aee5-7597311dcce8,"klo mau perbaikan itu tengah malam, jangan sekarang jam 19:15 ga bisa error semua",1,2026-06-30,19,Juni
423,3b8da4ba-a3b5-4732-ab68-1e3796d1c380,"selamat pagi,,,saya terkendala pas masuk ke mobile JKN dari kemaren gak bisa aj buat daftar di faskes 1, hari ini saya coba daftar lansung ke faskes 1 pake nomor antrian sementara dan itu juga belum tentu bisa di periksa dokter nya. minta solusi terbaik, agar aplikasi bisa digunakan kembali, makasih",1,2026-08-28,9,Agustus
424,685de530-a8ca-4cfe-88b1-6996d4bc72dd,woi kok verifikasi wajah miring susah bener,1,2026-07-16,21,Juli
425,5b752b23-115b-4680-9bf7-15149de4eded,keren,5,2026-07-28,22,Juli
426,560645eb-466e-45df-ad65-8c6687e8b8db,apk gagal total. login tidak bisa2. verifikasi nunggu sampai 3 menit sampai 5 menit tp tidak bisa login jg. apk tolol.,1,2026-06-09,10,Juni
427,ece74bac-0937-4df3-8295-cefb9c524942,"aplikasi gajelas mau sampe kapan pun rakyat selalu di bikin susah, antri puskesmas harus ambil antrian di aplikasi ini kirain bakal mempermudah malah makin mempersulit toolol",1,2026-07-02,9,Juli
428,bfec508b-a305-47b6-8f17-bc7f3708ec74,sangat memudahkan cuman untuk pelayanan di rumahsakitnya dong di perbaiki trus biar makin baik,4,2026-08-31,9,Agustus
429,f2ccba6e-0f10-43ab-8684-b469cd88c3ae,tidak bisa scan wajah saat mendaftar,1,2026-07-22,18,Juli
430,4be7bd84-2901-4497-b577-b3f6bd881407,aplikasi goblokkk udah di download berkali kali tapi otp nya gamasuk masum,1,2026-06-15,11,Juni
431,cfe92304-7587-4a46-87ca-a3fc4f423708,useeless,1,2026-07-05,15,Juli
432,8178498b-23f1-4fbb-b1db-56aa080ee933,sangat mudah di gunakan,5,2026-06-17,14,Juni
433,939cb6b0-dff5-40e9-b1d9-a83157be2d4c,keren aplikasinya,5,2026-06-01,20,Juni
434,23d47b6c-5ad7-4c42-a8b9-3bfffd0eb477,"Aplikasi aneh nyusahin pengguna, setiap mau daftar selalu re-log trus selalu salah di passwordnya kalo ga password NIK yang salah padahal udah sesuai semua. Tolong banget upgrade aplikasinya jangan nyusahin rakyat mulu. Gaji kalian dari rakyat jangan cuma enaknya doang tapi ga ngenakin rakyat/penggunanya. BLOK",1,2026-06-22,7,Juni
435,c3f2de31-7c8d-49b7-a87d-ba1d8c507afe,sampah aplikasi gaguna,1,2026-07-01,20,Juli
436,837b117d-868d-4543-b950-575ac3afbf46,aplikasi makin jelek nyusahin doang,1,2026-06-30,22,Juni
437,024fdf22-6c56-4efe-8eeb-e297261e670b,sangat membantu dalam kesehatan saya dan keluarga,5,2026-06-12,19,Juni
438,9e04b366-8647-48a3-a882-f846bdcebd88,sering erorr...masuk login susah.,2,2026-06-05,16,Juni
439,cf688046-40d9-4750-bf06-c35352789d0b,bagus..... terimakasih bpjs.....,5,2026-08-07,18,Agustus
440,05e583a7-6733-49c6-9ff0-285affdc9148,"selalu dengan permasalahan yang sama, otp tidak terkirim tolong di perbaiki lagi",1,2026-06-17,18,Juni
441,cff796b6-3c42-487a-b981-d94e9bf66520,"bukannya mempermudah malah sulit, verifikasi wajah susah,padahal sudah terang kondisi ruangan, verifikasi kode otp juga tidak dikirim ,padahal sudah standby di pesan masih tidak ada notif masuk,keburu meninggal orang yang sakit.",1,2026-07-18,7,Juli
442,35df71a3-5206-437a-a77f-aa3d08750647,Aplikasi sampah,1,2026-08-06,5,Agustus
443,421534d5-aa92-4bc0-8abc-6e8a13bbf2e9,good,5,2026-08-30,13,Agustus
444,33f47a95-1a4b-4fd0-be12-9ccd5047e77c,Saya Sebagai PESERTA BARU BPJS Semoga Bisa ada Manfaat nya untuk KESEHATAN.,5,2026-07-17,18,Juli
445,6fb5b4fe-0a6a-4af5-b02c-3d1820ec6f3c,memuaskan,5,2026-08-23,10,Agustus
446,6730aa9e-be00-47ab-9b3a-da877f41985d,good,5,2026-07-14,8,Juli
447,7f00331d-8173-4029-ac15-ea05c9740e95,JELEK BANGET!!!!!! UDAH PAKE WIFI MASIH GABISA BUKA DATA KEPESERTAAN👎🏻 MALAH MUNCUL PERIKSA KONEKSI INTERNET ANDA.,1,2026-08-18,3,Agustus
448,0715030a-cee3-465f-ad66-e3ef9db1a17c,min kenapa ini gabisa verifikasi nomor lalu minta kode otp udah 3 kali ngga muncul² gimana sih update yang lebih digital lagi yaa,3,2026-07-25,6,Juli
449,1cdec9eb-1293-41f4-936e-a49703354d53,"mw dftar k rs rujukan ga bsa2, udh mw habis wktu di surat rujukan, gegara buka mobile jkn ga bsa wae login..",1,2026-07-25,14,Juli
450,fe40ee9d-1a46-4147-9726-f4db9e535b8d,"aplikasi gajelas, suka tiba-tiba keluar akun sendiri",1,2026-06-06,10,Juni
451,b9d0d534-e6a4-4bdf-b56b-9fa766797035,maaf kenapa ti dak bisa dibuka di hp apa karena versinya ngk mendukung di hp,4,2026-07-06,14,Juli
452,a9005cd7-4448-4b1b-ac7e-f0b35cce236d,"aplikasi pemerintah gda yg beres,ngirim kode otp aj ga masuk²",1,2026-07-31,8,Juli
453,45448d34-7a6c-486c-a604-cb029ae1d8d9,bagus... sangat membantu,5,2026-07-04,6,Juli
454,0cab0785-1b83-4f5f-bff9-fa1282268fe8,"buruuuk banget aplikasi ini, maaf. dari kemarin masuk ke aplikasi gak bisa. ambil nomer antrian untuk ke faskes lanjutan saja lewat jkn gagal terus. sudah 3 hari... bpjs maksudnya gimana? koq semakin sulit, bukanya semakin mudah",1,2026-08-13,13,Agustus
455,20a3e368-7c0f-4d51-bb4c-fcbb8c4ee25a,Kemudahan penggunaan,5,2026-08-04,23,Agustus
456,d2a52145-9f74-47a8-840f-5f8ab3f41e92,aplikasi paling sulit untuk daftar/ login.. hedeh weleh weleh,2,2026-06-15,7,Juni
457,050de9e7-c3a1-4037-8581-26392d08378a,ok mantap,5,2026-06-08,9,Juni
458,c78955fd-4246-4641-b20e-2d8d0b3fe684,proses lancar dgn mobile jkn,5,2026-08-11,13,Agustus
459,13c74bcf-7084-4827-bfd5-2c86878be7c0,kode Verifikasi telepon sangat lama muncul,1,2026-08-21,9,Agustus
460,3706ad24-b48f-44e0-84e4-9c0327a1634c,mudah dan sangat bermanfaat,5,2026-06-13,12,Juni
461,c7e00dab-8ceb-4aef-923b-e6125a7766f8,aplikasi yang sangat buruk,1,2026-07-23,7,Juli
462,ab84255c-e035-46cb-bcff-b7197f6478b9,sangat bermanfaat dalam hal penyelenggaraan jaminan kesehatan nasional bagi para peserta mandiri secara keseluruhan baik pribadi maupun keluarga...,5,2026-06-02,10,Juni
463,4ad0911d-7c22-4fb0-8d6b-8338d7185429,mantaap,5,2026-06-24,14,Juni
464,4d16b6fd-ce3d-47b9-b7dd-cdac7516a13b,ok,5,2026-06-15,20,Juni
465,4e1ab32e-3fff-4bdd-845b-82937e473183,"aplikasi busuk pasword udh bener juga di bilng salah salah gapca padahal bener,nik bener di bilang salah bener""mempersulit orang",1,2026-08-02,8,Agustus
466,d870180c-c934-4fe0-98d5-0b033691b7a6,aplikasi rusak,1,2026-07-21,11,Juli
467,f5e4e4d8-cdca-4de6-979d-ca64397e0113,klo pake aplikasi jdi sat set ..,5,2026-07-10,17,Juli
468,01623fd1-f74d-4fa8-9037-cd22c9521489,ok aplikasinya,5,2026-06-02,18,Juni
469,55481c45-4339-4ccc-9923-fa3e911de460,tolong bantu saya enggak bisa lagi ambil nomer antrian online di faskes tingkat lanjut lagi sekarang,5,2026-08-01,10,Agustus
470,53d789cb-47df-4f43-815e-cc7d98b99127,"sejadul itukah hp saya sampe system nya ga suport, sedih amat yg punya hp jadul kudu beli hp baru ,ga merakyat amat ni aplikasi",1,2026-08-07,20,Agustus
471,803b9813-6098-4995-b8cf-e6d39f56d3d2,jelek g ngebantu,1,2026-07-29,16,Juli
472,75c24f69-0bdf-42d7-9c44-424451b0ddd3,aplikasi busuk loading terus,1,2026-08-01,1,Agustus
473,e8be31cc-9d03-4cb8-bfdd-7483e044adc8,ok is the best,5,2026-08-24,14,Agustus
474,25eb19fd-325a-4c6a-900c-d8941c745880,"sudah dapat surat rujukan tapi tidak bisa antrie. selalu saja penuh, padahal baru 7",3,2026-06-23,17,Juni
475,de769118-2c77-470a-8ae3-e61566d2081b,mempermudah cek kartu bpjs,5,2026-07-27,20,Juli
476,1a3270c1-a7fc-46c8-b4ee-3aa865b34786,bagus,5,2026-07-03,18,Juli
477,3f47a16b-539f-4eb2-b8b0-f18b55c7fda2,aplikasi apaan ga muncul kode verifikasi sms kocak,1,2026-06-24,22,Juni
478,7f9ffa56-cdba-4da4-b319-630904784c7c,ok,5,2026-06-18,7,Juni
479,fb4755d9-2662-435b-acea-f0b7c2ab7768,"layanan 0, sering terjadi gangguan",2,2026-07-31,22,Juli
480,60a638b1-c424-4b96-a9e9-0a3617d7796c,keren,5,2026-06-25,12,Juni
481,e20f731e-a027-4d05-a688-bc7d03b4ab27,aplikasi bodol,1,2026-08-12,8,Agustus
482,1f78981a-997b-49c4-b833-f5f99ee4de5e,masih sering muncul bugnya,4,2026-07-01,6,Juli
483,4b0c162f-4dc8-4869-81b4-6d220e7d6698,mantap,5,2026-07-30,16,Juli
484,74344180-fd83-444e-9f65-c00f0ce107d6,"Aplikasi sampah,mau login aja ga bisa. Semua yg berhubungan dengan pelayanan publik milik pemerintah sampah semua",1,2026-07-16,10,Juli
485,aa30faa7-2c5a-4d2c-b6e2-77b45e68362c,"sumpah mau berobat aja di buat susah, masa di bagian no tlpnya coba lagi trus, padahal no sudah benar",5,2026-06-11,19,Juni
486,cdac7f1d-20dc-4e2c-a4b9-c4be86b76c25,sangat bermanfaat untuk kami,5,2026-06-26,8,Juni
487,ba06788f-fedc-4b2f-a049-bbbfb39cb388,Sangat membantu,5,2026-07-29,13,Juli
488,41979750-d2e6-436e-bc9f-d1524480df02,"masih percobaan, hanya saja untuk ambil antrian kadang susah",4,2026-08-18,9,Agustus
489,52844591-77b6-4c49-9516-c58c92fe9c7e,susah untuk daftar,1,2026-07-09,11,Juli
490,f904ba57-47a2-4d7a-87a2-c137401ec259,"ko punyaku log out sendiri..... sekarang mau log in ga bisa..... jadi mundur jatwal kontrol ke RS entah besok bisa kontrol lagi tidak, karna gak bisa boking dari rumah .",2,2026-06-13,9,Juni
491,256d0ade-239d-444f-adbc-d8bf3a660294,lelet ya sumpah orang lagi sakit darurat lelet serba lelet,1,2026-08-18,20,Agustus
492,3279cdd5-337e-4bbe-9f99-0b55c2035f4c,lebih praktis ngak perlu kepjsnya sekedar ubah data .melalui mobile jkn,5,2026-06-19,18,Juni
493,b1958460-113f-4002-b801-2270b3fe8046,mudah dalam penggunaan,5,2026-06-25,16,Juni
494,175728c5-9293-4f9d-8f2c-631a196f9d4b,"aplikasi sering error, hp normal tapi kedeteksi hp sudah di root 🙃",1,2026-07-20,9,Juli
495,d22601cc-8cde-4bdf-a68d-fc811bbbb9cc,bagus,5,2026-06-19,12,Juni
496,9614bcef-ddb9-409b-90e4-cfdfe65778f8,"Pelayanan BPJS melalui aplikasi JKN sangat bagus karena menghemat waktu, tenaga, dan biaya. JKN top markotop",5,2026-07-29,13,Juli
497,f4b0e0b5-4582-4527-bee7-93efbaf1f903,"mau daftar susah banget, captcha nya loading Mulu padahal kuota atau wifi lancar",1,2026-08-18,10,Agustus
498,5eb37434-0f34-4de7-a13d-71b93fdcf522,terimakasih sangat membantu,5,2026-07-27,9,Juli
499,bfada805-5f30-4f2e-8467-1137616a7d79,sangat mudah dan membantu,5,2026-08-13,13,Agustus
500,94c4a8a2-d5db-4444-9e02-4c7f01af369b,aplikasi tololl daftar gabisa²,1,2026-08-28,8,Agustus
501,e10a4f92-eee4-4286-aaaf-2d75a1e4c247,satset lah,5,2026-07-25,15,Juli
502,92864947-1061-401d-af0e-223433ee6d24,ko sekarang sulit di buka,5,2026-07-23,8,Juli
503,1ed74ab5-8a6e-46e8-b9ef-97871eca76f3,"sering terjadi eror pada device, sehingga saya disuruh login terus",1,2026-07-15,10,Juli
504,858520b6-ef2c-4c5f-a906-afa720f1823b,sangat super duper merepotkan rakyat Indonesia inalillahi wa innailaihi rojiun,1,2026-08-05,8,Agustus
505,f65c91eb-99ac-4a4b-8828-d17693e874c7,mengapa hilang di play store,1,2026-08-15,7,Agustus
506,bef2fe69-1ee7-4b49-8e8a-855578b1c34f,"kode otp sms gak muncul2 , daftar yang ke 5 gak kelar2, mau nyerah tapi udah bayar bpjs . saya kasih bintang 5 biar cepat di perbaiki",5,2026-06-01,6,Juni
507,5167bd11-8a5e-4533-81cc-c7f703332992,"potongan langsung gila , orang uang segitu"" nya langsung kepotong",1,2026-06-20,13,Juni
508,c5980081-479b-4e20-84ac-10ef9a0cde2d,"sangat membantu, memudahkan untuk berobat keluarga saya. terimakasih",5,2026-07-14,6,Juli
509,ca994958-3cb6-4251-b936-7239b11c63d0,kenapa tidak bisa download lagi BPJS kesehatan ini,3,2026-07-04,14,Juli
510,e0a82585-3164-4049-b173-20c1fe047463,"bagus,sangat membantu",5,2026-06-06,21,Juni
511,0959254f-c9eb-4dbb-9836-922daac910b7,"kode reffeal ga pernah muncul, kode verifikasi juga ga muncul padahal pulsa juga ada knp si benerin Napa?",2,2026-06-13,17,Juni
512,a7a86a65-3a16-4160-85e4-2dfb6b10938c,semoga lebih baik,5,2026-07-14,17,Juli
513,a3efad75-35b0-4712-87b4-dcbc81ece50a,sangat baik,5,2026-07-03,11,Juli
514,f8bb7147-6f8f-4459-aa7d-2087ccfd4c49,"mungkin saran, agar poli infeksius di tambahkan, supaya bisa langsung daftar ke poli tersebut",5,2026-08-24,8,Agustus
515,04da2259-0b87-4374-953d-f357e8e8d90a,kasih bintang 1 aja gaes biar mikir,1,2026-08-31,20,Agustus
516,a96c8424-f592-4660-b35d-967ccd585bb5,"aplikasi busuk, gampang eror",1,2026-08-29,17,Agustus
517,8eddaf78-c454-4a67-a677-5a10c07ed5b0,kagak bisa di download,1,2026-06-30,8,Juni
518,c41072bc-1a6d-4cdc-a3d9-9ab05ebaa3e8,ya sangat membantu,5,2026-07-20,10,Juli
519,f5b8b587-5863-49df-9ff8-6af034bb340e,bagus,5,2026-07-31,16,Juli
520,31e664ba-c7f5-4a0c-808b-699b6fcc260c,apan sih suka logout melulu ribet,3,2026-06-08,10,Juni
521,0cdf4d8a-526f-4050-8cd1-88c81a4d7427,"sebenarnya udh liat ulasan dengan kode verifikasi ga dikirim"" dan nyoba bener aja ga dikirim"" ngapain coba bikin aplikasi kalau kaga guna",1,2026-06-06,6,Juni
522,d714b7b1-0c51-4234-b47d-98330dafb60f,aplikasi nya bagus,5,2026-08-28,5,Agustus
523,28481ecc-6ce7-4e14-a258-ed0d4156d602,tidak bisa saya install,5,2026-06-30,17,Juni
524,9566e849-569a-4962-9044-364b6b0c655e,praktis,5,2026-06-14,21,Juni
525,5985b8da-499d-4015-a121-26cbd1640371,"sistem bobrok gak pegawe gak aplikasi sama"" bobrok taunya hanya uang uang dan uang 🙊🙊🙊🙊",1,2026-06-05,10,Juni
526,911b2e67-0a07-4fd6-b2a0-6c06f38bc11c,oke,5,2026-08-29,16,Agustus
527,be191a9e-e818-4283-93e9-fcd5c6a69b1e,"apk jelek, mempersulit orang saja",1,2026-06-30,8,Juni
528,2809df0c-494f-4dcb-a90f-f234d0b8666e,"tahu sih dananya pasti besar buat bikin nih apps, walau ujung-ujungnya uang ke vendor cuma dikit makanya banyak bener bug dan error di aplikasi ini, cuma jangan menyulitkan orng aja dah, niat berobat suruh daftar pakai jkn lah, tpi dipakai aja banyak masalah",1,2026-06-30,21,Juni
529,f88d295e-3a1a-44cd-b48e-afdba05a7d15,knapa tiba2 akun kluar sendiri mau masuk lupa pasword dan ada pilahan lupa kata sandi buruan tinggal minta kode verifikasi malah tidak di kirim2 hadeh payah.!,1,2026-08-04,17,Agustus
530,d59ea77a-ed57-4ee1-a45c-da4a076ad439,"uang yg diutamakan,bukan kesembuhan",1,2026-06-13,13,Juni
531,fcc983d2-3e99-49b7-b800-ff724442eca4,updatenya bisa tfkSekarangkan,5,2026-08-19,10,Agustus
532,a99053a2-5bc8-40a0-aa83-be7cc72beebc,berguna,5,2026-06-25,14,Juni
533,5fd51383-b6c4-4f49-a391-2a5449cec91e,kenapa setiap mau login ga bisa masuk? malah permintaan anda belum bisa di proses silahkan mencoba beberapa saat lagi mohon maaf atas ketidak nyamanan anda. tolong dong perbaiki mau login ga bisa masuk terus 😭😭,1,2026-07-10,17,Juli
534,1fc4ac82-b334-4cad-b43a-ce968a79f350,mobile JKN mantab mempermudah,5,2026-08-21,21,Agustus
535,14564848-6c38-466f-aeb9-a6aef677cd9a,heran kenapa error terus aplikasi gak bisa di buka gak bisa di apa-apain padahal ada wifi ada kuota tetep aja offline tulisannya,2,2026-06-08,5,Juni
536,af779bae-3ca2-406d-bbc8-629294c55886,tingkatkam lgi pelayanan biar lebih bagus,5,2026-08-12,7,Agustus
537,338a1d3d-3f05-42c6-ab3f-fd2220ab8afa,mudah dah tidak repot,5,2026-07-21,7,Juli
538,fa7d1bec-952f-4edc-900f-9ad9d1ce4337,"UNTUK TIM IT MOHON DIPERBAIKI MASALAH KONEKSI KARENA TIAP MAU DAFTAR MALAH ""ANDA SEDANG OFFLINE"" ATAU KADANG ""COBA LAGI BEBERAPA SAAT LAGI"". KALIAN ITU DIGAJIH DARI PAJAK YANG KALIAN MINTAI. DASAR NEGARA BERKEMBANG",1,2026-08-06,4,Agustus
539,11324ee9-2a09-4f99-8de4-a8a12ecfb50c,"Tolong lah perbaiki lagi,aku sebagai pengguna baru di sulit kan dengan yang pertama..1.saat scan dengan wajah dipersulit 2.saat sudah daftar dan di harus kan lagi.. padahal nik dan password yang sama sudah di masukan berkali-kali..malah nggak bisa.. masa baru juga download ni apk bnyk bgt bug nya.. tolonglah.. diperbaiki lagi.. nggak enak bgt tau kesan pertama dapat yang jelek seperti ini..",1,2026-06-11,12,Juni
540,09fb603d-38f5-4f77-a03e-c602b3edef22,memoermudah layanan,5,2026-07-27,10,Juli
541,fd5aa7d4-f14e-4436-acfc-da3e88cced1e,harusnya layanan untuk masyarat itu yang bisa kompiteble untuk hp apapun.bukan untuk hp tertentu yang spek nya harus tinggi.,2,2026-08-26,6,Agustus
542,1450d3db-051b-46c7-a2f2-e1011ede8e0f,apk nya bagussa,5,2026-07-01,18,Juli
543,20c69e7f-c1fb-4012-9d54-6b868784cac7,mantap,5,2026-06-20,11,Juni
544,b583a301-a142-4732-bcbd-0402b2e1335c,"admin dongo benerin lagi sistemnya blok, udah berkali"" masuk no telepon malah ga masuk"" kodenya",1,2026-08-29,18,Agustus
545,7825a172-ce16-4824-9571-127bf6bb68c7,mantapd,5,2026-08-20,17,Agustus
546,9ccab082-694a-498b-bdc4-cee80fb28a8d,sangat membantu dan nggak sulit apl bagus dan mantap,5,2026-07-28,14,Juli
547,738692c8-1020-4971-bf35-5def6eec46de,kerenn,5,2026-08-23,11,Agustus
548,29e247c8-2ad1-496c-8b0b-3e121617a75d,kadang akun nya bisa keluar sendiri jadi harus masuk daftar ulangg,5,2026-06-03,17,Juni
549,c4cb7c63-85cc-4caa-ae16-986ac04897a6,jos,5,2026-07-20,17,Juli
550,11581015-97d2-4640-98cd-52cd2614327c,nih aplikasi ribet bnget cuma mau masuk juga,1,2026-08-12,13,Agustus
551,c7278a49-8689-419a-ad61-17262af2fbc9,baik-baik,5,2026-06-09,7,Juni
552,696f32d5-ff34-4e67-892c-7fe5fa3d9bd6,jos jus,5,2026-06-20,1,Juni
553,6668bdf3-eecd-45d4-8386-e374255cd71d,"kalau berobat ribet harus daftar lewat jkn kasian sama yang susah nggak punya hp sekalinya punya hp 1 trus sudah 3 kali masuk akun tidak bisa masuk lagi kata petugas Puskesmas harus ganti hp, enak bener kalau ngomong.. lagian saya berobat juga pake BPJS boro boro beli hp lagi😭",1,2026-07-16,18,Juli
554,6d898712-6363-4945-9f51-6860740cd0d4,"setelah di update kualitas jaringannya malah semakin buruk, saya tdk bisa mengakses apk ini.",1,2026-08-31,22,Agustus
555,c28e2a9a-61c6-4117-8303-f5699b487318,apk aneh hp tidak di root muncul tulisan tdak bisa akses di hp di root dri awal bisa² saja sekrang tdak bisa ADA APA DENGAN APK MU ?????????????????????????????????????????????????????????????????????????????????????????????????????????????????????????????????????????????,2,2026-06-01,13,Juni
556,4a05d392-a0c1-4cf5-9085-068ba82aff62,the best,5,2026-08-15,8,Agustus
557,1bb2c333-69f6-46bf-81c1-e93981825a72,"PAS LOGIN BUAT IBU GUWA MALAH HARUS INI ITU, BUKAN MEMPERMUDAH MALAH MEMPERSULIT PASIEN, BUAT APLIKASI SESIMPEL MUNGKIN LAH BIAR SEMUA KALANGAN BISA MUDAH MENGGUNAKAN APLIKASI YANG CACAT INI, TOLONG SEGERA DIBUAT MUDAH SU DI PERBAIKI, DI BUAT ULANG JUGA",1,2026-08-09,12,Agustus
558,69412a91-879e-41f0-b655-23f2bb029eb0,mantap prosesnya cepat,5,2026-08-21,9,Agustus
559,8458bbc6-0ef0-4a3b-8d84-6fe3791215ce,mantap memudahkan masyarakat mendapatkan pelayanan kesehatan,5,2026-08-14,8,Agustus
560,833a8735-474f-41fa-a95d-16fbf0c0e483,bagus,4,2026-07-09,9,Juli
561,0dfd9140-4ad5-496a-a622-108714da340a,sangat senang dengan pelayanan jkn,5,2026-08-07,15,Agustus
562,bc51711b-0b6b-4734-8ef0-a715e0ad5298,pelayanan cukup baik,5,2026-07-15,12,Juli
563,ffd9e43e-bde1-4108-96e5-2e5b83cc507d,"aplikasi nya tolong di perbaiki!!!! kode OTP gak muncul "" masuk lewat gmail malah tidak dapat di proses ini gimana mau urusnya ke rumah sakit tolong!!!",1,2026-08-31,13,Agustus
564,a612405c-158f-41c2-803c-6490e4b731b9,kenapa si apk nya aneh banget pas buka offline Mulu ga ada data katanya padahal pake wifi buka apk lain aman aman aja buka apk ini ga bisa terus heran,2,2026-08-13,11,Agustus
565,a9f62767-44b7-41b8-8ef6-1d40426c854b,sangat membantu,5,2026-07-17,8,Juli
566,c6f7d7cb-ec3b-4087-85cb-fa81fd2d3f38,"aplikasi buat emosi, gangguan terus ga tau kapan ga gangguan",1,2026-07-22,8,Juli
567,3379097a-79fc-4690-b281-2ac2d43ce08b,puas banget,5,2026-08-17,18,Agustus
568,eb31141a-590a-4d8d-b948-84696180b434,"sumpah ya ni aplikasi jelek bgt, tiap mau buka pasti harus update versi, harus login akun lgi dari awal bisaa gk si diperbaiki ini mau periksa harus login lagi login lagi padahal aku jarang bgt nulis ulasan gini tpi sumpah ni aplikasi gk bisa ditoleransi bgt",1,2026-06-15,8,Juni
569,f9671817-63c1-4ad6-8612-93fc6283e071,bagus,5,2026-08-17,10,Agustus
570,e658d857-0f6a-4a77-8ea5-4f108bc0777b,"g berguna,buat daftar g bisa",1,2026-06-28,18,Juni
571,1fa9e37e-82a8-4edb-aa6f-3bf3465ad6d0,good,5,2026-06-03,19,Juni
572,3417c1d3-6df5-4643-852b-2f6a58231a80,terimakasih,5,2026-06-11,10,Juni
573,8314fbc3-d58d-4a3e-b93e-7b632da23bb1,"aps sampah, banyak eror",1,2026-07-04,16,Juli
574,5adfc20c-bd7d-4ccc-a13e-9cb2465bf8bd,ok,5,2026-07-01,7,Juli
575,580f7fe3-0ea9-4636-a330-a3fc6a4ea0a5,katanya pelayanan kok susah bngt tinggal masuk doang lo..iso Bulet ki..iso gawe aplikasi ora,1,2026-07-30,18,Juli
576,bd641c55-3f6f-4057-ae5f-8a4a31b9c0d0,"ssh setengah mati buat daftar,,,, minta kode konfirmasi lewat SMS hampir 4 jam ngk ada SMS jga",1,2026-06-28,18,Juni
577,791565e5-b4db-4fe1-87d8-13fbdae59ddf,pelayanan prima,5,2026-07-28,8,Juli
578,cb97d65f-d051-444b-8dc8-b055dbdf292a,ok,5,2026-07-06,10,Juli
579,ce2d96d9-fdf9-458d-9d60-907b05311b52,baik,5,2026-08-24,8,Agustus
580,822e25a5-34f7-48bc-bc49-36a1fa5998ee,sangat berguna dan mudah di gunakan,5,2026-07-18,14,Juli
581,8b674438-4d42-4b8e-98fe-2dd6c4bdb67b,aplikasi pemerintah wajib kok android 9 kok ga didukung gimana mau melayani rakyat,1,2026-08-28,12,Agustus
582,ead3f05e-443c-4dc8-a819-9161ca0a08ff,jujur aku tuh jarang banget kasih review aplikasi. Tapi ini bener2 mendesak mau log in gabisa2 karena captcha nya salah padahal udah bener. dan itu berkali2 padahal mau daftar buat rujukan😭,2,2026-07-06,10,Juli
583,c7a240b6-2f8f-4e51-bba8-a62d330f0c0b,APLIKASI THOLOL!!!! OTP GAK MASUK2!!!,1,2026-07-08,8,Juli
584,97319322-5f3e-4a2d-adc3-e42bcca3d637,pelayanan tetap sama rata,5,2026-06-12,10,Juni
585,78124170-e189-4831-9f06-4bfc5b43e8ac,"emang ya buatan pemerintah itu jelek betul, logout tiap beberapa minggu, gak bisa login, ada kendala mulu, lemot,,,, heehhh kalian itu bikin aplikasi pakai duit rakyat kok ya kayak gini kalah sama milik swasta",1,2026-06-11,6,Juni
586,e9feffa0-8c35-4d10-9d39-d05048ce9e30,simple,5,2026-06-02,8,Juni
587,f040cc72-3993-4246-9e1f-0ad51c539864,Aplikasi sangat membantu.. Tapi Minta updet terus.. Tolong di berbaiki biar tidak minta updet terus..,5,2026-06-28,18,Juni
588,7d9f31cd-d543-4f1f-b51a-3d3d8f09f63d,sangat memuaskan,5,2026-08-01,6,Agustus
589,e6b70962-ab0a-4238-ba99-2b3eb726c0d1,"Aplikasi Aneh,masa ngirim OTP aja gak muncul muncul,udah pake hp yang berbeda sama aja,kok bisa sih cuma urusan lupa sandi seribet itu",5,2026-07-11,17,Juli
590,a8688a06-4f70-403b-abd7-8183395b68fa,ok,5,2026-07-26,12,Juli
591,882bebd1-121b-4177-b507-a81a4116ce39,cepat pindah faskes sesuai domisili,5,2026-07-27,13,Juli
592,e149254d-78f8-4f41-955a-6a0805925474,mau ambil antrian online rujukan lewat aplikasi ini malah eror sitem.,2,2026-06-14,21,Juni
593,23b00829-bae9-4e2a-9a5e-4abeba611ba3,mau daftar kode otp ga dikirim kirim,1,2026-07-26,13,Juli
594,32bf06fa-d8cd-4f86-9b68-fcbbeda96e5d,sangat puas,5,2026-06-26,11,Juni
595,3088378a-3c47-461a-b313-05b90bb86a59,bagus,5,2026-08-11,9,Agustus
596,8a6dae81-1882-41d8-bd55-0d76932ce0f1,"udah masuk mau lihat faskes tingkat lanjut susahnya setengah mati, alasannya coba lagi coba lagi coba lagi, kuota hp buka apk lain pun berjalan lancar knp mobile JKN ini susah sekali bukanya",1,2026-07-21,9,Juli
597,53f16e4d-9309-43a8-a746-447d71ba972a,mudah untuk melakukan perubahan data,5,2026-06-21,19,Juni
598,4a539a62-da3d-49d0-8b5c-6a3d98088643,lemot,3,2026-08-27,8,Agustus
599,9afeba14-5215-4864-bc24-3699dbff3539,"siapa di sini ""tersiksa"" karena pendaftaran,",2,2026-06-04,12,Juni
600,137cfc35-ad57-4e6c-a876-50173c3336a1,th 2026 aplikasi siap digunakan,5,2026-08-06,19,Agustus
601,3e68127d-8054-4b84-a51a-871c45d1858e,Sanagat membantu,5,2026-08-20,12,Agustus
602,0973866c-c534-4043-ae9d-c32a5cfd78c6,baik,4,2026-06-17,16,Juni
603,5e3aff46-7bfe-4d20-aa7c-96f90fffe550,gabisa screenshot bukti antri nya,2,2026-06-01,8,Juni
604,eeab8295-5450-465c-be90-9f76af9a800d,aplikasi yg mempersulit pengguna,1,2026-06-21,11,Juni
605,b40a5da2-95dc-43cc-8a1e-378a5f933f8d,mantapp,5,2026-06-05,6,Juni
606,fa610d7b-1c3e-4018-9c16-34f6ebe3b028,tidak bisa di gunakan,2,2026-08-07,2,Agustus
607,7f520206-c1fb-40af-84e5-8ee3cc021abd,"mantap, alhamdulillah",5,2026-06-11,19,Juni
608,85071157-5eee-4fb2-b536-640a62b5e425,aplikasi ga guna,1,2026-08-21,20,Agustus
609,25c45dca-7e33-420f-8197-a82d99ee1df5,"ckck tidak kompatibel bossku, yang benar aja bikin aplikasi. buang2 anggaran saja.",1,2026-07-02,16,Juli
610,724d2cc1-bc46-400a-a9d3-32f905492d42,simpel tapi giliran scan wajah kadang bisa kadang nggak,5,2026-07-12,22,Juli
611,1cb3a979-72e8-4174-9b28-9b7edf18097b,sebulan sekali sering loqout sendiri !! tidak rekomendasi !!!,1,2026-08-27,17,Agustus
612,f9239045-971b-478f-9b34-d81fd7c639fb,adroid 9 pakah sudah gabisa instal,5,2026-07-24,12,Juli
613,c7b70eb8-1479-4978-a981-df62231851d9,tolong sayaaa salahh kirimm uang ke dana nomer pandawaa dan saya sudahh ke cabang bpjs tidak bisaa mengembalikan uangnyaa tolongg saya mau pengambilan dana saya yang salya salah kirim di hari dan jamm 11 mei 2026 15:16. nominal 350 dikirim dari bca ke akun dana nomer pandawa ituu tolongg di bantu pengambilan dana nya,1,2026-06-25,23,Juni
614,9ba45c84-1d5d-4ce3-9baf-20fb60822a3c,Alhamdulillah sangat membantu,5,2026-08-30,7,Agustus
615,25cb3c5d-5013-4b63-84b4-52f676ec7d4b,jelek banget aplikasinya,1,2026-06-01,18,Juni
616,75c91453-bbe3-4d68-bf2d-3c78964bfb67,mobile JKN sangat baik untuk pelayanannya,5,2026-06-28,9,Juni
617,31cbf5e5-ad76-4099-8495-dea3490c1ab5,mempermudah pengurusan perubahan dan aktivasi bpjs kesehatan,5,2026-07-31,16,Juli
618,8d5deb60-91f4-4e79-9ef6-e88abbe2b789,mantap hitungan menit selesai,5,2026-06-19,12,Juni
619,d96fd773-9b22-4df0-a0ec-d315a493ba92,bagus,5,2026-08-11,11,Agustus
620,90c8d685-be25-4c52-9853-4429b3cefed7,bagus,5,2026-06-19,12,Juni
621,16505d74-171a-4d5f-8ade-5422da4dd63c,bagus dan membantu,5,2026-08-03,12,Agustus
622,4cd39cc8-9f83-4c32-9e63-d9a5aa63ca34,"tolong dong diperbaiki. susah bangett mau daftar aja ,",1,2026-06-03,17,Juni
623,23731300-5453-4da5-b2dd-9825739f921c,keren,5,2026-07-04,13,Juli
624,77747fdf-bd65-4076-a180-59af37ec3464,Terima kasih karena dengan ini memudahkan untuk berobat kapan saja,5,2026-08-09,20,Agustus
625,51d8b97a-c0d1-40c9-9fed-b276de178cb9,boleh²,3,2026-07-30,6,Juli
626,eb10ae5f-cfad-484e-b051-8f98d7e149d8,"Segera perbaiki sistemnya 🥲 setiap berusaha daftar, kode OTP SMS tidak masuk 😭🙏 keterangan gagal selalu ""Offline"" padahal kuota banyak😔 ganti ke wifi tetap tidak bisa. Mohon perbaiki segera. Berminggu-minggu nyoba gagal terus 😭🙏😖",1,2026-07-06,14,Juli
627,6be67ed3-8486-46ba-b60b-676f6b2a8275,"aplikasi dongo, otp dikirim via sms ga masuk, alesannya offline👎",1,2026-06-30,9,Juni
628,f9912897-0a57-4033-aab8-200cbf46768e,sangat membantu,5,2026-08-02,23,Agustus
629,11c857c1-cfa3-40d5-abc4-d22ef6ed9322,perbaiki bug,1,2026-07-07,20,Juli
630,0afd2fa2-c54f-47f5-9974-82072cc4b45a,"verifikasi wajah udah sesuai masih aja gagal, kode sms padahal ada kartunya tetep aja keluar kodenya nyuhasin rakyat segala ribet verif ribet kode ribet ubah lah perbaiki apk nya",1,2026-06-21,11,Juni
631,e764df66-281a-40e2-9d18-a44330032c5b,Pasword bener captcha udah bener tetep aja susah masuk,1,2026-06-30,16,Juni
632,ac54e5b7-9bed-4be0-8254-3dcf2fb54316,pembayaran masih ditangguhkan. sedangkan Duit sudah tersedot via autodebet......coba Menkes....tolong review apk. JKN,1,2026-08-28,18,Agustus
633,31db7647-5632-4b60-80fd-4e7c85cf6f23,sangat membantu,5,2026-06-13,20,Juni
634,bf0aa1d3-6548-4ad2-b934-fe626b13ba11,"aplikasi kaga jelas eror mulu, niat ga sih bikin apk dongo bgt gw daftar udah otp ga masuk tiap masuk eror eror mulu aneh, captcha nya juga bego masa gw ngisi sesuai yang ada pas gw verif di ganti terus katanya salah, gajelas",1,2026-08-31,9,Agustus
635,55f36869-1d24-4801-a41c-e23b6b43bb5b,sangat memuaskan,5,2026-07-28,21,Juli
636,d6fd3ae8-c6a6-4952-a326-719c79c406aa,"gila siapa yg buat ni aplikasi kacau bet servernya, login susah, ambil antrean susah, blm lagi lemotnya hadehhh, ni yg buat sape sih,perasaan kawan"" ku buat aplikasi kgk selemot ini",1,2026-08-04,10,Agustus
637,9a5b66bb-8ca7-43fc-b3c2-036e5c10f24d,setelah update malah gak jelas,1,2026-06-08,12,Juni
638,6c3137e1-5bb6-4afc-9718-727821a940e8,hp sy tidak suport lg dgn apk ini..tolong diperbaiki..agar bisa menjangkau smua lapisan masyarakat..!!,1,2026-06-30,11,Juni
639,ec824001-298e-4586-8d39-5cb79aaf5c60,ok,5,2026-06-13,23,Juni
640,eefc25cb-8562-444b-a516-773b57317366,aplikasi ini sangat berguna sekali.,5,2026-08-20,17,Agustus
641,d3447652-a727-4d40-9cf7-e7f76cc405a9,gimana nih aplikasinya screnning gak bisa bisa ckckckck mau simpan cuma muncul notif USP_CALL_WS_CLP di database DBMOBILE,2,2026-07-06,16,Juli
642,427a4953-8540-4039-92eb-8bc5b76c6bad,"ribet bngt mau daftar doang, kebanyakan menu, develop nya siapa sih. itu menu berita dihilangkan saja, pngumuman layanan melalui notif saja",1,2026-07-04,11,Juli
643,de47403d-9540-4c4b-9e1d-3a9f3ab19082,"agus,,sangat membantu",5,2026-08-01,4,Agustus
644,a067c45c-1cd1-4af8-8178-43f34cd474ee,gak nonstop di aplikasi setiap mau buka harus masukin LG sandi skrg malah susah gak bisa masuk,4,2026-08-19,21,Agustus
645,dd55971e-0bbb-41ce-ad75-41d09172ccb7,"untuk konten aplikasi sudah bagus. cuman tolong di tambahkan update untuk riwayat pelayanan serta penilaian buat semua anggota yang terdaftar, jangan yg utama saja.",4,2026-07-05,19,Juli
646,fdf35bf7-1e81-4c77-9aaf-de2f54cd9dbb,bagus,5,2026-07-07,6,Juli
647,8b95ab3d-09db-4668-a96c-c4003ab65e59,"kode otp sms nggak masuk masuk padahal kuota ada wifi ada tapi tetep nggak masuk, ini nggak ada respon apa masa iya udah nyoba terus tetep nggak bisa kalau emang ni aplikasi nyusahin ngapain di bikin",1,2026-06-19,15,Juni
648,5f4dff05-ae69-4945-87f2-7e65a89cbb6d,"good, Aplikasi sangat membantu",5,2026-07-16,21,Juli
649,cf72e175-175d-4ac5-98cd-9a3d0687688c,cepat,5,2026-07-09,18,Juli
650,98bc7916-5f33-4b93-b7de-aea4126f2bde,bagus layannanya,5,2026-07-30,16,Juli
651,4be48fe6-f80a-4ee8-b4fd-640a40249fc6,"kenapa skrg mau dftr melalui JKN malah gagal2 terus?kepersertaan aktif, rujukan aktif, kuota memadai, internet bagus. SOLUSI nya apaaaaa???????",1,2026-08-02,20,Agustus
652,317fc749-1ecb-44b6-9e57-d87c65dd1a77,koq udah d batalkan nggk bisa ambil jadwal lagi dan nggk bisa ubah jadwal nya,1,2026-06-04,0,Juni
653,f913120d-012f-40c8-9d55-47a739e39b1a,"menguras emosii, tplong diperbaiki aplikasi nya ini, saya mau daftar masukin nomor hp, tapi tidak bisa",1,2026-08-09,15,Agustus
654,6082029b-ad19-44f2-80ab-e8277ad440b5,mantap,5,2026-08-01,6,Agustus
655,1b8788ac-daf5-4c7e-b067-51bba87ae36f,bagus simpel,5,2026-06-27,6,Juni
656,b1e4db3e-65bc-4876-8345-90f62c3a590c,mudah dan cepattttt sekali terbaikkkkkk,5,2026-07-28,19,Juli
657,e507e58d-7e49-4306-a5b7-e8aab9e90c74,bagus,5,2026-06-07,12,Juni
658,428cbedd-2d75-4a73-b033-02ce6d763429,memperlancar wayberobat,5,2026-07-04,22,Juli
659,99262a7d-772a-4814-b2c9-f1e02aea261b,sangat bermanfaat bagi saya dan keluarga,5,2026-08-25,19,Agustus
660,73ddd268-6deb-458a-9209-c583fdc446a7,"aplikasi masih sering logout sendiri, jadi harus masukan NIK dan password kembali",4,2026-07-29,6,Juli
661,262fe614-701a-4821-ad3f-cecd2e92c7c7,ok mobile jkn,5,2026-06-22,7,Juni
662,52d51fa2-07d5-4ef6-aaf1-8f28a974e36c,gagal mulu kirim virtual account nya !!!,1,2026-07-27,12,Juli
663,396e49ca-7429-4110-a1db-157fe86a962a,semoga berkah buat semua nya,5,2026-06-09,8,Juni
664,34187917-5faf-49f6-b2fe-baed4e111aa0,cuma mau input nomer hp udah 2 bulan ttp aja bug . capek kali lah,1,2026-06-24,17,Juni
665,69cef371-7b26-4747-8ee8-93a7d4a0d68a,OK,5,2026-08-06,20,Agustus
666,31a1f3c2-49fe-4298-8979-595d711d91af,sebenernya bagus tapi kenapa klau mau cicil program rehab selalu ga bisa,5,2026-08-08,11,Agustus
667,67a61ebe-3398-43e7-a003-4112dbb2d77d,"Aplikasi ngaco, angle kamera gajelas, kode verifikasi gak pernah masuk ke sms",1,2026-07-23,15,Juli
668,8e475c8e-6e2c-4e7d-85f3-446fbaa5da5e,"setiap update aplikasi pasti selalu ke logout akun nya. verivikasi ribet, otp ga masuk masuk, tiba tiba email ga terdaftar. tolong diperbaiki.",1,2026-06-24,20,Juni
669,b0f766c1-cac9-4361-afef-61505f036872,bagus banget,5,2026-06-01,8,Juni
670,c40a62d5-e86a-479a-b770-5a5161d55d28,pelayanan baik,5,2026-08-02,10,Agustus
671,602f87aa-590f-4ca8-9a48-3d6297c3e108,mantap bagus bisa menyelasaikan masalah tidak harus ke kantornya,5,2026-06-26,12,Juni
672,ebc209c0-ce2a-4db3-b0be-767e4e474694,"aplikasi nya kurang optimal tiap daftar tingkat lanjutan error terus, sekalinya bisa malah kuota penuh.. trus tiap nik harus nya bisa login d beda device tapi tetep bisa liat nik yg lain dalam 1 KK tersebut, biar kalo ada apa2 ga repotin orang lain untuk daftar dan lain sebagai nya tolong segera di perbaiki",1,2026-08-04,10,Agustus
673,230389e9-fd2e-46a8-ba69-f5bddba0745e,Kenapa sistemnya sekarang jadi susah untuk verifikasi wajah. wassalam untuk mereka yang gak bisa menyesuaikan. bobrok dah,1,2026-06-02,16,Juni
674,4582e8c9-de20-482b-8fd5-c2e7340aab53,memudahkan peserta bpjs,5,2026-08-29,17,Agustus
675,4735efdf-5cce-4d0c-a9c7-197923f838ee,"kode otp gk masuk"" gila!!! stres aku gara"" aplikasi mobile jkn.",1,2026-08-06,15,Agustus
676,2735a60d-7eac-41d3-b183-eff834985344,"hana jelah, aplikasi,",1,2026-08-19,16,Agustus
677,148962e2-5af9-4a0a-88ec-9501a3db5bf1,error mulu,1,2026-07-08,12,Juli
678,380a670c-d902-4728-809d-42bdf421cb55,tolong diperbaiki lagi untuk verifikasi wajah nya gagal trus,3,2026-08-06,11,Agustus
679,650b2061-6a89-47c5-97a4-dbf3912a87ea,"jujur kalo ga butuh juga ga download ni apk, pendaftaraan aja susah bgt, udh masukin nomer telpon tpi ttp aja kode otp ga kekirim, dah nyoba lebih dari 5 kali ttp aja gitu, mohon diperbaiki demi kenyamanan bersama",1,2026-07-16,22,Juli
680,ee49b390-1b1c-4ca8-b75c-2c8f54454bd2,sangat membantu,5,2026-08-07,19,Agustus
681,f6e6a470-fdc5-4110-9445-4237c61d2497,semoga bisa di cetak kembali,5,2026-08-31,12,Agustus
682,771637b3-698f-4f5c-9ba9-71ebf00e19e0,Baarokallaahu fiikum,5,2026-07-30,14,Juli
683,6308458f-dbb2-4ec2-b54a-ac312b5a39a0,jelek banget. lelet,1,2026-06-10,22,Juni
684,5ba9a9c0-1f78-4bd1-8b3e-04611b0a7d8c,"apaan, orang lagi urgent banget tapi kode verifikasi ga kunjung muncul",1,2026-07-13,16,Juli
685,b269d918-3dc9-44eb-b72c-6ffb4e67846d,simple,5,2026-08-16,16,Agustus
686,f73a35d5-aa9d-452b-83f8-1c7ad9f3600b,Nik sudah benar Pasword sudah benar Capcta Sudah benar Kog masih Gak bisa masuk yak? Perbaiki lagi yak aplikasinya untuk sementara saya bintang 1 dulu,1,2026-08-20,22,Agustus
687,701d9090-42ed-4ab2-8b42-71e544304e74,aplikasinya sering bug,2,2026-06-04,9,Juni
688,f2916893-7818-4347-a7d4-994bad3f098c,ribet daftarnyaga bisa bisa,1,2026-07-21,11,Juli
689,09e16251-845f-4343-b921-2b60b0fd7ead,"banyak reloag,gk bisa refresh,app kelas gini kok dongo banget,banyak di pake MBG sama kopdes gak jelas duitnya,kagak bisa pake IT yang bagus gitu",1,2026-06-18,15,Juni
690,59ed27ce-421b-4138-ae01-e6c80c68baa6,"Untuk penambahan anggota bpjs dalam satu KK mohon dipermudah, soalnya kami orang pekerja yang bisa di rumah nya hanya Sabtu-Minggu, selebihnya di kantor. terimakasih.",5,2026-08-09,16,Agustus
691,cd2be63d-087e-40ab-a578-ea395e2590b5,"aplikasi apasih ini gangguan terus,mau masuk aja loading nya lama banget,,mau daftar antrian pun gak bisa,tolong di perbaiki!!!",1,2026-08-06,8,Agustus
692,0a50ea79-16c1-4f0f-a6f1-7bdcac801530,sangat membantu dlm proses berobat,5,2026-07-17,14,Juli
693,b2a9f1d4-4b8d-4839-a33b-d9ced0d7d633,Bagus,5,2026-08-14,13,Agustus
694,1cf14d66-9f17-406b-9333-f8c7e0ebb170,playanan sangat cepat,5,2026-07-28,7,Juli
695,0a54eb91-f36a-439c-bbe1-0131cbd0fcb5,Aplikasi ampas.,1,2026-06-08,12,Juni
696,5eade632-50bc-4d6a-9570-8e68b4138e10,berguna,5,2026-07-15,18,Juli
697,84844405-e579-4814-a087-e5ba2a1d8823,terus berikan yg terbaik,5,2026-07-23,8,Juli
698,b682efee-33e5-4ca5-a01c-379c98121ec5,sangat baik,5,2026-07-10,15,Juli
699,2de6b811-5445-4736-95d8-1c26315ca66f,mantap betul,5,2026-06-27,10,Juni
700,496a9680-7dfa-48e7-b150-b80e24171e04,terimakasih sudah sangat membantu,5,2026-08-07,1,Agustus
701,2611ce4c-5cdd-432a-86e5-8600a50f95ad,maksudnya ini bagaimana tolong lah,5,2026-07-31,18,Juli
702,86947b3b-bf53-43c8-a38d-e541d59d5397,"tolong di perbaiki untuk yang baru daftar tidak masuk masuk kode otp nya!! verifikasi wajah juga eror, udah ganti nomor telp semua aktif tetap tidak dapat kode otp sedangkan semua di suruh ambil antrian online tolong di perbaiki saya tidak bisa menggunakan aplikasi sangat sulit !!",1,2026-08-15,15,Agustus
703,a247a74a-517b-477c-9719-cb5171ac23aa,good job,5,2026-08-30,13,Agustus
704,8ff33caa-3398-4fcc-a354-ffeadd765bff,"Banyak bug dan tidak stabil, sekelas platform milik pemerintah kalah sama swasta. pembayaran udah dilakukan manual eh malah tetap di potong otomatis lagi.",1,2026-08-20,22,Agustus
705,6a24e1b0-01ce-42a5-b9c8-77765186870d,"ini aplikasi nya gimana sih? mau ambil antrian aja GK bisa loding terus, bilangny offline padahal kuota ada. orang lagi sakit gigi nih jdi GK bisa berobat, dari hari Sabtu gitu terus",1,2026-06-30,12,Juni
706,9b817b97-211c-4955-8116-2ea05262ad68,apk ribet tiap buka harus masukan no nik ktp,3,2026-06-01,9,Juni
707,5e94ac50-0d16-4728-80c1-ab2025b6255c,"server jelek, harap diperbaiki terlau banyak akses apk sering ngebug",1,2026-07-30,21,Juli
708,77600ee8-5cb8-4357-a19a-0a8736167fbf,dengan mobile JKN urusan kesehatan tak ada lagi hambatan,5,2026-07-19,16,Juli
709,529f7deb-bb8c-432b-bdc7-b36a18b50a27,sangat membantu,5,2026-06-07,16,Juni
710,ccf3e3f3-d15f-4a91-882d-9470bd11ef27,bagus dan sangat membantu,5,2026-06-22,18,Juni
711,734e8fe2-0ae8-43a8-9b2c-1d8008df7ea7,sangat membantu,5,2026-07-28,5,Juli
712,aa90fe53-adf7-4a8d-9917-8f1c7da3e3ba,udah ga bisa dipasang ini aplikasi di redmi 7,1,2026-07-01,18,Juli
713,771617b4-9347-4d53-bd12-b87db0e08546,Mobile JKN ini sangat membantu bagi masyarakat yang kurang mampu dan bijak dalam peyanan bagi masyarakat.,5,2026-06-17,14,Juni
714,8632d8f7-e761-43e8-810d-f3a0e49f672f,gabisa login berkali kali susah jirr apk busuk menyusahkan orang mau berobat sampai mau pingsan hrs daftar online dlu pemerintah stress,1,2026-08-03,11,Agustus
715,dcded242-a421-41b0-95b4-8d8f6ad855bc,"aplikasi kesehatan yg sering gangguan,, memperibet orang berobat.. ga kebayang KLO org tua yg sakit ga ada keluarga nyaa.. kalian perumit kek gni.. pdahal BPJS bukan yg gratisan,, tapi bayar perbulan nyaa",1,2026-07-01,23,Juli
716,a4f6e95b-07bf-4ece-8de2-1d67a235dd1d,"pas daftar susah banget, sistem eror mulu.",2,2026-07-20,13,Juli
717,96524fa1-3d41-4940-87c6-119a4ef978f0,apk jelek daftar ajh susah buat aph di adain onlain kalau susah daftar nyh,1,2026-07-12,20,Juli
718,da16c2a0-f92b-43a2-87c8-f2d02d7dc813,"mau daftar online ke faskes tingkat pertama selalu gagal , ""jadwal tidak ditemukan"" , anehh ..",2,2026-08-21,16,Agustus
719,50f9b181-20e6-4635-9201-d7d951d156c4,Aplikasi yang baik dan bermanfaat untuk kesehatan 👍,5,2026-07-01,12,Juli
720,a50eb2d1-925c-4c1b-8b0f-b37e86c32694,memuaskan saat aplikasi ini digunakan,5,2026-07-10,7,Juli
721,87cb1302-6cd6-452c-bd0e-d28f56904305,"gampang log out. harus selalu log in kalo mau dipake. ngeribetin. gimna klo kondisinya lagi darurat, dan tiba2 lupa pasword. mana bikin pemulihannya susah banget lagi",1,2026-08-31,21,Agustus
722,60127bca-f050-40b2-a647-89cca524cc83,"aplikasi sampah, mau daftar jkn mobile selalu gk muncul SMS kode otp padahal pulsa udah di isi banyak",1,2026-08-18,21,Agustus
723,bdb4013c-0a66-431f-91c1-b9e6a9fa3342,susah masuk karna ada kode captcha,2,2026-08-31,23,Agustus
724,8708cad2-e071-4648-b50c-aa3a715797ec,good,5,2026-08-06,8,Agustus
725,a98f1bc5-ac3f-4514-bcfa-6ad019ae9b5b,aplikasi hancur,1,2026-06-21,18,Juni
726,9842f3a8-709d-4fe7-b09d-f3d7027cc97b,mempermudah akses untuk berobat,5,2026-06-24,10,Juni
727,e37e3c47-2a1e-47d3-8e65-6ddf414bace7,aplikasi busuk sangat sangat busukkk,1,2026-06-18,4,Juni
728,896f7c56-fadb-4e88-837f-5b24e33c4cb7,sangattt membantu bangatttt,4,2026-08-01,12,Agustus
729,bcdda380-45e9-4a1a-9670-f4ccc6d79651,lebih mudah mendaftar ke ouskes/ rumah sakit tidak perlu langsung ke lokasi bisa dftr dari rumah,5,2026-06-02,19,Juni
730,9922db0f-dc35-4281-b33b-6e13963ca538,sangat puas,5,2026-07-16,11,Juli
731,4b9066dd-86f1-4650-83a6-a126f7756dfb,memudhkan pelayanan,5,2026-08-08,12,Agustus
732,3fe28a94-b8c6-4d84-9537-bf0b03cab823,ga bisa masuk aplikasi tidak dapat memverifikasi data yang sudah benar tolong perbaiki,1,2026-07-05,21,Juli
733,c11afe72-1842-40c0-8159-74ca09b33386,"Aplikasi paling sampah selalu logout ketika dibutuhkan, udh gitu gabisa save password, klo ke logout bingung passwordnya. respon balasan: WOYYY LU TINGGAL BIKIN FITUR SAVE PASSWORD AJA PAKE BERKELIT KELIT KE FITUR LUPA PASSWORD. LU DENGER KRITIKAN GAK SI?????? ITU BANYAK YANG BILANG KE LOGOUT TERUS, DAN BANYAL ORANG TUA YANG UDAH PASTI KAGAK INGET PASSWORDNYA!!! APLIKASI KECIL GRATISAN AJA BISA TUH ADA FITUR SIMPAN PASSWORD/AKUN. ANEH BANGAT!",1,2026-06-26,22,Juni
734,76d83112-9d74-4ccc-92d9-14726fc50efa,cepat dan akurat,5,2026-06-09,13,Juni
735,171cdf7c-1139-495a-87ab-e36df76d5faa,aneh padahal nomor HP sesuai tapi kode otp nya ngak masuk sementara di email langsung masuk. sulittttt,2,2026-06-05,8,Juni
736,45737e90-937b-4c10-bec3-352270275aa4,aplikasi susah,1,2026-07-31,19,Juli
737,02a819a5-39f9-43c2-a3c1-f08e8d59e3b3,ok,5,2026-06-10,7,Juni
738,cde5f36c-4fcb-4536-8dc6-774424687ec9,"lagi butuh butuhnya malah server gak menanggapi terus,uda ganti ke data seluler tolong perbaiki ya ini aplikasinya bener bener gak puas",2,2026-06-23,10,Juni
739,297a2992-4fc9-469c-b1cb-80a2f5833cda,system berjalan dengan baik,5,2026-07-02,0,Juli
740,0dda794b-e88d-4675-a813-8c576c51ac78,sering tdk bisa terhubung dgn server RS,5,2026-08-15,5,Agustus
741,5415b095-3b2a-42d3-b2eb-bf0192c33d17,good,5,2026-08-12,8,Agustus
742,4a21ca5f-97c6-401c-8137-8748fec4c0b1,baik,5,2026-07-23,12,Juli
743,cb711be0-8569-4403-ab2b-b91c45b70af0,menyenangkan membantu aktifitas sehari hari,5,2026-08-27,7,Agustus
744,f9969ae2-352d-447e-ad96-34a2648dd640,"Aplikasi SAMPAH!!!! jaringan udah oke tapi mau login aja susah minta ampun. Heran udah banyak komplain pun masih gak berbenah. Gak guna sama sekali ada aplikasi, bukannya mempermudah malah mempersulit. SAMPAH!",1,2026-06-30,22,Juni
745,be349909-aa05-4f19-ac7a-048c95e7079e,waktu buruh ngga bisa dipake,1,2026-07-13,10,Juli
746,0696c2b2-fe2b-49db-80c1-08c16ffa68dc,ok membantu,5,2026-08-04,4,Agustus
747,b46c99bf-ff0d-4b7c-bea3-4db137b5eea6,pelayanan sangat cepat dan simple,5,2026-06-30,9,Juni
748,aacb557f-7515-4308-86e0-acb114f540ea,sangat membantu,5,2026-06-02,8,Juni
749,006020aa-5cc7-4654-9621-28573d91cb14,efektifitas mantaf,5,2026-08-14,16,Agustus
750,6e4c30a1-320d-450a-a575-a102717aab08,Aplikasi yang sangat membantu..,5,2026-08-23,19,Agustus
751,483de090-0ca6-4d0e-a246-5df879c6a6b8,identifikasi wajah sulit bikin software ny abal²,1,2026-06-03,17,Juni
752,57a24456-05ab-42c7-8f4d-bf0e557ac9e6,knp ? mau pasang aplikasi jkn.ktanya d pariabel,5,2026-08-04,13,Agustus
753,72c7b382-fc8c-459c-a9bb-22bedd609b3c,"aplikasi nggak niat, kode Verifikasi aja sulit",1,2026-06-14,12,Juni
754,e00760ee-84d4-47b4-aaac-6e6fb10d4f78,Terimakasih Proses nya sangat Cepat,5,2026-08-06,16,Agustus
755,09363926-2a62-4c7a-842b-109fd0a7317f,aplikasi nya mudah digunakan,5,2026-06-30,7,Juni
756,5f3d74d6-bd32-4ab0-ad16-2f3dc4cad1a6,aplikasi bego gajelas banyak kendala,1,2026-07-14,11,Juli
757,35b50cad-a041-4018-b1e0-d549d9a360d4,bagus mudah GK ribet,5,2026-06-26,20,Juni
758,9020ecd9-d771-4f3a-bb14-0eb004e3dad1,sangat membantu,5,2026-07-01,10,Juli
759,35d7261e-bc2f-498c-87e4-feca70f4b67f,Sangat baik,5,2026-07-20,6,Juli
760,92c36f34-a0e7-4937-9f74-7d68150078ec,nomor Hp tidak bisa di Update.,5,2026-06-04,10,Juni
761,8cf32d35-0605-4f8e-b588-55c930b66788,"kak developer tolong dong, saya mau daftar dari tahun kemarin gajadi jadi karena saat verifikasi nomor hp, kode ga kekirim di sms maupun wa saya, tolong ditanggapi terimakasih",3,2026-06-16,22,Juni
762,f7c0e212-c6fd-4642-9e33-cb61427a7d66,"chaptcha loading terus,pdhl reinstall ulang",1,2026-08-05,12,Agustus
763,eb2eb97c-e139-43b1-ac0a-071bebf57a73,gampang dehhh,5,2026-07-29,20,Juli
764,747d89cb-d86b-45f7-adad-d0208ab2a743,Terlalu sering bermasalah,1,2026-07-07,22,Juli
765,a7c7dc71-4010-49e3-9102-61fdea0ede9d,"ka tolong informasinya.. kenapa di hp saya gabisa install, aplikasinya hilang di playstore. apa karena versi hp saya lama? tp di hp adik saya ada.",1,2026-07-01,18,Juli
766,12a40e11-e4bd-42cf-8b6a-d2dce0f6baaa,"kalo ada aspirasi di komen dibaca jangan di cuekin minimal kasih penjelasan, pegawai isinya boomer gaptek sok sok an bikin aplikasi kalo masih cacat gausah dipublikasi! Baca, update itu harus bermanfaat jadi lebih baik",1,2026-06-15,7,Juni
767,98e022f8-033e-4542-bca3-bcb8e1dae8e5,sangat bagus dan membantu,5,2026-06-09,7,Juni
768,2da8bc33-aea8-4acb-9ef1-23c02595432b,"apk rusak, lelet kalo ambil antrian. kalo ganti pas udah kasi masuk nomor verifikasi malah minta lagi mana nungguinnya harus nunggu waktu tunggu di verifikasi pertama",1,2026-06-16,0,Juni
769,4e420dc6-4003-465b-abca-59f731e80749,"aplikasi apa ini, kalo pagi buat scan chek in malah loading ga biisa masuk, server ga kuat. malah menyusahkan. tolong kalo niat upgrade kualitas yg serius jangan setengah2.",1,2026-07-16,7,Juli
770,3dd2d7f1-2fb9-403a-8433-72e21c1b2522,mantap,5,2026-08-03,16,Agustus
771,1c4de791-53d1-4e03-a6b7-408bbbc8bc47,"aplikasi macam apa ini, koneksi lancar dibilang offline sandi benar dibilang salah capctha benar dibilang salah ga jelas padahal mau dipakai biar simple malah dibikin ribet. Tolong lah kalau memang belum niat bikin apk gausah bikin, merepotkan orang tua saja, kalo bisa rating minus aku rating minus ini",1,2026-07-06,10,Juli
772,e65274fc-e36a-4463-a168-f9219720e664,mantap deh pokoknya,5,2026-06-13,21,Juni
773,9ef2b257-3de2-4b7e-95ad-d38061e890dc,verifikasi bug Mulu asw,1,2026-07-19,16,Juli
774,6f284d66-f1ca-40a8-a000-63b962d05d4b,berharap aplikasi ini bisa mempermudah masyarakat luas dan bisa lancar dalam penggunaan nya,5,2026-08-13,8,Agustus
775,b2eada00-7da1-4686-824e-ff0635fa1b93,mantapp,5,2026-07-01,6,Juli
776,17275c38-9e5a-48fb-823c-b16836f20de4,bagus,5,2026-07-28,11,Juli
777,34777917-8f8d-4893-8096-795c181c4c18,mudah,5,2026-07-17,16,Juli
778,0b780711-4257-455f-bd01-3dff39a3f422,sangat baik,5,2026-07-16,7,Juli
779,0103577c-9408-4468-9253-2fe8f50b6727,good luck,5,2026-08-15,13,Agustus
780,4d5279b5-1984-4253-be98-e2a85a7d8b12,"awesome, it's quite friendly application",5,2026-08-13,8,Agustus
781,8595b620-ddaf-4323-abd6-709612b20a08,mantaaabb,5,2026-06-11,14,Juni
782,8d5d93a8-b68e-459c-993f-8ad59b612ad4,"Ini saya mau daftar online susah bgt, kenapa poli umum selalu tidak ditemukan",3,2026-06-20,6,Juni
783,faa9f7c0-a736-4efc-b488-c66eaad618ea,"pulsa ada, nomer aktif tapi tetep gabisa dapet kode otp, tolong dengan sangat mohon diperbaikiii apk nya!!!!!!!",1,2026-07-26,7,Juli
784,9248c8da-f387-4d15-ad3a-280c1b984ab9,"apalah mau verifikasi SMS nya susah kali, gagal terus",2,2026-07-24,13,Juli
785,a737e662-772c-4c25-8453-fba7dd00b3f8,sangat puas,5,2026-08-22,19,Agustus
786,697d80e3-80af-4d8d-a68d-599bde896e04,mudah dan simple,5,2026-06-19,14,Juni
787,56a0fb04-19af-40af-b4ed-176a63840a44,aplikasi sering error dan susah untuk mendaftar,4,2026-07-28,20,Juli
788,7bcb088e-d96c-43aa-9563-2b5aa699b41a,susah login nya,1,2026-07-05,15,Juli
789,436b310b-ceb7-4c38-9392-c10b9b07a7bc,apk nya gak bisa di gunakan mau daftar aja susah banget ini yang rusak apknya apa gimana sih,1,2026-08-22,14,Agustus
790,294cc488-e352-4ce5-aa9f-62f0b7325285,saya sebagai pengggunaan selalu bayar coba klw kartu nya itu di bedakan yg bayar sama yg gratis supaya keliatan fasilitas nyaa gtu,5,2026-07-07,17,Juli
791,203607d2-148f-448b-8c12-321761a462c5,bagus,5,2026-08-03,13,Agustus
792,889be2b5-2360-4aef-b776-718cfc654ac2,lemot banget,1,2026-08-13,23,Agustus
793,8bcba967-8ef4-4747-ab17-10c20fbcf8f8,APLIKASI GAK JELAS UDH DI COBA COBA OTP MALAH GA MASUK MASUK TOLOG SISTEM NYA DI EVALUASI LAGI DONGGGG!!!,1,2026-06-04,7,Juni
794,07ca5a50-9521-4f0b-a649-0e04c048109e,"Mao ngadu malah DIBIKIN SUSAH ALASAN""Mohon Maaf Keluhan Tidak Boleh Mengandung Karakter Special"" Padahal Ketikan nya udh direvisi 3x tetep gabisa,emng sengaja ga boleh bikin laporan,atau anti kritik?",1,2026-07-21,8,Juli
795,e2fdbee5-b0fa-4a55-92f0-2cb8e8203ddb,mantap,5,2026-06-02,9,Juni
796,447a587c-b832-4c8e-b7fe-4d686c815230,"lebih praktis, sangat membantu pasian rawat jalan.",5,2026-06-01,10,Juni
797,b89de62c-7a05-4b91-92d4-0786cef552d2,sangat membantu,5,2026-07-06,7,Juli
798,79f13666-01cc-45e0-a96b-5bdb4d75a0f4,"oke,dan simpel serta canggih.",5,2026-06-05,19,Juni
799,3838ab71-abcc-4249-a3de-61e0a36b18f1,sangat membantu,5,2026-06-02,10,Juni
800,ea76c9d5-7bd8-4acd-9c1f-3959320a76c6,bagus bnget dan membantu,5,2026-07-22,10,Juli
801,e249b1e5-c679-4831-9a52-7fc4ce691763,ok,5,2026-06-23,19,Juni
802,1742a66e-5769-4ce1-bebf-713bfa6edd75,sangat membantu,5,2026-06-07,6,Juni
803,0931f709-f4b8-4864-9e1b-f82e8536e667,good,5,2026-06-03,7,Juni
804,316e3a16-8972-40db-92ef-2a03aaddd29c,kburu mati org' nunggu kode OTP masuk,1,2026-07-04,8,Juli
805,6e965811-bee4-4cd3-994f-ed51acfc7d64,susah untuk daftar masukan kode otp tapi gak masuk masuk gimana mau login coba aplikasi erorr,1,2026-08-11,12,Agustus
806,de3856a9-1c6f-48ca-bcb7-d23768b39da3,oke,5,2026-06-19,12,Juni
807,64e8c1a5-1973-447a-8874-c31aceea9945,"dari awal bulan 6 aplikasi selalu muncul kendala dengan tulisan offline, sedangkan sinyal saya wifi 5g tolong diperbaiki lagi!!!",1,2026-06-11,15,Juni
808,68c7a6cf-0db4-4d6d-bb5d-7a42a70273fc,aplikasi Gk bermutu.,1,2026-08-30,13,Agustus
809,91a65c52-fa85-4374-a067-29e4563dcab1,"pelayanan sangat memuaskan, bagus, cepat",5,2026-07-07,9,Juli
810,0c54a650-7908-4949-9dc8-2cc1aaca5bc0,"terimakasih jkn, sampai saat ini saya tidak mengalami kendala dalam penggunaan. semakin dimudahkan kalo berobat rajal maupun ranap.",5,2026-08-27,17,Agustus
811,477f9383-5d14-45ea-971b-baf095c71044,apk rusak,1,2026-07-30,16,Juli
812,f6add564-b43d-4c0e-8208-cceee078f79b,selalu puas,5,2026-08-25,20,Agustus
813,1fbf17cb-d109-43aa-96bd-b441bc9a05c2,daftar aja ribet amat ni hdeuh,2,2026-07-31,12,Juli
814,281ea6d8-0b89-4bfd-8b61-f229a7df53c1,apk yg sangat membantu dan mudah.tks,5,2026-06-04,19,Juni
815,916a74f1-3a6d-4e48-9de3-4d8e4e195e59,aplikasi sudah bagus,5,2026-06-19,10,Juni
816,3293a9a5-c696-4aa8-a4fb-d47ef76a389c,"Aplikasi rusak, banyak Bug nya, Responnya lambat.",1,2026-08-11,12,Agustus
817,1d146754-6994-4941-910a-76044efcecf7,mau scam muka pun setengah jam hampir patah kepala di bikin nya,5,2026-06-03,6,Juni
818,393601cf-b213-4b5c-9db7-79a2f4f88a55,mantap,5,2026-06-27,20,Juni
819,393589bf-21c1-458e-beb1-0fa6dfffcaec,"Apps ga jelas, daftar masukin no hp ga bisa, giliran masukin email yg opsional malah bisa. Kocak! Minimal mah benerin bug kaya gini, sekelas apps pemerintah masa kaya gini",1,2026-06-12,10,Juni
820,b07d0e75-f2c1-4571-8db9-6e4d0742c60b,bagus,5,2026-08-14,18,Agustus
821,418acc12-c1db-437b-b1e9-9c8f26b438d2,sangat membantu,5,2026-07-20,3,Juli
822,f536b1fb-d116-42a1-be49-c9d3ace75b67,tolong di benerin lagi apk nya... sekarang susah mau login di jkn.. dikit² eror katanya,1,2026-07-31,22,Juli
823,40b3a5a5-bc45-4abb-b715-be2ae450034b,aplikasi JKN sangat membantu dalam hal kesehatan,5,2026-07-11,12,Juli
824,06fcd53f-6f9d-49d1-a126-1dd9fe5e08dd,"kenapa kalau mau buka mita registrasi terus. trus registrasi pun selalu jawaban selalu pasword salah. padahal identitas gak pernah ganti, pasword gak pernah ganti,",1,2026-06-04,14,Juni
825,ab0c1633-35b3-4a31-8eb5-bd9023b457bb,sangat membantu 👍,5,2026-07-01,7,Juli
826,47d24c18-5cd5-4047-aebd-983cb98d208a,terimakasih jkn sengat membantu,5,2026-07-17,6,Juli
827,5c711e61-13c1-4648-809d-d4a32d0c5591,aplikasi ini tidak bisa di download,1,2026-06-27,11,Juni
828,a66a6875-6317-40ed-bd9a-c864a0c1b546,kirim otp aja lamanya minta ampun. apalagi bantuin rakyat yang susah.,1,2026-08-28,13,Agustus
829,20fbddb8-6a80-4e89-abc7-c30d8680900d,Kalau belom siap digital jangan jangan dulu deh bikin aplikasi ginian server lemot,1,2026-06-30,23,Juni
830,3969364e-7b53-473d-ab49-38e21fb6b60a,aplikasi nya kurang bagus..masa susah amat daftar aja menerima kode OTP nya..padhal nomer yang di masukan aktif dan di pasang di hp nya,1,2026-07-26,18,Juli
831,36e9e71e-c095-439b-9178-6760c32b961c,ga bisa di buka loading terus mau daftar gaga mulu,1,2026-07-15,8,Juli
832,e210d428-6e78-466d-a4f3-dbe4d974e4af,aplikasi jembodddd masa login login mulu gjlss,1,2026-06-12,23,Juni
833,9c9f7c60-2b4d-4157-a96d-fd587a32bb94,program bagus,5,2026-08-01,9,Agustus
834,47fe1f31-7090-4b3a-94ce-018a49b3491a,terlalu banyak erornya bikin pusing 🫤,1,2026-08-05,19,Agustus
835,ba1805db-63df-4416-9650-f2ef859671e0,"tiba2 minta masuk LG kependaftaran ulang,padahal dah di pakai",1,2026-06-02,5,Juni
836,936a0cdd-cf61-45cd-97e4-992ca1f3befe,"ini gimana sihh mau daftar akun tapi verifikasi nomor HP ga kekirim gimana caranya mau verifikasi kalau angka verifikasi nya saja ga bisa kekirim lewat SMS, aplikasi rusak udah coba beberapa kali tapi ga ada sms masuk padahal nomor sudah benar dan nomor HP masih aktif tapi tidak ada angka verifikasi yang masuk di SMS terus gimana cara daftar nya? ga jelas banget cari solusi di cs nya juga ga dapat apa apa, terus minta ulang kode nya harus nunggu 5 menit aplikasi ga jelas",1,2026-06-09,19,Juni
837,2064966f-787a-497f-b324-186395a0e2cf,bagus,5,2026-07-15,8,Juli
838,b5235a30-af57-4f0d-80a6-9f2ae4e61b37,"terimakasih,,",5,2026-06-27,18,Juni
839,ab460412-4b84-476c-a1c0-95ae056f6e84,cukup cepat dan mudah dioperasikan,5,2026-08-04,14,Agustus
840,ca38e630-88b2-45f3-93cc-9d397fc02068,ok,5,2026-07-15,19,Juli
841,ae40acec-70ad-4b23-81d4-0d922122524f,oke,5,2026-08-18,15,Agustus
842,979ab51c-0663-44a6-8cdd-47973f9c5e9d,untuk keseluruhan pokoknya keren,5,2026-08-28,10,Agustus
843,000168e5-f4a4-49c5-93fd-35e3e3ada76c,aplikasi membantu,5,2026-07-21,21,Juli
844,563cfd71-a6dc-44f4-8d49-2125d315b1f7,saya sangat terbantu,5,2026-08-07,15,Agustus
845,ec27f71d-3958-4824-bb06-066db31d11d8,sangat membantu dan cepat,5,2026-07-09,9,Juli
846,54e899cc-bed9-41b2-9d88-2734fdff4da3,bikin pusing aplikasi nya udh di ulang2 ttp ga bisa😡😡😡,1,2026-07-26,13,Juli
847,2b6cec47-80e1-4845-a149-50065dbfdbcd,Lumayan cepat dan mudah,5,2026-08-08,9,Agustus
848,beedf072-5aac-4053-bd3d-b438c78a482b,Semoga bermanfaat,3,2026-08-02,14,Agustus
849,552543db-db12-4ad6-a7ec-05a5d691a32e,otpnya belum di kirim kirim,2,2026-06-15,13,Juni
850,679bce07-d0ae-4a29-9b1c-0fff9718d786,suka logout,3,2026-06-12,8,Juni
851,fe70e208-b144-461e-a6de-39980a1fdbc7,makan nih bintang 5 aplikasi bukan mempermudah malah menyusahkan,5,2026-06-07,9,Juni
852,bae179bf-3199-4284-bcb2-a6cbaa5e6a08,"MOHON SISTEM NYA SEGERAH DI BENAHI, PADAHAL RUJUKAN BELUM HABIS MASA BERLAKU DAN TANGGAL KONTROL PUN SUDAH DI TENTUKAN DARI PIHAK RUMAHSAKIT TAPI KENAPA DI SAAT SAYA MENGAMBIL ANTRIAN SELALU ""SURAT KONTROL TIDAK DI TEMUKAN"" KARENA DARI PIHAK RUMAHSAKIT JUGA MENGELUHKAN APLIKASI INI SERING EROR SAMPAI SAYA DI ANJURKAN UNTUK MENDAFTAR MENGGUNAKAN APLIKASI DARI RUMAHSAKIT TOLONG SEGERA ADA PENINJAUAN DAN PERUBAHAN, INI APLIKASI UNTUK LAYANAN KESEHATAN BUKAN APLIKASI UNTUK HIBURAN !!!",5,2026-08-12,8,Agustus
853,61a7b980-65a8-40bb-b9c7-eb5e0bfc9e01,aplikasinya ribet. malah menyulitkan.,1,2026-08-03,12,Agustus
854,94aec86c-02a2-4844-8717-b6a37773d0e8,tolong di revisi masa daftar mlm kg bisa alesan ofline ini kan sistem bukan manusia yg verifikasi,1,2026-08-01,22,Agustus
855,ea480245-6a30-4b97-9fa7-44a12f145601,"susah untuk kirim kode otp aja lama bangett,perlu perbaikan bangett",1,2026-07-20,4,Juli
856,2470d26a-9a83-4db6-a0da-7547e29b2398,aplikasi ccat njih,1,2026-08-06,9,Agustus
857,a15952c9-682a-4945-9883-4d55977774e6,mantap,5,2026-07-13,9,Juli
858,9cde5dd6-6ebd-436f-b5ef-288fed2a9c2a,mantap,5,2026-06-08,15,Juni
859,2c6a0d4e-07fc-4378-85ae-551d1503bfa4,APK JELEK!!!.,1,2026-07-20,16,Juli
860,47cc4fcf-2bc4-4800-a5ce-f8605d6a9313,pelayanam cepat dan mudah,5,2026-07-24,9,Juli
861,ca64bbc2-aa67-4399-ac26-9eb3405fa0ff,sudah mendaftarkan nomor HP tapi saat mau dapetin kode Verifikasi gara gara lupa sandi malah dibilang maaf nomor HP belum terdaftar. Padahal nomor HP sudah didaftarkan kok dibilang belum terdaftar makin ngawur nih aplikasi,1,2026-08-22,16,Agustus
862,23ff9191-535b-49a7-b536-bd9cd0023859,"aplikasi nya jelek, log out terus, gangguan terus, menyulitkan pengguna",1,2026-06-23,9,Juni
863,e0961729-83c0-4593-8f56-1eb0629ae82c,"Aplikasinya yg selalu minta update. Giliran pelayanan gak pernah update (tenaga kesehatan, fasilitas kesehatan, sarana prasarana dan lain-lain)",1,2026-07-06,9,Juli
864,164cd15e-9742-479c-925a-56fe4142f50b,"sumpah demi apapun apknya jelek, untuk apa apknya kalo daftar online udah bisa, pas hari h mau dipake apknya eror dong, parah,,, jadi gak mempermudah malah ngeribetin. gak mempersingkat waktu malah jd kerja 2 x, udah ambil no antrian malem,paginya di cek gak bisa terpaksa ambil pagi banget perbaiki lagi deh kalo ke gini terus mending di uninstall dr pd ga berfungsi",1,2026-08-06,6,Agustus
865,743895fa-f052-4df5-b817-ce93c2e5186c,aplikasi sering eror gini bikin susah aja,1,2026-07-02,8,Juli
866,c92bebee-2b4d-45bb-a676-4f6d53bd23c9,ada fitur BPJS keliling tapi di cari wilayah bwi pake filter GK ada. gajelas,1,2026-08-25,16,Agustus
867,9c5d4113-7704-44b0-8656-b023ed0f3e38,Aplikasi Sanga membantu,5,2026-07-14,14,Juli
868,d89305d8-7bc1-4d0f-9c80-8f3137e02aa8,semoga pelayanannya semakin okey,5,2026-08-13,13,Agustus
869,e9ac1abe-a898-4e3e-98ec-847376732428,ini knp ko gak bisa di akses??,4,2026-07-22,12,Juli
870,a089d69f-ba67-4706-abd7-9d8356c1ac7f,good aps,5,2026-07-15,19,Juli
871,52be23f5-ed1c-4cb5-b466-939989a178a9,"TERIMAKASIH BPJS, BANGGA MENJADI RAKYAT INDONESIA...",5,2026-06-25,9,Juni
872,adf8f89c-ce43-4ef3-bccc-829b5e601424,"tolong APLIKASI NYE MEMPERMUDAH penggunanye , kami orang orang ,sakit butuh Aplikasi ini",5,2026-06-23,22,Juni
873,8e8ba4f5-a0c8-4340-82c1-ab13423238b6,"apk dongok, kirim otp pake kirim sms dulu yg",1,2026-06-06,0,Juni
874,a4b6a542-aebe-4a13-b344-bef8d9ea2e41,sayang tidak bisa di registrasi dari akun lain kalau mau Konsul atau rujukan Ke RS,4,2026-06-01,10,Juni
875,8ec0da2d-2360-4e4b-ac04-d3aa96671671,aplikasi nya ngga jelas banget.banyak troubel nya,1,2026-08-18,19,Agustus
876,5ed66376-b7d8-476e-bcb2-d3f427bef184,"lebih mudah, cepat dan praktis",5,2026-08-21,10,Agustus
877,80e83629-1c74-4d2c-af64-ba0d8fd64d81,pelayanan mantap,5,2026-06-16,8,Juni
878,6b61d20b-1c30-41ea-bbbb-c71940be6cad,banyak gangguan,1,2026-06-04,15,Juni
879,1fb7fe70-7e93-48d0-9ccd-cb9539f7c42d,"menyulitkan, setiap bulan di suruh login ulang payah lagi.",1,2026-08-26,10,Agustus
880,10a5b742-e845-4e8c-b0de-4f4e338fa9f9,cukup baik,5,2026-08-24,18,Agustus
881,e469ebd9-0bde-4bd0-9b72-c4edd28ce2bf,bagus,5,2026-07-16,10,Juli
882,4fa3cba2-0999-4181-b937-d0ac7c139183,"aplikasi ini sungguh sangat bermanfaat,karena untuk merubah faskes aja bisa dilakukan dengan jari dari rumah,tanpa harus melalui birokrasi yg sangat rumit.",5,2026-06-16,5,Juni
883,d5da940f-e807-4107-aa61-446a46efe803,Jos jiss,5,2026-06-06,10,Juni
884,a979ee3b-93c4-4fb6-8e28-672b441a2f95,"setiap login sulit. selalu minta otp buang"" waktu otp nya susah",1,2026-07-01,9,Juli
885,27e82288-2022-4d3a-a290-fd1af62f1203,Alhamdulillah apk JKN sangat membantu mempermudah segalanya🙏,5,2026-06-14,18,Juni
886,a4c78951-37e5-42bc-9b9a-286ef11d2534,baik,4,2026-08-06,8,Agustus
887,2fcb5af8-3bfa-4737-8789-84790ef7f063,sangat membantu,5,2026-08-03,11,Agustus
888,c4c8e589-23b6-4879-90df-4ecef4ea4390,pelayanan BPKS JOZZZ...,5,2026-07-23,13,Juli
889,126471cd-b63e-43c7-bd9a-a9aea791baa4,gak jelas gak bisa menerima kode otp SMS aneh,1,2026-08-11,11,Agustus
890,d050def3-e40a-4fe7-8e74-303cc4fd9fcc,baik,5,2026-07-21,15,Juli
891,f8b84c33-8605-4977-b623-ba014e4aa428,dengan menggunakan aplikasi JKN semua jadi sangat mudah,5,2026-06-06,8,Juni
892,2938d327-763e-499f-a8b2-4e5b71bf256f,aplikasi bosok,1,2026-06-07,13,Juni
893,d09e0e5e-0589-498c-bf18-3f45243300f6,tidak kompatibel dengan perangkat saya,1,2026-07-12,14,Juli
894,4d74d89e-f7ed-474e-923d-71e3b00a333a,macemana pula ini ternyta bukan cuman manusia aja yang nanti di sogok baru bisa di bantu aplikasi juga seperti itu di kasih bintang 5 dulu baru bisa regist...sunggu terlalu dunia ini🤭🤭,5,2026-06-04,7,Juni
895,fe244e0f-9272-49e5-88c1-fe8939b76a34,mantap,5,2026-08-06,6,Agustus
896,1abf20d3-f526-4d12-ad04-1714d8e9ac41,susah bgt pke apl ini. kadang² keluar sendiri data udah di perbarui tp di sni tetep ga bisa ga jelas pokoknya,1,2026-06-06,17,Juni
897,2213a18d-5186-4cc3-8d79-13e4d8544882,Alhamdulillah pelayanan BPJS sangat baik,5,2026-06-22,10,Juni
898,e38ca1c2-0137-41fd-b068-8a3ebd39ef72,jelek banget banget banget udah beberapa kali coba verifikasi nya sulit banget berkali kali kendala di verifikasi wajah sampe di ulang berhari hari udah bisa verifikasi wajah kendala di verifikasi nomor hp berkali kali di coba bahkan di lain lain hari di coba lagi tetep ajj ada gangguan lah belum bisa melayani lah ribet banget,1,2026-07-29,8,Juli
899,6ac7fff1-444c-47e9-8b56-68344be15fbe,"Aplikasinya harus diperbaiki. sudah daftar biometrik. setelah beberapa minggu tidak pernah pakai. trus mau masuk biometrik tidak bisa digunakan lagi. harus input ulang nik , password dan chapta. terus untuk chapta nya sering tidak jelas.",1,2026-06-06,15,Juni
900,fad31492-54b8-4d34-a6ec-a92946bcae17,aplikasi yang sangat bermanfaat,5,2026-06-02,15,Juni
901,640d7297-4fbb-496e-8433-fe29bba81d5c,top,5,2026-07-07,9,Juli
902,9e9c1794-99f8-413e-bd67-d37189d11ee1,buat daftar aja susah buat verivikasi aplikasi ga berguna,1,2026-07-26,19,Juli
903,f46179ea-02cc-404a-b2e1-6f817f47ff0c,nazis aplikasi nya kehapus eh pas mau download LG g bisa katanya perangkat tidak kompitibel,1,2026-08-13,7,Agustus
904,eff208e6-8ff0-4033-a13b-fe62243f8799,"aplikasi layanan pemerinta emng ga pernah ada yang bagus..vrifikasi ga masuk2 pulsa ada juga,tiap waktu nyoba tetep vrifikasi ga masuk masuk bangke emng",1,2026-08-31,15,Agustus
905,f904088a-c7a2-419c-b28a-a118bb876efd,BARU MAU MINTA KODE OTP SMS AJA UDAH DI PERSULIT. NUNGGU OTP SMS SAMPAI 3 MENIT DI TINGGAL BERAK DULU JUGA MASI KEBURU. APLIKASI BOBROK ANGGARAN DOANG GEDE. BIKIN APLIKASI GINI AJA GA NIAT BANGET. PALING SENENG KALO BIKIN RAKYAT NYA SULIT. REAL FAKTA,1,2026-08-17,10,Agustus
906,ec5db454-f760-4906-b034-09617ae27b98,mengecewakan,1,2026-08-09,10,Agustus
907,c51d44fd-92e9-4350-8faa-f25e5c1655da,masih ok saat ini,5,2026-07-29,23,Juli
908,6dd8ae64-0876-4d5a-a175-fea98b2f1898,bagus,5,2026-08-12,10,Agustus
909,aaac623f-784c-413a-b480-3837720c3b82,makin kesini makin ribet,1,2026-06-22,9,Juni
910,ad9b3822-68e3-4da8-a38f-f34741295b59,"aplikasi buruk, udah log in tiba2 keluar sendiri, mau login harus pakai pulsa lagi.",1,2026-08-31,21,Agustus
911,c82444cc-b77b-4573-9b28-40ec3972184b,mau buka fitur susah belum dapat di proses terus,1,2026-07-04,14,Juli
912,b34cc7ad-acb5-403a-ba54-69a1cbb9b563,"jkn,koclok masak gak bisa dipake login lebih dari 3 ktp gak bisa. kalo ada yg minta tolong gimana,orang tua apa saudara yg gak ada hp. Apa dikira mau dipake nyolong apa aplikasi nya. Apk jelek bgt...",1,2026-08-25,19,Agustus
913,662ace16-d4dc-442e-9088-0cce9a92502b,ok,4,2026-06-12,20,Juni
914,7db281ef-a425-4446-8b17-ec4fe44e7d62,wonderful,5,2026-06-18,7,Juni
915,c2d5325c-dc1f-412a-ab23-9afc418b22ba,"aplikasi pemerintah paling sampah,OTP kaga masuk dicoba berkali-kali gimana mau daftar buat berobat,sedangkan kalo dateng langsung ambil antrean di rs/puskesmas nomer antrean dari aplikasi dulu yang di prioritaskan",1,2026-06-10,1,Juni
916,ca33ffe3-3dae-4c01-a4f8-b193e6891d7c,sangat membantu pengguna fasilitas kesehatan,5,2026-08-16,17,Agustus
917,4a8c1797-e251-49ab-8279-d78dd4e6dce5,bagus,5,2026-07-14,4,Juli
918,94330c74-873a-40a4-a996-f25c52b0b005,mudah di gunakan,4,2026-08-14,15,Agustus
919,9a471e59-c9d5-4a51-a26a-06e792c33132,kak. ini gimana ya kok susah beneer mau register. mending ga usah pake aplikasi sekalian. mohon untuk segera d perbaiki kak. karna apk ini sudah terhubung dengan rumah sakit,1,2026-06-24,12,Juni
920,be8767fd-2135-41b7-ac71-c9d491a50136,"gprnh ngebintang 1 apapun dan ini pertama kalinya, tp apl ini bener2 gbisa di akses mau verifikasi gabisa sama sekali pulsa baru di isi, padahal cuman mau liat status kepesertaan aja di bikin ribet nya minta ampun.",1,2026-06-06,22,Juni
921,b21394f6-3483-4b93-9868-41ac0c54a2fb,bagus dan membantu dalam data bpjs,4,2026-06-20,20,Juni
922,afb33815-29ff-4648-9863-82920b518658,ok,5,2026-07-14,5,Juli
923,8cbc1f37-a26f-4a55-ab40-29ff85025175,ok bgt,5,2026-07-28,20,Juli
924,1f885768-3c0c-486d-9d0e-95a05c46f121,"apasih ini aplikasi, gua daftar malah loading terus, tulisan error terus padahal sinyal bagus perbaiki lagi lahh, apalagi sekarang kalau mau periksa kemana mana harus daftar lewat aplikasi ini lagi!",1,2026-08-27,8,Agustus
925,d757658c-f2c2-4f2d-92d5-197676d5d4e6,Tolong lah buat pencipta aplikasi jangan susahkan kami orang yang tidak berpunya.. Kami sudah berusaha beli hp biar bisa pake jkn .. tapi baru di pake bbrpa bulan di persulit lagi .. Aplikasinya sudah tidak bisa di pake di perangkat hp nya .. Tolong jangan persulit kami orang yang membutuhkan dan tidak mampu beli hp yang tipe androidnya tinggi,5,2026-06-30,21,Juni
926,20be426e-90f6-4793-906c-f12d70f49b49,daftar aja dipersulit,1,2026-07-09,7,Juli
927,0f6f9450-1b10-4826-a257-165e85f25886,BERHARI2 TIDAK BISA MENDAFTAR,1,2026-08-28,15,Agustus
928,cfa60723-b543-4c85-aba1-c6df9a8fe70a,semoga lancar dan sehat Indonesia,5,2026-08-20,9,Agustus
929,bd4d381d-5b05-4e32-9ccf-9c140ca33932,sangat sulit untuk verifikasi,1,2026-07-23,8,Juli
930,6cdf82dd-ae06-429c-88ab-0cf70737e8d3,APLIKASI PARAH MASA AKIBAT BEDA VERSI GAK BISA DOWNLOAD TOLONG LAH,1,2026-06-30,23,Juni
931,ece98af6-fe18-4d3b-b71e-23d9430d92dc,"pengalaman saya sangat sulit untuk daftar masa harus nunggu kode otp selama 300detik udah nyampe waktu segitu masih gagal salah masukin kode otp terus hp harus ada pulsa,nya udah diisi pulsa tetep nggak bisa masuk padahal anak saya harus kontrol ke RS harus online tapi sangat sulit untuk daftar tolong dong gimana sih caranya saya sudah capekkkkkk",4,2026-08-23,6,Agustus
932,72a344e8-93df-4305-9cf5-9a60818048bc,APLIKASI YANG SANGAT BAGUS,1,2026-08-19,6,Agustus
933,3c211e0c-fbb7-4a2d-9701-24b420007e16,sangat bermanfaat,5,2026-06-08,19,Juni
934,7a55b189-1438-45c5-b3e8-45522fa35a85,ok cukup memuaskan,5,2026-08-06,22,Agustus
935,353a8e54-159b-45e1-88ef-bc58be99a4c4,sangat membantu,5,2026-08-01,12,Agustus
936,74e9e8fe-b067-4267-8559-50d59a8b8aff,aplikasi babi susah di buka signal ok dia bilang signal tx ok,1,2026-08-18,9,Agustus
937,4bfa979e-1be3-42ad-8571-7b274a6405ab,"apus aja aplikasi gk guna login gk bisa offline mulu katanya sinyal bagus padahal,tolonglah admin klo emng mau mempermudah pelayanan dengan aplikasi ya aplikasinya di perbaiki lah ini mlh mempersulit malahan lebih mudah datang langsung ke rs yg di tuju ,uang pajak buat bpjs tu di gunakan lah buat merawat sistem bukan masuk kantong",1,2026-07-01,0,Juli
938,70a298de-f0eb-4025-a0a8-426104c938ae,mohon di perbaiki lagi sistem apikasih jagàn tiap hari eror terus,3,2026-08-20,7,Agustus
939,85dd1f20-2151-4c37-a01d-eb4789ee400e,Makasih iya,5,2026-08-24,14,Agustus
940,3265e83c-d366-4c02-8d2b-053a84b98edd,mantap,5,2026-08-21,19,Agustus
941,d20b5dbf-66bc-4f85-b6cb-327207c47cb7,sangat membantu..terutama pada saat pendaftaran.. bisa online lewat aplikasi JKN.. mantabb👍,5,2026-08-22,14,Agustus
942,d9b61659-99e6-4e45-8a44-63e8a506845a,terlalu menyusahkan bagi yang masyarakat yang tidak mampu membeli gadget...harusnya nik tidak dibatasi dalam satu perangkat soalnya tidak semua org punya handphone yg support aplikasi ini..,1,2026-08-14,10,Agustus
943,ce34818f-ea97-4e75-9c9e-169d82e11178,Alhamdulillah lancar,5,2026-07-31,10,Juli
944,f990f643-8a2e-4ca4-9990-df39b3a7db7a,mantap,5,2026-06-23,16,Juni
945,38ed5b94-0139-4e6a-8f81-2966d530a6e8,mantap,5,2026-07-23,10,Juli
946,5c313759-1869-40dd-b8e1-10ec9f0ac756,sangat membantu,5,2026-08-01,10,Agustus
947,2f2b779b-e91f-4f4e-9788-8988c8df58ab,"error terus, merugikan waktu tenaga dan hal lainnya",1,2026-06-19,8,Juni
948,7f06f5cc-d51b-48bf-a76f-f99024d2ca45,"Apk gk jelas, dh bikin akun dh lama sgala macem suruh login lagi masukin captcha dh bner disalahin terus pas buat antrian mo berobat dh ngisi data tetep gk bisa daftar gimana coba",1,2026-08-26,7,Agustus
949,4098db0d-eb9e-4c09-97e6-9fe37acdd3bb,mantap,5,2026-07-10,11,Juli
950,9aa5f480-4cc1-44e8-94e6-ca022d740d38,aplikasi nya tidak membantu sama sekali,1,2026-08-29,7,Agustus
951,c6406886-df7b-44a2-83d5-25d27f32cbb3,makin susah ya,1,2026-08-31,21,Agustus
952,fb3632cd-939a-4fb9-8d84-83b19c0b2e20,good,5,2026-08-15,22,Agustus
953,b3c3dfcf-dd35-4135-929e-6b0202637e86,"setiap update pasti log out sendiri, tolong diperbaiki",4,2026-08-06,5,Agustus
954,03757975-ad8a-4ebe-9c16-76975370d09c,kenapa sekarang gak bisa ambil antriannya,2,2026-08-31,13,Agustus
955,1b69afbe-21d1-46d1-8eaf-5105b1db621e,"serasa orng di goblokin pake apk ini udh lama nunggu tetap gabisa,gabisa di saran kan ini benar benar ga becus bngt orng lgi perlu percuma KLO di Adain apk gini KLO ga bisa di gunain",2,2026-06-28,16,Juni
956,2106af61-7006-4cff-9562-4ae21f8b7e61,"Aplikasi Buruk, Pulsa sudah dipotong OTP tidak masuk. Pengaduan OTP ditanggapi dengan bahasa yang baku, tidak ada solusi. Tolong Playstore untuk Takedown aplikasi ini, indikasi project Busuk.",1,2026-08-19,9,Agustus
957,c7a3d374-0d92-4479-b361-35267aadd3f0,bagus,5,2026-08-29,11,Agustus
958,92c295bf-d506-427b-94dc-dcdf18353639,apk makin bagus. mantap,5,2026-07-29,9,Juli
959,d76f0fec-1e94-4f51-b9ac-bdd605ebc8f1,sangat bagus,5,2026-06-12,8,Juni
960,f5d0511a-3818-4c46-9c4d-8c6098add89d,sangat puas dengan pelayanan ini,5,2026-06-27,19,Juni
961,cfc22a38-f625-4fcb-a974-9a1b824b9a99,sosialisasikan ke pengguna jkn oleh BPJS....,5,2026-08-07,9,Agustus
962,d2357e11-881b-4540-a779-be4498a35118,sangat puas,5,2026-08-27,17,Agustus
963,c3b2d420-45cd-4397-ba1c-87d4b59e026f,"bagus dan aplikatif, sangat membantu",5,2026-06-24,17,Juni
964,a3d2c9b5-f242-466a-b8b8-5a47fdfc7c9c,alhamdulillah berguna bagi publik,5,2026-07-01,17,Juli
965,c6e6d449-f0ea-4822-9c34-4ec9b7054471,sangat profesional dan berpengalaman,5,2026-07-03,7,Juli
966,9dd9baaf-19e7-4ef7-9c4a-d6062f32a6d3,pendaftaran online kurang jelas untuk anak harus ke poli KIA dan gak ada keterangan nya padahal sudah pilih siapa yg akan berobat tapi semua poli muncul sebaiknya di perbaiki jika anak2 poli yg bisa di pakai saja yg muncul. mahal pajaknya aplikasinya busuk,1,2026-07-14,8,Juli
967,74b3117e-b8f0-4f94-9d8b-9caa30d8be31,sangat membantu,5,2026-07-26,19,Juli
968,00909726-a0e8-4c2f-bff8-aeb1c6eb25de,aplikasi ga jelas ngirim kode otp ga bisa bisa,1,2026-08-10,1,Agustus
969,b1cbac31-94c8-494e-9214-d043e60d5407,aplikasi cacat...!!,1,2026-08-25,14,Agustus
970,dda071f5-fe06-4cb1-a089-7af0cda75e9d,puas,5,2026-07-22,19,Juli
971,5751e852-e38b-4bdb-b0e9-46b1aed32ac9,keluar sebentar untk liat kode aja gak bisa? buka aplikasi selalu kembali dari awal gimana mau masukin kode,1,2026-06-21,14,Juni
972,855a3e90-5467-4e9c-a2d7-7f1b068d76e2,bagus,5,2026-06-01,4,Juni
973,458ca41e-a8d7-4d5e-9f28-a42fd1aa9d38,toling dongg diperbaiki apk nyaa nyusahin org mau periksa ajaaa,1,2026-06-24,20,Juni
974,b6ac61f0-29d7-4fd2-ad98-6d5774480f0e,"awalnya sudah pernah masuk dan bisa menggunakan layanan mobile jkn,sekarang susah masuk dengan alasan akun belom terdaftar,JD ribet aplikasinya,,mau digunakan untuk ambil antrian ga bisa masuk,,tolong dong di perbaiki aplikasinya,,jgn dipersulit,tiap bulan sya rutin bayarnya.",3,2026-07-13,21,Juli
975,f161a9a3-695e-41ff-8c2b-9a0f68c05fd0,"aplikasi anjingg, ribet gak jelas",1,2026-08-06,12,Agustus
976,51358fc7-7848-43f7-90c8-ece89bbb3930,JKN online sangat membantu saya,5,2026-06-05,8,Juni
977,f0fcf82e-1a1f-4488-ac89-6702ba058375,mantap,5,2026-08-20,11,Agustus
978,5fbe23e8-c514-4e63-88c8-6d5d95311c03,semakin mudah dan sangat membantu,5,2026-07-31,4,Juli
979,3a5fa0df-27b2-43d9-b744-ecab975f4bfc,"Ngga Guna Jujur Di Apk Bukan nya Mempermudah Malah Mempersulit, udh Apk Bnyak bug , Baik in lg Apk Cs ngga guna , Cs Judol aj jawab cepat dan berguna dari pada apk ini Tolol",1,2026-08-18,10,Agustus
980,20e294de-2404-43c6-aee7-8ce55add8556,"apk busuk kode otp ga di kirim2, devoloper gmn dh?",1,2026-06-09,16,Juni
981,888b7c73-6812-4bec-bf31-00024dee53ff,aneh nih mau daftar aja susah!!!! pretttt lah,1,2026-06-19,12,Juni
982,5ada56eb-4b33-4b55-b3b9-c4334c734b20,sangat membantu sekali,5,2026-06-05,9,Juni
983,d0091b90-0a3e-4fef-bedb-e1bfe30b7c85,aplikasi ini sangat bagus sangan membantu untuk saya dan keluarga,5,2026-06-23,9,Juni
984,581dfb00-aa6e-4531-9165-adc077f7a92a,"kode OTP melalui pesan SMS nggak bisa terus, gagal terus",1,2026-07-20,16,Juli
985,e9eb24e6-62fe-42e3-9b1f-a3d2a7e9ffd5,mantap,5,2026-07-20,16,Juli
986,39dd60f3-d1a3-451a-a89e-2c88a3fd6e39,saya mau update nomer HP tidak bisa kira2 kenapa yah?ada keterangan pilih salah satu metode tapi ga muncul opsi pilihannya,4,2026-06-18,11,Juni
987,9ae650eb-ebe8-41b3-b430-feb2e5516a51,"baru mau daftar aja gk bisa, kode otp gk masuk²",1,2026-06-11,3,Juni
988,69f782c0-127a-47a0-bf42-77e8234df92c,cakep,5,2026-08-27,10,Agustus
989,9fcd86f8-9500-4216-bcd4-6883e51053d5,4 peserta udah update kk jadi 3 peserta sudah update kk Poto norek tetap aja bayar 4,1,2026-08-09,6,Agustus
990,4c5b6347-bc44-478e-9cf7-75e3d1fb7d4b,"proses mudah tidak ribet tidak ngantri yg penting punya kuota, makasih jkn",5,2026-08-26,10,Agustus
991,6ffb8bfb-ca82-4abf-9cd2-028a91fac298,mantap,5,2026-07-03,18,Juli
992,b8a3ff39-a909-4682-89ab-ae41e3ab5690,pelayanan cepat dan baik,5,2026-07-01,21,Juli
993,3f95955f-56df-4f93-98fb-ea1d2fc56882,"mengapa register saja sulit sekali? terutama pada bagian verifikasi nomor hp selalu muncul ""permintaan anda belum dapat diproses, silahkan coba beberapa saat lagi"". sudah dicoba berkali kali selalu keterangannya sama",1,2026-08-27,20,Agustus
994,b9847680-f2f7-408d-8531-488ff8536dfa,👍,5,2026-08-20,13,Agustus
995,e9c66261-bbe5-4580-81e7-2b5844d15374,oke,5,2026-08-08,5,Agustus
996,456cf8e6-e814-4e5b-b992-cc440e6e916d,Aplikasi sangat membantu dalam proses pendaftaran dll..makasih ya,5,2026-06-25,5,Juni
997,2a3c8612-9448-41d3-8845-1f52eae5887f,mau daftar susahnya minta ampun verifikasi nomer telpon gagal terus apk apaan ini,2,2026-07-17,17,Juli
998,eafc611b-e2c1-4c6f-840f-b94696f6505c,sangat membantu,5,2026-06-28,6,Juni
999,78d4496c-8cb3-400e-83ee-eba0c9c42115,"saran min Di tambahkan estimasi jam Di layani, agar peserta datang sesuai jam",5,2026-08-14,8,Agustus
1000,678a8165-6990-481a-8d5f-35e31e9fb12b,"banyak bug, kode otp gak kekirim²",1,2026-07-18,10,Juli
1001,615e44bb-d7e8-4d28-98ad-a7a4b5ed3a8c,good,5,2026-06-13,7,Juni
1002,442cb47d-e2c6-445c-8515-44039b0db0ac,perubahan alamat faskes gampang sekali tapi tunggu 1 bln kedepan br bisa digunakam Terima kasih Mobile jkn,5,2026-08-01,7,Agustus
1003,7f7bdf60-235c-4e43-af44-5894e6d778f8,"aplikasi ini sangat membatu,, terima kasih",5,2026-07-23,17,Juli
1004,93fae541-bc34-41fb-97e5-36fff4cf6677,penggunaan kurang nyaman mohon ikon nya diperbaiki lagi ya masih banyak bugnya dan juga sering terjadi gangguan jaringan pdahal sinyal internet nya enak banget semoga bisa update lebih baik lagi karena suka banget dengan aplikasi nya,3,2026-08-03,10,Agustus
1005,42675b69-0063-4ee3-8865-aebf8b3451f4,cepat d bagus gak ribet sangat menuaskan,5,2026-08-27,10,Agustus
1006,98cd116b-984f-4e6d-b69a-168eece6de13,"bikin aplikasi yg mudahin masyarakat dong,udah fotonya susah bngt udah masuk ,smsny ga masuk2 ,lewat wa harusnya bisa ini ga ada pilihan,nyebelin bngt",1,2026-07-19,14,Juli
1007,aabbc392-618c-4858-bb5d-9e052372b209,ok,5,2026-07-25,20,Juli
1008,0e7db291-67b2-4b0d-8450-baaa40459f2c,ga bisa masuk terus ajg,1,2026-08-26,12,Agustus
1009,3f179946-0086-4503-965a-95eb3942f6d2,Sangat membantu,5,2026-08-03,13,Agustus
1010,acd6b054-0260-487a-a083-1b46b16b21ca,bagus pelayanan nya,5,2026-07-03,15,Juli
1011,b1a2fc1e-a257-4521-b7d4-54d6baa7e7e5,kenapa tidak bisa dengan perangkat saya ini tolong lah untuk anak saya berobat ini parah amat sie ini pemerintah,1,2026-07-05,21,Juli
1012,1c79d5bc-16eb-4592-90f1-2edded38fb63,"aplikasi sangat membantu, mudah digunakan",5,2026-08-31,9,Agustus
1013,76ab15a2-81a3-42a1-989a-1888401d6534,sangat membantu sekali... mudah cepat dan efisien.. . cepat memproses aduan dari peserta BPJS kesehatan.,5,2026-08-27,10,Agustus
1014,1108a29e-a83b-43e0-bcfc-647f5e42d8dd,Proses perubahan faskes sangat vepat,5,2026-07-01,15,Juli
1015,e62a0b44-a4e9-4dae-8bc3-6447bf32ead1,"saya mau login ulang, tapi dibagian masukin kode captcha kenapa kode selalu salah? saya bahkan sudah lebih dari 10x mencoba dan mengisi kode captcha sesuai dengan yang tertera di kode lalu mengapa informasi yang saya dapatkan adalah ""kode captcha anda tidak valid?"" tolong beribu-ribu tolong ini mah ya, saya bener-bener capek sudah 2 hari tetap saja dibagian captcha nya selalu ada informasi ""kode captcha anda tidak valid""",1,2026-08-31,15,Agustus
1016,9e291d2d-eabe-4e0b-8ab3-e4361b1f969d,"perbaikin serverny udah login mau antre malah kelur, verifikasi gbs.",1,2026-07-01,9,Juli
1017,35717ac5-6bad-4e0b-97ab-c68fb6a21a29,"Memudahkan dlm berobat info kesehatan, sangat membantu.",5,2026-08-02,10,Agustus
1018,411c7f91-1797-42de-8496-df04b6f602bd,"aplikasi gak guna,masa mau perbaharui nomor sama email gak bisa,konyol banget apknya, verifikasi juga pke pulsa,gratis woi udah kena pajak malah dipajakin lagi",1,2026-06-28,15,Juni
1019,9fffcb56-42b9-4098-8a18-41911f49031f,kren,5,2026-06-26,8,Juni
1020,b91897bd-9ecb-4f40-86ea-d7c4d21c9a7b,terimakasih kasih dengan adanya aplikasi ini,5,2026-08-19,11,Agustus
1021,39043c3b-103c-4108-8aad-f033d1eb67aa,ngasih pop up tagihan mulu....pelayanan pasien BPJS aja sepelekan mau bayar langsung dari aplikasi gk bisa ampas sekali apk ini,2,2026-08-10,14,Agustus
1022,84353d35-6f6a-4088-b58c-d807dbdca22c,jujur sangat mengecewakan apk ini di pakai saat butuh malah error orang sakit bukannya di permudah malah di persulit oleh apk,5,2026-06-08,12,Juni
1023,a50480d6-da6e-491a-bdb9-6deaa3763231,"kode otpnya diintegrasikan dengan WA ngemtodd, susah amat minta code lewat sms",1,2026-07-14,6,Juli
1024,d8d8c410-35bb-450b-aed3-d95a4ec07bec,Moga tambah baik,5,2026-08-11,18,Agustus
1025,1eab29a3-4ab8-4736-bff9-76c5ad5ee282,pelayqnannya luar biasa terbaik sigap dan cepqt,5,2026-08-22,19,Agustus
1026,b7545bc7-1e8f-4ae6-a55d-cf189d55c790,so far so good. thq,5,2026-08-14,6,Agustus
1027,28d82675-afa7-4bdb-ac69-4017aaf89f17,bagus,5,2026-07-20,13,Juli
1028,f684c080-1419-4908-9cb0-ea83b75e5c8c,sangat membantu👍🏻,5,2026-07-02,7,Juli
1029,ff16594e-5618-4fa4-8e77-a1050c2e4baf,sangat sangat membantu banget,5,2026-06-24,15,Juni
1030,b448011b-a9f7-4617-b651-9ec9fa1feab3,"tolol banget , udah masukin no tlpn terus vrefikasi malah di suruh pilih vrefikasi di bawah kan sudah di pencet vrefikasi malah di suruh pilih vrefikasi,",1,2026-07-02,16,Juli
1031,daaf6b2a-584b-4a66-9f07-31737b36d405,capek kita daftar ulang2 malah ada keterangan maaf belum bisa di proses baru kita minta kirim nomor otp ke nomor yang sudah terdaftar tapi kode otpnya g masuk2,1,2026-06-11,21,Juni
1032,e1a69588-0f4a-456a-9e97-c67a134097d0,kenapa aplikasi ini TDK konec dengan semua hp dulu masih bisa buka di hp sy sekarang TDK bisa lagi,1,2026-07-28,13,Juli
1033,f8d38473-6fe6-472d-8b55-d49d95c2d1f0,sangat membantu untuk mengubah faskes,4,2026-08-01,9,Agustus
1034,52f7cc79-d17d-4f2d-8c55-18808fea2d5b,mobil jekn knp sih udah 2 bulanan ini aku mau login tp g bisa2 katanya no ktpku salah pdhl bener g jls bngt bikin ribet,1,2026-06-09,6,Juni
1035,c4f0b47f-4036-4c2f-8d58-8f3641c3b1c2,"sering maintenance tapi sering tau tau log out sendiri, kalo misal lupa password minta otp juga susah. kalo mau korupsi di bagi dikit ke pihak IT nya mas biar kerja nya bener",1,2026-08-02,15,Agustus
1036,294c5376-e29d-4411-9872-cca89c6c9a48,sangat membantu,5,2026-06-16,16,Juni
1037,4b7693d3-1599-49e0-9bcd-18330e6a8151,sangat membantu jadi kita gak perlu repot lagih untuk ngantri,5,2026-06-09,7,Juni
1038,291242d4-89d1-460a-ad22-68e430ab2315,"Layanan kesehatan prima, terimakasih",5,2026-08-03,5,Agustus
1039,7dd371ae-880f-4a81-8cfc-24900867ebfd,bagus terstruktur tdk seperti MBG amburadul,5,2026-07-05,2,Juli
1040,b72e4a89-a595-4aeb-abf5-5fab30374876,"aplikasi parah , mau berobat aja ribet daftar ini itu aplikasi belum stabil aja maksa",1,2026-06-24,7,Juni
1041,6c71baad-b5ee-41cb-92ac-85e6e202929b,bagus,5,2026-06-14,12,Juni
1042,b04caa5f-e332-4178-ad6e-9c4d78b522f9,Aplikasi bagus pelayanan sudah mulai membaik,3,2026-08-09,6,Agustus
1043,4cce4311-787b-4a78-b6be-b6bb5ae87375,aplikasi ga jelas mau daftar aja di persulit muter terus,1,2026-06-02,23,Juni
1044,1a41b38f-ce74-4ff6-a734-4dc895ea1981,samgat membantu dari pemerintah,5,2026-08-11,23,Agustus
1045,d62b5c30-6d6b-4fcc-b407-4904776a2cfb,"Bukannya mempermudah, tapi mempersulit. Kode otp via SMS tidak masuk masuk! sudah isi pulsa ttp gak masuk kodenya!",1,2026-06-04,5,Juni
1046,017452ff-79f5-4206-8a81-0c993791357f,error mulu udah 3 kali kadang bisa kadang engga pas mau rujuk tingkat lanjut malah ga ada buat ngambil nomor antrian padahal di rujuknya pagi tp malah ga ada pas ada udh malem udh beres kontrol nya,1,2026-08-20,18,Agustus
1047,460dc176-962e-4c8e-bf0e-0c676cb1c6de,Alhamdulillah apk ini sangat membantu,5,2026-06-13,6,Juni
1048,0bda89cc-c3c9-46cc-a567-302efe131452,okeh,4,2026-07-01,10,Juli
1049,56237004-ca29-4a31-94a4-da00d8e021a4,"saya TIDAK PUAS. kenapa sih ini Jkn? waktu saya mau log in, captcha nya tidak muncul hanya muter2 aja. sudah 2 hari seperti ini sedangkan saya perlu mendaftarkan ibu saya!",5,2026-06-08,14,Juni
1050,4d8d8abc-37dd-4a72-a569-ffc4f0514095,sangat bagus,5,2026-06-19,20,Juni
1051,76ffac83-22d0-4c12-b673-ea99ed0c9c7b,Mantap Sih,5,2026-07-04,23,Juli
1052,21ff15c8-4640-4b1a-a7f1-7ca2170a74a7,mudah... gampang... terpercaya,5,2026-08-05,8,Agustus
1053,12aa3683-fc4e-4e99-9130-5e3da201917a,ok,5,2026-08-28,8,Agustus
1054,f3bc27fb-8ec0-422e-a48a-dc1b7dc5bc5e,"sejauh ini bagus, sangat membantu",5,2026-07-28,23,Juli
1055,9a99f1e3-8343-4e18-bb2f-5e74d4cbb7de,sangat baik,5,2026-07-09,13,Juli
1056,4ced6328-bb35-486a-b16a-e0644fb53f88,makin sini makin rusakk ini aplikasi. gak bisa daftar.scan wajah gagal . masukin nomor gak bisaa,1,2026-08-28,14,Agustus
1057,58b9912d-24df-4788-9ba8-cbfe02f7cbcc,aplikasi tolol nunggu kode Verifikasi nomor hp hampir 1 jam udah gonta ganti nomor hp tetap aja g masuk,1,2026-06-02,23,Juni
1058,8fbbedf8-4075-41eb-a486-57a3d39b8914,"Dari mulai pagi sampai malam gak bisa login. ""permintaan anda belum dapat di proses coba beberapa saat lagi""",1,2026-07-01,1,Juli
1059,5c0eb6a9-a483-4ba3-a7aa-fde3fcc73c82,sangat membantu dalam pendaftaran .,5,2026-07-14,10,Juli
1060,32d5ef31-1eae-48c1-a09a-34966a97ec88,layanan terburuk yang pernah diciptakan.,1,2026-08-14,21,Agustus
1061,6827a7db-548f-4322-9400-30ff9485f2af,nunggu otp sampe 30 menit,1,2026-07-06,21,Juli
1062,a8809593-da3b-4fe5-9df8-cb70686496e3,"aplikasi tidak berguna, mau login saja tidak bisa, loading dan offline keterangan nya, padahal jaringan aman, aplikasi tolol",1,2026-07-12,3,Juli
1063,ad8c409a-e010-4e1d-95fe-a2ce871fdabc,"kata akumah benerin dulu nih apk , busuk bangett susah juga kalo mau di pakek suruh nunggu beberapa menit tpi dari malam Sampek pagi tetep ga bisa ngelag ngelag trus apk aneh",1,2026-08-03,7,Agustus
1064,a458d4d8-5694-41fd-8e0f-da6961644c8b,"Ribet banget, hanya sekedar daftar aja. oh iya, kalau ndak ribet, bukan NKRI nama nya.",1,2026-08-02,14,Agustus
1065,ae2676f0-e1a8-4cea-b177-88ccaa868c03,"saya pribadi kurang puas dengan aplikasi ini, untuk mendaftar antrian secara online seperti nya kurang real/masih terjadi bug.mohon untuk ditingkatkan lagi dari update pelayanan nya dan sistem nya",1,2026-07-17,3,Juli
1066,226a4650-f575-473f-b6c6-33eb9ca5a540,Praktis dan mempermudah proses perawatan kesehatan.,5,2026-07-30,18,Juli
1067,ee78eab7-21a6-40ce-86f1-94b1fa7fe941,trima kasih mobile jkn,5,2026-08-24,13,Agustus
1068,b08dad89-32fc-4ccd-a16a-aed9550ca627,"pelayanan untuk orang jompo, penggantian data ( no hp. lupa pasword,dll) terlalu dipersulit.. tidak rekomendasi untuk orang lanjut usia..",1,2026-07-17,9,Juli
1069,d542d899-194f-43dd-9e61-f67b6e29fce0,setiap mau daftar selalu penuh nnti masuk ke apk ulang malah jadwal belum ada gimana sih ?!!!,1,2026-07-02,17,Juli
1070,ac9ebe80-8e0b-4106-8d75-dfaebe9f3236,aplikasi ini sangat bagus dan memuaskan,5,2026-07-07,12,Juli
1071,f0ea9f76-7c55-4634-8f34-922d4dfaca6d,Sangat membantu,5,2026-07-03,11,Juli
1072,b6657835-d205-433f-8b79-909b0fa40619,"terimakasih sangat membantu segala administrasi. , tidak ribet. simple",5,2026-08-19,9,Agustus
1073,ba7caf75-6065-425f-802e-9cb863f91d29,aplikasi nya sudah tidak bisa d download di android 9 padahal ga semua orang punya hp bagus,2,2026-07-10,16,Juli
1074,0220efa6-3ae3-4151-8e42-05ee197f39dd,ok laj,5,2026-07-06,18,Juli
1075,c852838d-8baf-4dae-b6d6-233784522c74,sangat membantu untuk kesehatan,5,2026-08-14,6,Agustus
1076,2f65b581-6a26-41bf-ac10-bbf001caf498,made in Konoha selalu aja app nya ngaco hahaha..,1,2026-07-07,5,Juli
1077,a4ea3f30-467d-4e8a-95ad-4bd5b5192b90,aplikasi bikin orang naik pitam suruh hubungi Pandawa katanya udah diverifikasi eh giliran daftar gagal lagi,2,2026-06-02,9,Juni
1078,265de804-8a14-40af-b3c6-6cf440ece211,"udh terdaftar trus kluar sendiri terus harus login lagi, karena kode caphca nya salah trus padahl udah bener jadi nya ga bisa masuk akun nya lagi. tolong lah perbaiki lagi harusnya pemerintah gaush nyaranin kalo apk nya sering eror kya gini!",1,2026-08-03,9,Agustus
1079,9cf3abd9-52ae-4f1f-912f-6f981c729d73,"ini akun saya kenapa gk bisa dibuka ya ,trus gliran suruh update, perangkat hp anda tidak kompatibel dengan apk ini, mksdnya gmn yah ,udh uninstall gliran mau diinstal gk bsa lg",3,2026-07-27,0,Juli
1080,75d87b53-78b3-438c-84bf-3fa4e07a023c,pelayanan sangat memuaskan,5,2026-07-06,13,Juli
1081,5de4d6fd-612a-44f2-9055-be475d6b52cf,sangat bagus,5,2026-08-10,10,Agustus
1082,1b0c14cb-a774-4023-ab29-e3b20cf750ee,benar benar menyusahkan bpjs,1,2026-08-13,14,Agustus
1083,18d823bb-1fe3-4ccc-bd7f-c4cc90692e79,aplikasi macam ap ini .misalnya ada orang kecelakaan tentu butuh perawatan khusus? jadi pergi ke layanan kesehatan harus download mobile jkn dlu pak keburu mati tu orang..,1,2026-08-05,8,Agustus
1084,40ab8d66-9dd5-4f8f-8762-5b178c5fbb20,ketika login capctha slalu nge bug,2,2026-06-17,16,Juni
1085,b53fdf98-4e95-4f0c-98c2-3ef5f01bc401,mantap,5,2026-06-23,17,Juni
1086,dc2cd8fc-f313-4846-85b2-5aa7eada7fbc,memudahkan proses. harap ditingkatkan lagi supaya lebih cepat dan tidak mendadak error lagi.,5,2026-07-01,8,Juli
1087,8c9f3a4d-6307-4573-8b3b-f247e5c3ad2b,sangat membantu sekali terima kasih..,5,2026-08-10,7,Agustus
1088,277793c3-d934-4d38-9900-5356b14bf9a0,gini amat🗿,1,2026-06-29,17,Juni
1089,ffce1b82-03fc-46b8-b014-5285a30c93c6,aplikasi eror banyak bug,1,2026-07-20,13,Juli
1090,be4aeb06-0232-4d55-ad75-c725c0d7b47b,gajelas aplikasinya,1,2026-08-04,17,Agustus
1091,bea75f5e-f9df-4865-b7ac-4c414bb9b6a3,asallamualaikum alhamdulilah sudah daftar di aplikasi mobile jkn bisa mudah Terima kasih🙏,5,2026-08-14,10,Agustus
1092,f513dc03-0cfc-477c-95dd-ff5bbd800916,mantap,5,2026-07-28,7,Juli
1093,7234f0df-0157-42ec-bf09-20777225d110,aplikasinya sering eror udah daftar dan masuk masih di sruh masukkin NIK SRUH MASUKIN PASSWORD LG tolong di perbaiki lg,1,2026-07-02,11,Juli
1094,daf6d3b1-9d80-4c67-937f-c52fb3c180ee,bagusss,5,2026-08-27,23,Agustus
1095,5bddb59a-3797-4794-8d05-a800422fd28f,"kenapa selalu tiba"" keluar masa harus masuk lg pa butuh kaya kurang kerjaan aja pas lagi penting terus juga kadang gk bisa masuk berulang x dicoba gimana sih niat buat aplikasi apa ga becus",1,2026-07-29,15,Juli
1096,9e5fb6a2-4b15-4317-bd2d-0d235c05e0cd,Sangat Membantu Masyarakat,5,2026-07-25,11,Juli
1097,d6368cd9-9f87-405b-a2a8-d46b028b81db,good,5,2026-06-29,10,Juni
1098,9bd35ab3-0b4e-44cd-bda8-231d921213d9,"dipaksa pakai aplikasi, tapi aplikasinya menyusahkan",1,2026-08-23,11,Agustus
1099,89da35b0-9583-4419-a842-f6b30b87c3c9,good lh semoga nanti ga diperribet,5,2026-07-02,15,Juli
1100,ca2a28cb-1ef9-45b9-bc75-7ab0ed63b6f2,terimakasih mobile jkn informasi lewat mobile jkn untuk kemudahan akses kesehatan sukses selalu,5,2026-07-14,12,Juli
1101,8c535340-1f96-485b-bd6d-ee7ab243a7ca,"apk ngak jelas beberapa hari ngak di buka log out,log on lagi susah harus apal nik,itupun cuman 1 yg bisa log in apk menyusahkan sekali....",1,2026-08-01,17,Agustus
1102,84687969-a123-40ca-a9e8-6dfb3a2acb57,Baru daftar dan mudah digunakan aplikasinya,5,2026-08-30,21,Agustus
1103,b3d9fdda-271e-40da-8f46-4b7bdf759665,bagus,5,2026-08-17,9,Agustus
1104,1567097e-3810-4bd2-81aa-20b6903feb00,"ini gimana. jika hp android ko ga unduh. tidak suport Gito hp nya. jika orang ga mampu mau berobat mesti download, Indonesia negara serba aturan , semua atasan komersil. mau nya untung",5,2026-07-20,17,Juli
1105,aa4e700e-84f0-490f-b007-5447caffccdf,sangat bagus,5,2026-06-13,14,Juni
1106,07f57853-869f-438c-b35d-abeae8e77fcc,"Aplikasi tidak berguna harus login berkali kali, dikira waktu masyarakat buat ngurusin aplikasi bodoh pemerintah begini doang!",1,2026-06-30,16,Juni
1107,83c54cd0-c3bc-4963-8ffc-97498f6ff138,bagus,3,2026-08-10,17,Agustus
1108,a7f3beeb-db4b-459e-88cb-431bab764877,aplikasinya bagus,5,2026-06-16,18,Juni
1109,aa1e68a9-028c-4371-aa74-1a7f60f739d0,bagus,5,2026-08-27,15,Agustus
1110,4d965369-c554-4def-aee3-0eb13871f633,"mohon yh untuk BPJS mandiri kalau sudah tidak terpakai jangan sistem pembayaran harus berjalan terus, jadi bukan nya bantu malah sulitin untuk kedepannya tiba tiba harus bayar sebelumnya padahal udah GK pernah dipakai",2,2026-06-01,8,Juni
1111,67ab13d1-a782-4f6c-a9f8-7339a1be1162,Apk banyak bug,1,2026-06-18,18,Juni
1112,68af7c37-13f3-4ce1-af22-01afe124f569,sangat membantu,5,2026-06-24,19,Juni
1113,d0f0a55b-6e75-4d65-bba8-84b88e75dbda,bagus sangat membantu,5,2026-07-25,19,Juli
1114,778240ec-f239-4edd-b6e4-55e815932bce,sangat membantu diri saya jika sedang membutuhkan pertolongan,5,2026-06-08,21,Juni
1115,34c8a241-2597-4203-b0e1-265a1471b09b,"kode otp nya ga masuk maasuk, udah nyoba berkali kali",1,2026-07-26,16,Juli
1116,c3e8b470-0610-4c9b-b68b-1cbcb768eb58,"pendaftaran ""perserta mandiri""nya mana wok?",1,2026-08-30,14,Agustus
1117,73688517-71eb-4ca4-ad0c-403d72611aef,ok sangat membantu untuk pelayanan kesehatan berikut perubahan data faskes,5,2026-07-03,19,Juli
1118,38abe462-ee1f-4cef-a3d0-1a2d0bc45b50,Tolong diperbaiki untuk verifikasi nomor HP nya. Kode OTP ke sms gamasukkk teruss,1,2026-07-18,12,Juli
1119,ba385545-22fc-4a7c-9d85-4ec23d5c7beb,Kontribusi JKN dalam pelayanan kesehatan begitu besar dan sangat membantu bagi kamu peserta BPJS.Terima kasih yang sebesar- besarnya kepada pengurus dan seluruh jajaran yang terkait.,5,2026-06-12,11,Juni
1120,c32f9569-efb4-4fa6-afc6-6dec9f0cc0e8,respon cepat dalam memberikan layanan..🙏,5,2026-06-28,13,Juni
1121,70c34ccd-6bea-45f8-9809-3a2dea262fd0,"jahat sumpah aplikasi gajelas, kalau udah verif di awal kenapa harus ganti nomor dan email? disaat urgent malah ngerepotin.",1,2026-08-12,8,Agustus
1122,a6de0d6b-ecd4-49a3-9ab9-50909aba5504,baru download mau pakai ini aplikasi malah ribet loginnya. belum lagi tiap buka fitur bilang akun belum terverifikasi. tapi verifikasinya susah banget,1,2026-07-27,9,Juli
1123,e60d2643-7db1-480b-b43d-347de9642240,buat apa di bikin kalau mempersulit sama aja bohong,1,2026-06-15,19,Juni
1124,f3675e14-0955-4485-ad57-0a30a422085d,oke beud,4,2026-06-12,17,Juni
1125,7238e616-631c-4ba9-b53b-984ea11b42e0,berguna sangat,5,2026-07-30,2,Juli
1126,617961e1-414c-4c17-9ab8-5a84fcad58b5,oke,5,2026-06-25,12,Juni
1127,2f1daece-1cbd-4c22-8c90-f6b2cc6ed238,sangat bermanfaat,5,2026-07-10,16,Juli
1128,9ba5d505-8eec-4fa9-9d3f-f0b94c0d93ea,ok.. 💪,5,2026-08-12,20,Agustus
1129,b09bc991-ae54-4996-ab8a-bad444287693,apk sering error gak jelas ini,1,2026-08-07,10,Agustus
1130,30023d8d-6819-423b-99ef-0f81ed2ef473,"bener bener aplikasi ga jelas, lemot, kadang tiba tiba gabisa login, pliss deh tingkatin lagi sistemnya, lemot parah kadang",2,2026-06-08,20,Juni
1131,e9167adf-d99f-4f74-9277-c33aced401cc,bikin ribet aja daftar coba lagi Mulu udah kaya gosok hadiah di jajan,1,2026-07-07,21,Juli
1132,7281d16e-9fee-47dd-ad27-baa27ab9f2ba,sangat membantu,5,2026-06-04,10,Juni
1133,c6d9979a-eedf-494a-b962-0d796d1e6b45,"aplikasi ga jelas, mau login akun dipaksa aktifin autodebet, giliran gua ikutin buat aktifin autodebet malah dapet notif gagal aktifin, padahal udah dapet sms berhasil dari bank, hebat ni aplikasi, beneran maksa aktifin autodebet, kalo ga aktifin gabisa ke beranda aplikasi harus nyelesain pendaftaran autodebet, yang berarti lo gabisa make ni aplikasi kalo ga aktifn autodebet, dikasus gua malah gabisa diaktifin autodebetnya ngebuat gua gabisa make ni aplikasi, mantap🫡 maju terus Indonesia 🇮🇩",1,2026-08-06,9,Agustus
1134,49093953-d72b-4bbc-9031-d752e80a1c48,server sering ganguan. aplikasi sangat sulit merespon. sering error,1,2026-07-31,23,Juli
1135,3ea54e3f-abb5-47bc-99d9-c4b710c8f6b2,"ternyata banyak keluhan yg sama, otp tidak masuk, ngambil antrai di rs jadi ribet karena 2 kali daftar antrian, bukankah teknologi ada untuk mempermudah?, semoga pihal developnya bisa memberpaiki sistemnya, jangan jadi era kemunduran terima kasih",2,2026-08-24,13,Agustus
1136,9fd41752-f228-4be9-b5bf-b56411f86be7,woke,5,2026-06-19,19,Juni
1137,bbce30fc-81b4-4047-9c5c-5097b942cd77,"tolonglah diperbaiki,masa minta kode otp nggak dikirim2,nmr udh bener sama masih aktif,udh minta bolak balik nggak dikirim2,bapak saya udh nahan sakit,kalau nggak daftar kalah sama yg udh daftar,giliran diminta kode otp berkali kali nggak dikirim,gimana sihh!!tolonglah diperbaiki lg sistem nya!!!!!!",1,2026-08-25,13,Agustus
1138,edeb9a83-7c37-4e2e-a95b-997195d05ea8,"maaf susah dapet otp nya udah coba beberapa kali gak terim otp terus sampe bosan , tolong di perbaiki kalau emang apk ini manfaat tolong di perbaiki, terima kasih",1,2026-06-19,12,Juni
1139,73826821-70f7-4062-aa54-43ec09d7fa94,mntap,5,2026-06-09,15,Juni
1140,a516cfd9-d48a-422e-9624-6da73b261da9,sangat efektif membantu banget,5,2026-07-04,23,Juli
1141,073465ff-fddd-46e5-93b0-488cddb54666,"Tiap kali update kenapa minta login, ngisi NIK dan password?? Terlalu ribet jadinya untuk aplikasi yang harusnya mudah sebagai komitmen pelayanan prima pada publik. Saya tidak lupa password kenapa harus dipaksa bilang lupa?? malas ganti2 password!!!",1,2026-07-06,10,Juli
1142,da1d134c-9b93-4c71-b40a-8af6a828b7bc,baik aplikasinya untuk sekarang (26-07-2026),5,2026-07-26,18,Juli
1143,89f11d07-0747-4a50-9284-dc961c929c66,"bisa nga akunya nga usah keluar"" sendiri, kalau udah masuk d akun udah netep aja nga usah yg kluar"" entar mau msuk lagi tu ribet aplgi klau kata sandi sama capca nya tu slah mulu",4,2026-08-01,10,Agustus
1144,58331694-fae2-4200-9717-864ef83d8f8a,sangat membntu,5,2026-07-29,9,Juli
1145,66a58c2b-682d-4513-9913-cb94de719c9d,suka keluar otomatis,5,2026-08-07,12,Agustus
1146,b4eb225c-ac26-4786-a8c0-be00723914b3,lemott,4,2026-08-05,21,Agustus
1147,0507ca5c-6e37-4e27-9e35-d84dfa1b71bc,i like it cepat membantu dalam pengerjaan data pribadi secara mandiri. thanks you so much.....,5,2026-08-26,10,Agustus
1148,217f9b53-b0a9-4fe9-8ad7-71af151fe49b,kode SMS gk masuk masuk aneh,2,2026-06-01,23,Juni
1149,c4bb8a61-11d6-4e27-867d-1bcc37e9631d,ini masih butuh ugrade,5,2026-06-01,6,Juni
1150,479b6ee0-81b4-41ac-b92e-bebd5423e4d1,"muter"" terus. kekny lahan korupsi lgi aja ni app",1,2026-07-24,7,Juli
1151,ddce12e6-9058-4d43-a4bb-bb7a6a3a7da9,"aplikasi nya susah daftar,tolong diperbaiki lagi",5,2026-07-23,20,Juli
1152,1ee7a721-6fdb-43e8-9cc1-a7745c470621,sangat membantu dan cepat,5,2026-08-03,10,Agustus
1153,90eba03d-35e8-4adb-a836-4b562f388c54,sangat muda di pahami mantap,5,2026-06-10,20,Juni
1154,097e4345-7786-42aa-9d4b-986cf0c1b807,tidak bisa menerima kode otp pendaftaran,1,2026-08-05,17,Agustus
1155,7b5ae57f-4490-41eb-931e-bc380fa1f1d1,"tolong aplikasi ini di perbaiki lagi, saya ingin mengambil nomor antrean tapi tidak bisa, entah jaringan yang tidak ada lah padahal internet dan jaringan nya aman aja, kemudian pada saat masuk dan meminta SMS untuk kode OTP malah permintaan belum bisa di proses",1,2026-07-15,19,Juli
1156,10065113-551c-4942-b3c7-303427353a63,mudah di akses 👍👍,5,2026-07-08,19,Juli
1157,01ff142a-bc73-4c60-b5bb-0e5cfcd8b844,succes,5,2026-06-06,9,Juni
1158,fc8e8a09-1aa5-4e0c-ab49-49d105d5c68a,Ribet lah,1,2026-06-03,10,Juni
1159,a6995c36-00fb-4286-a863-5847b5e050a5,keren,5,2026-06-10,9,Juni
1160,c62f80e6-47b0-4f8d-a3a3-e248ec80f45e,👍👍👍,5,2026-07-09,19,Juli
1161,9ca530b4-b7f6-4862-8e07-550d01c1fe03,"ampass banget app pemerintah kode otp ga masuk"" makin ribet ajaaa",1,2026-06-10,7,Juni
1162,78523ed2-0f64-4ff6-a43d-db351721ca30,"bayar terus, telat bayar ditagih terus..mau berobat ribet.. kalau sakit bagusnya pasrah aja sama Yang Maha Kuasa. daripada bayar iuran terus.",1,2026-06-03,15,Juni
1163,e0375c8c-5307-4dd5-8110-17f261818c32,"yang daptar bpjs dari puskesmas,susah ganti nomor dan email yang baru!!!!!!",1,2026-08-02,18,Agustus
1164,43dec49a-55cf-48e5-a157-e0a0917df459,aplikasi ruet kyok negorone,1,2026-06-27,21,Juni
1165,41322e43-af07-4db5-b659-b1eac7d40e70,baik,5,2026-07-20,5,Juli
1166,c356c06b-19c3-4f4e-8ce0-81a17a942143,mudah dan sangat membantu,5,2026-08-31,12,Agustus
1167,60d8a407-f077-456b-a1c4-6a2447fbab7c,sangat membantu sekali,5,2026-08-05,14,Agustus
1168,42058574-f624-4aac-89d6-f787aaa50921,bagus,5,2026-07-12,17,Juli
1169,860f890f-fd34-431b-80e7-c9d0c79a636b,bagus,5,2026-08-10,18,Agustus
1170,c63b986c-b29f-4028-a644-c75f1a93095c,"ribet poll, lupa sandi eh otp lewat sms ga masuk masuk, hadeuhh perbaiki dong. no udah bener ga masuk masuk",1,2026-07-30,19,Juli
1171,f5d2f2a0-af97-4af1-86e0-0ea0fc0c4eb5,bagus sangat membantu,5,2026-08-02,12,Agustus
1172,b5648c66-0852-47af-a5de-6a09ffbf36c7,pelayanannya sangat bagus sekali,5,2026-06-17,10,Juni
1173,ebaed385-4bdc-4820-8544-f5cb09e9e355,mudah dalam melakukan update perubahan permintaan faskes,5,2026-08-20,10,Agustus
1174,845c3e14-d41e-49ea-8f88-d1afe7df8e81,sangat sangat membantu sekali,5,2026-07-29,12,Juli
1175,7d4e8eef-7754-42f8-8aa5-77501acabf49,aplikasi menyusahkan......kalah sama aplikasi judol sama pinjol,1,2026-07-01,0,Juli
1176,db3cbee8-e480-4157-9c54-000fd6b8d781,Percuma pakai aplikasi ini.. ga ada pengaruh nya sma sekali yg ada sebaliknya. jd AUTO RIBET . MASA DI MBIL. JKN TIAP DI CEK KEPESERTAAN KELUARGA SELALU GA AKTIF TRS. DAN ADA TANDA X.. TP DI CEK PANDAWA KETERANGAN SUDAH AKTIF 😂😂😂😂 gimana ini cerita nya suhu...,1,2026-08-10,13,Agustus
1177,cfb87fd4-1184-468b-b944-36f71b4435ac,lumayan membantu,5,2026-07-08,18,Juli
1178,10df6031-88c2-45ee-be24-7c1780953525,"APLIKASI SANGAT BERMANFAAT TAPI....... kenapa gak bisa pilih opsi faskes tingkat lanjut ada keterangan pada aplikasi ""tidak terhubung ke server rs"" katanya ini aplikasi untuk mempermudah tapi kok kayak gini ya jdinya mempersulit orang jika mau daftar online HADUHHH TOLONG DITINDAK LANJUTI YAAAA MAU DAFTAR ONLINE KOK SUSAH GEGARA INI TOLONG PERBAIKI APLIKASI YG ADA KETERANGAN SEPERTI ITU.... muak banget jujur UDAH BERAPA HARI APLIKASI KYK GINI TRSS KAPAN DAFTARNYA INI TOLOL",1,2026-08-28,9,Agustus
1179,2a10c3ba-dfaa-4a0b-908e-35084b056346,"aplikasi taiiiik, untuk daftar aja susah nya kayak mau masuk akmil, aplikasi cacat",1,2026-07-30,10,Juli
1180,bfda185b-26c5-4601-be1f-db2e685f9642,yah syukur sangat membantu,4,2026-06-25,12,Juni
1181,188a1e35-18a6-4321-97e2-2f92519ee22b,Terima kasih atas pelayanannya,4,2026-06-19,20,Juni
1182,023a99d6-9340-4edc-83b1-08c94ad948cb,kode Verifikasi lewat SMS ga pernah terkirim ini aplikasi gagal apa gmn,1,2026-07-09,13,Juli
1183,dbd0b105-a51a-48ac-b482-c3397bbad116,"Faskes Rujukan tidak bisa melakukan pendaftaran. Dan hanya menampilkan tiket antrian lama, tolong segera di benahi karena menyusahkan pengguna",1,2026-06-22,7,Juni
1184,2a739fb8-a893-496a-966e-066d4f0f5968,bagus,5,2026-08-14,20,Agustus
1185,a2833bd1-db6e-44a5-bdbd-5f40c35f9bc6,ok,5,2026-06-03,10,Juni
1186,8783f1d2-c07c-4a94-a70b-90f585d45928,"gak tau kenpa ubah nomor hp untuk nik anak kok gak bisa, sehrusnya kalau 1 KK kan bisa.",4,2026-08-03,23,Agustus
1187,a1f537ec-55ef-4c02-843d-5caca1f4ba74,"ngrepotin, nyusahin",1,2026-06-02,9,Juni
1188,81ecd141-d6c0-48a1-849d-405af5a8a01b,semua jadi mudah dirumah,5,2026-07-10,21,Juli
1189,5c0f327a-60e9-4c3d-983e-f50ee9b50be8,aplikasi mudah dan nyaman di gunakan,5,2026-06-12,17,Juni
1190,a3a3e83f-1c4b-4a37-ab54-7536335af3b6,aplikasi lemot n sering tidak bisa buat dftr,1,2026-08-06,5,Agustus
1191,e154ccda-b8af-4bd2-90cb-ed40b42d7ed9,"ini apk jadwalnya dokternya ada tapi gak bisa di pilih, broken banget pokoknya padahal ini sangat membantu tapi sistemnya harus diperbaiki lagi",1,2026-08-29,7,Agustus
1192,9e73017f-7cf5-45fe-a449-01ecc32bea51,sukses dan berkembang terus dalam berinovasi mobile JKN dalam memberikan layanan kesehatan,5,2026-06-14,17,Juni
1193,95ff59bb-40af-431f-b1fa-8f57c8ac9c0a,MAU MASUK AJA KODE VERIF GAADA,1,2026-06-09,19,Juni
1194,fd4e60db-aef6-4686-ba12-8a78f5dffec6,terima kasih semoga lebih baik selalu,5,2026-07-17,6,Juli
1195,ba942368-5f9c-4a34-933d-a16700ec9a0a,sangat mudah di gunakan,5,2026-06-08,19,Juni
1196,04277d42-3405-41bb-9bb5-66c0e6cf8a9b,"lemotnya parah, kenapa ya apk dari pemerintahan tu busuk semua",1,2026-08-15,10,Agustus
1197,ac72cba8-a32c-4619-811b-65b986867a7b,jos,5,2026-08-21,15,Agustus
1198,a7b10363-b4eb-458a-85f9-6f0160b79de4,susah banget buat daptar,1,2026-08-31,21,Agustus
1199,71824054-0e4b-489f-b7ce-3d2f6f685fde,daftar sulit banget kayak mau daftar pinjol aja,1,2026-08-28,21,Agustus
1200,8bdc0488-8a85-41bc-8d25-7f339fa48b61,aplikasi menyulitkan pasien percuma bayar iuran fasilitas kaya gini,1,2026-08-07,18,Agustus
