id,teks,rating,tanggal,jam,bulan,label_sentimen,teks_clean,teks_normalisasi,tokenisasi,token_stopword,token_negasi,token_stemming,teks_preprocessing
000168e5-f4a4-49c5-93fd-35e3e3ada76c,aplikasi membantu,5,2026-07-21,21,Juli,positif,aplikasi membantu,aplikasi membantu,"['aplikasi', 'membantu']","['aplikasi', 'membantu']","['aplikasi', 'membantu']","['aplikasi', 'bantu']",aplikasi bantu
002a28f5-1509-429a-add1-ac64cca1b65f,"apk jelek, sampah, gw gk bisa daftar, kode otp gak masuk2, apk gak guna",1,2026-07-02,18,Juli,negatif,apk jelek sampah gw gk bisa daftar kode otp gak masuk2 apk gak guna,aplikasi jelek sampah saya tidak bisa daftar kode otp tidak masuk aplikasi tidak berguna,"['aplikasi', 'jelek', 'sampah', 'saya', 'tidak', 'bisa', 'daftar', 'kode', 'otp', 'tidak', 'masuk', 'aplikasi', 'tidak', 'berguna']","['aplikasi', 'jelek', 'sampah', 'tidak', 'daftar', 'kode', 'otp', 'tidak', 'masuk', 'aplikasi', 'tidak', 'berguna']","['aplikasi', 'jelek', 'sampah', 'tidak', 'tidak_daftar', 'kode', 'otp', 'tidak', 'tidak_masuk', 'aplikasi', 'tidak', 'tidak_berguna']","['aplikasi', 'jelek', 'sampah', 'tidak', 'tidak_daftar', 'kode', 'otp', 'tidak', 'tidak_masuk', 'aplikasi', 'tidak', 'tidak_guna']",aplikasi jelek sampah tidak tidak_daftar kode otp tidak tidak_masuk aplikasi tidak tidak_guna
006020aa-5cc7-4654-9621-28573d91cb14,efektifitas mantaf,5,2026-08-14,16,Agustus,positif,efektifitas mantaf,efektivitas mantap,"['efektivitas', 'mantap']","['efektivitas', 'mantap']","['efektivitas', 'mantap']","['efektivitas', 'mantap']",efektivitas mantap
00909726-a0e8-4c2f-bff8-aeb1c6eb25de,aplikasi ga jelas ngirim kode otp ga bisa bisa,1,2026-08-10,1,Agustus,negatif,aplikasi ga jelas ngirim kode otp ga bisa bisa,aplikasi tidak jelas mengirim kode otp tidak bisa,"['aplikasi', 'tidak', 'jelas', 'mengirim', 'kode', 'otp', 'tidak', 'bisa']","['aplikasi', 'tidak', 'jelas', 'mengirim', 'kode', 'otp', 'tidak']","['aplikasi', 'tidak', 'tidak_jelas', 'mengirim', 'kode', 'otp', 'tidak']","['aplikasi', 'tidak', 'tidak_jelas', 'kirim', 'kode', 'otp', 'tidak']",aplikasi tidak tidak_jelas kirim kode otp tidak
00a7f08c-e6d2-45b7-8ed9-6b319caf400f,aplikasi gagal tiap verifikasi force close sampah,1,2026-06-18,18,Juni,negatif,aplikasi gagal tiap verifikasi force close sampah,aplikasi gagal tiap verifikasi force tutup sampah,"['aplikasi', 'gagal', 'tiap', 'verifikasi', 'force', 'tutup', 'sampah']","['aplikasi', 'gagal', 'tiap', 'verifikasi', 'force', 'tutup', 'sampah']","['aplikasi', 'gagal', 'tiap', 'verifikasi', 'force', 'tutup', 'sampah']","['aplikasi', 'gagal', 'tiap', 'verifikasi', 'force', 'tutup', 'sampah']",aplikasi gagal tiap verifikasi force tutup sampah
00e29ab5-c4ca-4f41-962b-b1bb4e543505,lebih di permudah ketika ada aplikasi jkn,5,2026-07-21,7,Juli,positif,lebih di permudah ketika ada aplikasi jkn,lebih dipermudah ketika ada aplikasi jkn,"['lebih', 'dipermudah', 'ketika', 'ada', 'aplikasi', 'jkn']","['lebih', 'dipermudah', 'aplikasi', 'jkn']","['lebih', 'dipermudah', 'aplikasi', 'jkn']","['lebih', 'mudah', 'aplikasi', 'jkn']",lebih mudah aplikasi jkn
0103577c-9408-4468-9253-2fe8f50b6727,good luck,5,2026-08-15,13,Agustus,netral,good luck,bagus luck,"['bagus', 'luck']","['bagus', 'luck']","['bagus', 'luck']","['bagus', 'luck']",bagus luck
0118c365-b5bc-4ad8-b2cf-2e0d56d3057a,pelayanan terbaik,5,2026-06-05,9,Juni,positif,pelayanan terbaik,pelayanan terbaik,"['pelayanan', 'terbaik']","['pelayanan', 'terbaik']","['pelayanan', 'terbaik']","['layan', 'baik']",layan baik
01623fd1-f74d-4fa8-9037-cd22c9521489,ok aplikasinya,5,2026-06-02,18,Juni,positif,ok aplikasinya,oke aplikasinya,"['oke', 'aplikasinya']","['oke', 'aplikasinya']","['oke', 'aplikasinya']","['oke', 'aplikasi']",oke aplikasi
017452ff-79f5-4206-8a81-0c993791357f,error mulu udah 3 kali kadang bisa kadang engga pas mau rujuk tingkat lanjut malah ga ada buat ngambil nomor antrian padahal di rujuknya pagi tp malah ga ada pas ada udh malem udh beres kontrol nya,1,2026-08-20,18,Agustus,negatif,error mulu udah 3 kali kadang bisa kadang engga pas mau rujuk tingkat lanjut malah ga ada buat ngambil nomor antrian padahal di rujuknya pagi tp malah ga ada pas ada udh malem udh beres kontrol nya,error terus-menerus sudah 3 kali kadang bisa kadang tidak pas mau rujuk tingkat lanjut malah tidak ada buat mengambil nomor antrean padahal di rujuknya pagi tapi malah tidak ada pas ada sudah malam sudah beres kontrol nya,"['error', 'terus-menerus', 'sudah', '3', 'kali', 'kadang', 'bisa', 'kadang', 'tidak', 'pas', 'mau', 'rujuk', 'tingkat', 'lanjut', 'malah', 'tidak', 'ada', 'buat', 'mengambil', 'nomor', 'antrean', 'padahal', 'di', 'rujuknya', 'pagi', 'tapi', 'malah', 'tidak', 'ada', 'pas', 'ada', 'sudah', 'malam', 'sudah', 'beres', 'kontrol', 'nya']","['error', 'terus-menerus', '3', 'kali', 'kadang', 'kadang', 'tidak', 'pas', 'mau', 'rujuk', 'tingkat', 'lanjut', 'malah', 'tidak', 'buat', 'mengambil', 'nomor', 'antrean', 'padahal', 'rujuknya', 'pagi', 'malah', 'tidak', 'pas', 'malam', 'beres', 'kontrol']","['error', 'terus-menerus', '3', 'kali', 'kadang', 'kadang', 'tidak', 'tidak_pas', 'mau', 'rujuk', 'tingkat', 'lanjut', 'malah', 'tidak', 'tidak_buat', 'mengambil', 'nomor', 'antrean', 'padahal', 'rujuknya', 'pagi', 'malah', 'tidak', 'tidak_pas', 'malam', 'beres', 'kontrol']","['error', 'terus', '3', 'kali', 'kadang', 'kadang', 'tidak', 'tidak_pas', 'mau', 'rujuk', 'tingkat', 'lanjut', 'malah', 'tidak', 'tidak_buat', 'ambil', 'nomor', 'antre', 'padahal', 'rujuk', 'pagi', 'malah', 'tidak', 'tidak_pas', 'malam', 'beres', 'kontrol']",error terus 3 kali kadang kadang tidak tidak_pas mau rujuk tingkat lanjut malah tidak tidak_buat ambil nomor antre padahal rujuk pagi malah tidak tidak_pas malam beres kontrol
0178f5a4-eddf-40d9-a4b9-daddaee6fbef,semoga tidak lemot dan bisa membantu,5,2026-07-03,13,Juli,netral,semoga tidak lemot dan bisa membantu,semoga tidak lambat dan bisa membantu,"['semoga', 'tidak', 'lambat', 'dan', 'bisa', 'membantu']","['semoga', 'tidak', 'lambat', 'membantu']","['semoga', 'tidak', 'tidak_lambat', 'membantu']","['moga', 'tidak', 'tidak_lambat', 'bantu']",moga tidak tidak_lambat bantu
019db2ea-fb61-4891-a20b-7ded5d6000eb,saya mau download,5,2026-07-05,15,Juli,netral,saya mau download,saya mau unduh,"['saya', 'mau', 'unduh']","['mau', 'unduh']","['mau', 'unduh']","['mau', 'unduh']",mau unduh
01bd60f5-cf9a-48fb-a9b3-b98e86da9d75,"chapta yang anda masukan salah, padahal sudah benar. tolong diperbaiki.",1,2026-08-10,9,Agustus,negatif,chapta yang anda masukan salah padahal sudah benar tolong diperbaiki,captcha yang anda masukan salah padahal sudah benar tolong diperbaiki,"['captcha', 'yang', 'anda', 'masukan', 'salah', 'padahal', 'sudah', 'benar', 'tolong', 'diperbaiki']","['captcha', 'masukan', 'salah', 'padahal', 'benar', 'diperbaiki']","['captcha', 'masukan', 'salah', 'padahal', 'benar', 'diperbaiki']","['captcha', 'masuk', 'salah', 'padahal', 'benar', 'perbaiki']",captcha masuk salah padahal benar perbaiki
01fc9537-07dc-4934-8dcb-7d35eee345c8,dicoba,5,2026-07-13,11,Juli,netral,dicoba,dicoba,['dicoba'],['dicoba'],['dicoba'],['coba'],coba
01ff142a-bc73-4c60-b5bb-0e5cfcd8b844,succes,5,2026-06-06,9,Juni,positif,succes,sukses,['sukses'],['sukses'],['sukses'],['sukses'],sukses
0220efa6-3ae3-4151-8e42-05ee197f39dd,ok laj,5,2026-07-06,18,Juli,positif,ok laj,oke laj,"['oke', 'laj']","['oke', 'laj']","['oke', 'laj']","['oke', 'laj']",oke laj
023a99d6-9340-4edc-83b1-08c94ad948cb,kode Verifikasi lewat SMS ga pernah terkirim ini aplikasi gagal apa gmn,1,2026-07-09,13,Juli,negatif,kode verifikasi lewat sms ga pernah terkirim ini aplikasi gagal apa gmn,kode verifikasi lewat sms tidak pernah terkirim ini aplikasi gagal apa bagaimana,"['kode', 'verifikasi', 'lewat', 'sms', 'tidak', 'pernah', 'terkirim', 'ini', 'aplikasi', 'gagal', 'apa', 'bagaimana']","['kode', 'verifikasi', 'lewat', 'sms', 'tidak', 'pernah', 'terkirim', 'aplikasi', 'gagal', 'apa', 'bagaimana']","['kode', 'verifikasi', 'lewat', 'sms', 'tidak', 'tidak_pernah', 'terkirim', 'aplikasi', 'gagal', 'apa', 'bagaimana']","['kode', 'verifikasi', 'lewat', 'sms', 'tidak', 'tidak_pernah', 'kirim', 'aplikasi', 'gagal', 'apa', 'bagaimana']",kode verifikasi lewat sms tidak tidak_pernah kirim aplikasi gagal apa bagaimana
02489b65-ca23-4caf-8efa-73ecbe02ae81,"Aplikasi tidak compatibel d ponsel saya, d paksa hrus beli hp lagi, klo blum bisa beli ponsel blum bisa login,, kalangan keluarga sederhana jadi gak bisa mengakses aplikasi .. harusnya bisa d semua ponsel",1,2026-07-02,17,Juli,negatif,aplikasi tidak compatibel d ponsel saya d paksa hrus beli hp lagi klo blum bisa beli ponsel blum bisa login kalangan keluarga sederhana jadi gak bisa mengakses aplikasi harusnya bisa d semua ponsel,aplikasi tidak kompatibel di ponsel saya di paksa harus beli ponsel lagi kalau belum bisa beli ponsel belum bisa login kalangan keluarga sederhana jadi tidak bisa mengakses aplikasi seharusnya bisa di semua ponsel,"['aplikasi', 'tidak', 'kompatibel', 'di', 'ponsel', 'saya', 'di', 'paksa', 'harus', 'beli', 'ponsel', 'lagi', 'kalau', 'belum', 'bisa', 'beli', 'ponsel', 'belum', 'bisa', 'login', 'kalangan', 'keluarga', 'sederhana', 'jadi', 'tidak', 'bisa', 'mengakses', 'aplikasi', 'seharusnya', 'bisa', 'di', 'semua', 'ponsel']","['aplikasi', 'tidak', 'kompatibel', 'ponsel', 'paksa', 'beli', 'ponsel', 'kalau', 'beli', 'ponsel', 'login', 'kalangan', 'keluarga', 'sederhana', 'jadi', 'tidak', 'mengakses', 'aplikasi', 'semua', 'ponsel']","['aplikasi', 'tidak', 'tidak_kompatibel', 'ponsel', 'paksa', 'beli', 'ponsel', 'kalau', 'beli', 'ponsel', 'login', 'kalangan', 'keluarga', 'sederhana', 'jadi', 'tidak', 'tidak_mengakses', 'aplikasi', 'semua', 'ponsel']","['aplikasi', 'tidak', 'tidak_kompatibel', 'ponsel', 'paksa', 'beli', 'ponsel', 'kalau', 'beli', 'ponsel', 'login', 'kalang', 'keluarga', 'sederhana', 'jadi', 'tidak', 'tidak_akses', 'aplikasi', 'semua', 'ponsel']",aplikasi tidak tidak_kompatibel ponsel paksa beli ponsel kalau beli ponsel login kalang keluarga sederhana jadi tidak tidak_akses aplikasi semua ponsel
024a35f7-67fe-46bb-83c7-17bb6d2973ac,"klen kalo gak bagus buat aplikasi, gosah sok2an suruh semua orang daftar pake jkn mobile, aplikasinya bodoh, lelet, skrg org pake aplikasi buat mempermudah, malah dipersulit harua daftar2 manual lagi, perbaiki dlu kualitas aplikasi jkn ni, baru promo2",1,2026-08-31,22,Agustus,negatif,klen kalo gak bagus buat aplikasi gosah sok2an suruh semua orang daftar pake jkn mobile aplikasinya bodoh lelet skrg org pake aplikasi buat mempermudah malah dipersulit harua daftar2 manual lagi perbaiki dlu kualitas aplikasi jkn ni baru promo2,kalian kalau tidak bagus buat aplikasi tidak usah berlagak menyuruh semua orang daftar pakai jkn mobile aplikasinya bodoh lambat sekarang orang pakai aplikasi buat mempermudah malah dipersulit harus daftar manual lagi perbaiki dulu kualitas aplikasi jkn ini baru promosi-promosi,"['kalian', 'kalau', 'tidak', 'bagus', 'buat', 'aplikasi', 'tidak', 'usah', 'berlagak', 'menyuruh', 'semua', 'orang', 'daftar', 'pakai', 'jkn', 'mobile', 'aplikasinya', 'bodoh', 'lambat', 'sekarang', 'orang', 'pakai', 'aplikasi', 'buat', 'mempermudah', 'malah', 'dipersulit', 'harus', 'daftar', 'manual', 'lagi', 'perbaiki', 'dulu', 'kualitas', 'aplikasi', 'jkn', 'ini', 'baru', 'promosi-promosi']","['kalian', 'kalau', 'tidak', 'bagus', 'buat', 'aplikasi', 'tidak', 'usah', 'berlagak', 'menyuruh', 'semua', 'orang', 'daftar', 'pakai', 'jkn', 'mobile', 'aplikasinya', 'bodoh', 'lambat', 'sekarang', 'orang', 'pakai', 'aplikasi', 'buat', 'mempermudah', 'malah', 'dipersulit', 'daftar', 'manual', 'perbaiki', 'dulu', 'kualitas', 'aplikasi', 'jkn', 'baru', 'promosi-promosi']","['kalian', 'kalau', 'tidak', 'tidak_bagus', 'buat', 'aplikasi', 'tidak', 'tidak_usah', 'berlagak', 'menyuruh', 'semua', 'orang', 'daftar', 'pakai', 'jkn', 'mobile', 'aplikasinya', 'bodoh', 'lambat', 'sekarang', 'orang', 'pakai', 'aplikasi', 'buat', 'mempermudah', 'malah', 'dipersulit', 'daftar', 'manual', 'perbaiki', 'dulu', 'kualitas', 'aplikasi', 'jkn', 'baru', 'promosi-promosi']","['kalian', 'kalau', 'tidak', 'tidak_bagus', 'buat', 'aplikasi', 'tidak', 'tidak_usah', 'lagak', 'suruh', 'semua', 'orang', 'daftar', 'pakai', 'jkn', 'mobile', 'aplikasi', 'bodoh', 'lambat', 'sekarang', 'orang', 'pakai', 'aplikasi', 'buat', 'mudah', 'malah', 'sulit', 'daftar', 'manual', 'perbaiki', 'dulu', 'kualitas', 'aplikasi', 'jkn', 'baru', 'promosi']",kalian kalau tidak tidak_bagus buat aplikasi tidak tidak_usah lagak suruh semua orang daftar pakai jkn mobile aplikasi bodoh lambat sekarang orang pakai aplikasi buat mudah malah sulit daftar manual perbaiki dulu kualitas aplikasi jkn baru promosi
024fdf22-6c56-4efe-8eeb-e297261e670b,sangat membantu dalam kesehatan saya dan keluarga,5,2026-06-12,19,Juni,positif,sangat membantu dalam kesehatan saya dan keluarga,sangat membantu dalam kesehatan saya dan keluarga,"['sangat', 'membantu', 'dalam', 'kesehatan', 'saya', 'dan', 'keluarga']","['sangat', 'membantu', 'kesehatan', 'keluarga']","['sangat', 'membantu', 'kesehatan', 'keluarga']","['sangat', 'bantu', 'sehat', 'keluarga']",sangat bantu sehat keluarga
029de19c-3067-41bf-8aa8-508a7ccec88b,"aplikasi sampah, tiap mau di pakek banyakan gagalnya,.... alasan yg gagal server, yg masa maintenance",1,2026-07-07,6,Juli,negatif,aplikasi sampah tiap mau di pakek banyakan gagalnya alasan yg gagal server yg masa maintenance,aplikasi sampah tiap mau dipakai banyakan gagalnya alasan yang gagal server yang masa pemeliharaan,"['aplikasi', 'sampah', 'tiap', 'mau', 'dipakai', 'banyakan', 'gagalnya', 'alasan', 'yang', 'gagal', 'server', 'yang', 'masa', 'pemeliharaan']","['aplikasi', 'sampah', 'tiap', 'mau', 'dipakai', 'banyakan', 'gagalnya', 'alasan', 'gagal', 'server', 'masa', 'pemeliharaan']","['aplikasi', 'sampah', 'tiap', 'mau', 'dipakai', 'banyakan', 'gagalnya', 'alasan', 'gagal', 'server', 'masa', 'pemeliharaan']","['aplikasi', 'sampah', 'tiap', 'mau', 'pakai', 'banyak', 'gagal', 'alas', 'gagal', 'server', 'masa', 'pelihara']",aplikasi sampah tiap mau pakai banyak gagal alas gagal server masa pelihara
02a819a5-39f9-43c2-a3c1-f08e8d59e3b3,ok,5,2026-06-10,7,Juni,positif,ok,oke,['oke'],['oke'],['oke'],['oke'],oke
02bf1a6d-2283-444f-b88f-d7e50482d816,gajelas... bug nya,1,2026-07-17,13,Juli,negatif,gajelas bug nya,tidak jelas gangguan sistem nya,"['tidak', 'jelas', 'gangguan', 'sistem', 'nya']","['tidak', 'jelas', 'gangguan', 'sistem']","['tidak', 'tidak_jelas', 'gangguan', 'sistem']","['tidak', 'tidak_jelas', 'ganggu', 'sistem']",tidak tidak_jelas ganggu sistem
03757975-ad8a-4ebe-9c16-76975370d09c,kenapa sekarang gak bisa ambil antriannya,2,2026-08-31,13,Agustus,negatif,kenapa sekarang gak bisa ambil antriannya,kenapa sekarang tidak bisa ambil antriannya,"['kenapa', 'sekarang', 'tidak', 'bisa', 'ambil', 'antriannya']","['sekarang', 'tidak', 'ambil', 'antriannya']","['sekarang', 'tidak', 'tidak_ambil', 'antriannya']","['sekarang', 'tidak', 'tidak_ambil', 'antri']",sekarang tidak tidak_ambil antri
038df2b8-6694-4ba7-9c2c-c0041e28ebdb,asuransi dari pemerintah... semoga tidak terpakai dan kita sehat selalu.,5,2026-06-24,17,Juni,netral,asuransi dari pemerintah semoga tidak terpakai dan kita sehat selalu,asuransi dari pemerintah semoga tidak terpakai dan kita sehat selalu,"['asuransi', 'dari', 'pemerintah', 'semoga', 'tidak', 'terpakai', 'dan', 'kita', 'sehat', 'selalu']","['asuransi', 'pemerintah', 'semoga', 'tidak', 'terpakai', 'sehat', 'selalu']","['asuransi', 'pemerintah', 'semoga', 'tidak', 'tidak_terpakai', 'sehat', 'selalu']","['asuransi', 'perintah', 'moga', 'tidak', 'tidak_pakai', 'sehat', 'selalu']",asuransi perintah moga tidak tidak_pakai sehat selalu
04277d42-3405-41bb-9bb5-66c0e6cf8a9b,"lemotnya parah, kenapa ya apk dari pemerintahan tu busuk semua",1,2026-08-15,10,Agustus,negatif,lemotnya parah kenapa ya apk dari pemerintahan tu busuk semua,lambatnya parah kenapa ya aplikasi dari pemerintahan itu busuk semua,"['lambatnya', 'parah', 'kenapa', 'ya', 'aplikasi', 'dari', 'pemerintahan', 'itu', 'busuk', 'semua']","['lambatnya', 'parah', 'aplikasi', 'pemerintahan', 'busuk', 'semua']","['lambatnya', 'parah', 'aplikasi', 'pemerintahan', 'busuk', 'semua']","['lambat', 'parah', 'aplikasi', 'perintah', 'busuk', 'semua']",lambat parah aplikasi perintah busuk semua
04da2259-0b87-4374-953d-f357e8e8d90a,kasih bintang 1 aja gaes biar mikir,1,2026-08-31,20,Agustus,negatif,kasih bintang 1 aja gaes biar mikir,kasih bintang 1 saja teman-teman agar berpikir,"['kasih', 'bintang', '1', 'saja', 'teman-teman', 'agar', 'berpikir']","['kasih', 'bintang', '1', 'teman-teman', 'berpikir']","['kasih', 'bintang', '1', 'teman-teman', 'berpikir']","['kasih', 'bintang', '1', 'teman', 'pikir']",kasih bintang 1 teman pikir
0507ca5c-6e37-4e27-9e35-d84dfa1b71bc,i like it cepat membantu dalam pengerjaan data pribadi secara mandiri. thanks you so much.....,5,2026-08-26,10,Agustus,positif,i like it cepat membantu dalam pengerjaan data pribadi secara mandiri thanks you so much,saya suka cepat membantu dalam pengerjaan data pribadi secara mandiri terima kasih banyak,"['saya', 'suka', 'cepat', 'membantu', 'dalam', 'pengerjaan', 'data', 'pribadi', 'secara', 'mandiri', 'terima', 'kasih', 'banyak']","['suka', 'cepat', 'membantu', 'pengerjaan', 'data', 'pribadi', 'mandiri', 'terima', 'kasih', 'banyak']","['suka', 'cepat', 'membantu', 'pengerjaan', 'data', 'pribadi', 'mandiri', 'terima', 'kasih', 'banyak']","['suka', 'cepat', 'bantu', 'kerja', 'data', 'pribadi', 'mandiri', 'terima', 'kasih', 'banyak']",suka cepat bantu kerja data pribadi mandiri terima kasih banyak
050de9e7-c3a1-4037-8581-26392d08378a,ok mantap,5,2026-06-08,9,Juni,positif,ok mantap,oke mantap,"['oke', 'mantap']","['oke', 'mantap']","['oke', 'mantap']","['oke', 'mantap']",oke mantap
0571065d-3bd8-4681-ad8e-c48b14300320,perlu di tingkatkan,1,2026-06-20,11,Juni,netral,perlu di tingkatkan,perlu di tingkatkan,"['perlu', 'di', 'tingkatkan']","['perlu', 'tingkatkan']","['perlu', 'tingkatkan']","['perlu', 'tingkat']",perlu tingkat
05ad0e83-9236-407a-bc91-d67e2ead290b,Alhamdulillah,5,2026-08-17,19,Agustus,netral,alhamdulillah,alhamdulillah,['alhamdulillah'],['alhamdulillah'],['alhamdulillah'],['alhamdulillah'],alhamdulillah
05e583a7-6733-49c6-9ff0-285affdc9148,"selalu dengan permasalahan yang sama, otp tidak terkirim tolong di perbaiki lagi",1,2026-06-17,18,Juni,negatif,selalu dengan permasalahan yang sama otp tidak terkirim tolong di perbaiki lagi,selalu dengan permasalahan yang sama otp tidak terkirim tolong diperbaiki lagi,"['selalu', 'dengan', 'permasalahan', 'yang', 'sama', 'otp', 'tidak', 'terkirim', 'tolong', 'diperbaiki', 'lagi']","['selalu', 'permasalahan', 'sama', 'otp', 'tidak', 'terkirim', 'diperbaiki']","['selalu', 'permasalahan', 'sama', 'otp', 'tidak', 'tidak_terkirim', 'diperbaiki']","['selalu', 'masalah', 'sama', 'otp', 'tidak', 'tidak_kirim', 'perbaiki']",selalu masalah sama otp tidak tidak_kirim perbaiki
0696c2b2-fe2b-49db-80c1-08c16ffa68dc,ok membantu,5,2026-08-04,4,Agustus,positif,ok membantu,oke membantu,"['oke', 'membantu']","['oke', 'membantu']","['oke', 'membantu']","['oke', 'bantu']",oke bantu
06fcd53f-6f9d-49d1-a126-1dd9fe5e08dd,"kenapa kalau mau buka mita registrasi terus. trus registrasi pun selalu jawaban selalu pasword salah. padahal identitas gak pernah ganti, pasword gak pernah ganti,",1,2026-06-04,14,Juni,negatif,kenapa kalau mau buka mita registrasi terus trus registrasi pun selalu jawaban selalu pasword salah padahal identitas gak pernah ganti pasword gak pernah ganti,kenapa kalau mau buka minta registrasi terus terus registrasi pun selalu jawaban selalu kata sandi salah padahal identitas tidak pernah ganti kata sandi tidak pernah ganti,"['kenapa', 'kalau', 'mau', 'buka', 'minta', 'registrasi', 'terus', 'terus', 'registrasi', 'pun', 'selalu', 'jawaban', 'selalu', 'kata', 'sandi', 'salah', 'padahal', 'identitas', 'tidak', 'pernah', 'ganti', 'kata', 'sandi', 'tidak', 'pernah', 'ganti']","['kalau', 'mau', 'buka', 'minta', 'registrasi', 'terus', 'terus', 'registrasi', 'selalu', 'jawaban', 'selalu', 'kata', 'sandi', 'salah', 'padahal', 'identitas', 'tidak', 'pernah', 'ganti', 'kata', 'sandi', 'tidak', 'pernah', 'ganti']","['kalau', 'mau', 'buka', 'minta', 'registrasi', 'terus', 'terus', 'registrasi', 'selalu', 'jawaban', 'selalu', 'kata', 'sandi', 'salah', 'padahal', 'identitas', 'tidak', 'tidak_pernah', 'ganti', 'kata', 'sandi', 'tidak', 'tidak_pernah', 'ganti']","['kalau', 'mau', 'buka', 'minta', 'registrasi', 'terus', 'terus', 'registrasi', 'selalu', 'jawab', 'selalu', 'kata', 'sandi', 'salah', 'padahal', 'identitas', 'tidak', 'tidak_pernah', 'ganti', 'kata', 'sandi', 'tidak', 'tidak_pernah', 'ganti']",kalau mau buka minta registrasi terus terus registrasi selalu jawab selalu kata sandi salah padahal identitas tidak tidak_pernah ganti kata sandi tidak tidak_pernah ganti
0715030a-cee3-465f-ad66-e3ef9db1a17c,min kenapa ini gabisa verifikasi nomor lalu minta kode otp udah 3 kali ngga muncul² gimana sih update yang lebih digital lagi yaa,3,2026-07-25,6,Juli,negatif,min kenapa ini gabisa verifikasi nomor lalu minta kode otp udah 3 kali ngga muncul2 gimana sih update yang lebih digital lagi yaa,admin kenapa ini tidak bisa verifikasi nomor lalu minta kode otp sudah 3 kali tidak muncul bagaimana sih pembaruan yang lebih digital lagi ya,"['admin', 'kenapa', 'ini', 'tidak', 'bisa', 'verifikasi', 'nomor', 'lalu', 'minta', 'kode', 'otp', 'sudah', '3', 'kali', 'tidak', 'muncul', 'bagaimana', 'sih', 'pembaruan', 'yang', 'lebih', 'digital', 'lagi', 'ya']","['admin', 'tidak', 'verifikasi', 'nomor', 'lalu', 'minta', 'kode', 'otp', '3', 'kali', 'tidak', 'muncul', 'bagaimana', 'sih', 'pembaruan', 'lebih', 'digital']","['admin', 'tidak', 'tidak_verifikasi', 'nomor', 'lalu', 'minta', 'kode', 'otp', '3', 'kali', 'tidak', 'tidak_muncul', 'bagaimana', 'sih', 'pembaruan', 'lebih', 'digital']","['admin', 'tidak', 'tidak_verifikasi', 'nomor', 'lalu', 'minta', 'kode', 'otp', '3', 'kali', 'tidak', 'tidak_muncul', 'bagaimana', 'sih', 'baru', 'lebih', 'digital']",admin tidak tidak_verifikasi nomor lalu minta kode otp 3 kali tidak tidak_muncul bagaimana sih baru lebih digital
073465ff-fddd-46e5-93b0-488cddb54666,"Tiap kali update kenapa minta login, ngisi NIK dan password?? Terlalu ribet jadinya untuk aplikasi yang harusnya mudah sebagai komitmen pelayanan prima pada publik. Saya tidak lupa password kenapa harus dipaksa bilang lupa?? malas ganti2 password!!!",1,2026-07-06,10,Juli,negatif,tiap kali update kenapa minta login ngisi nik dan password terlalu ribet jadinya untuk aplikasi yang harusnya mudah sebagai komitmen pelayanan prima pada publik saya tidak lupa password kenapa harus dipaksa bilang lupa malas ganti2 password,tiap kali pembaruan kenapa minta login mengisi nik dan kata sandi terlalu rumit jadinya untuk aplikasi yang seharusnya mudah sebagai komitmen pelayanan prima pada publik saya tidak lupa kata sandi kenapa harus dipaksa bilang lupa malas berganti-ganti kata sandi,"['tiap', 'kali', 'pembaruan', 'kenapa', 'minta', 'login', 'mengisi', 'nik', 'dan', 'kata', 'sandi', 'terlalu', 'rumit', 'jadinya', 'untuk', 'aplikasi', 'yang', 'seharusnya', 'mudah', 'sebagai', 'komitmen', 'pelayanan', 'prima', 'pada', 'publik', 'saya', 'tidak', 'lupa', 'kata', 'sandi', 'kenapa', 'harus', 'dipaksa', 'bilang', 'lupa', 'malas', 'berganti-ganti', 'kata', 'sandi']","['tiap', 'kali', 'pembaruan', 'minta', 'login', 'mengisi', 'nik', 'kata', 'sandi', 'terlalu', 'rumit', 'jadinya', 'aplikasi', 'mudah', 'komitmen', 'pelayanan', 'prima', 'publik', 'tidak', 'lupa', 'kata', 'sandi', 'dipaksa', 'bilang', 'lupa', 'malas', 'berganti-ganti', 'kata', 'sandi']","['tiap', 'kali', 'pembaruan', 'minta', 'login', 'mengisi', 'nik', 'kata', 'sandi', 'terlalu', 'rumit', 'jadinya', 'aplikasi', 'mudah', 'komitmen', 'pelayanan', 'prima', 'publik', 'tidak', 'tidak_lupa', 'kata', 'sandi', 'dipaksa', 'bilang', 'lupa', 'malas', 'berganti-ganti', 'kata', 'sandi']","['tiap', 'kali', 'baru', 'minta', 'login', 'isi', 'nik', 'kata', 'sandi', 'terlalu', 'rumit', 'jadi', 'aplikasi', 'mudah', 'komitmen', 'layan', 'prima', 'publik', 'tidak', 'tidak_lupa', 'kata', 'sandi', 'paksa', 'bilang', 'lupa', 'malas', 'ganti', 'kata', 'sandi']",tiap kali baru minta login isi nik kata sandi terlalu rumit jadi aplikasi mudah komitmen layan prima publik tidak tidak_lupa kata sandi paksa bilang lupa malas ganti kata sandi
07576ddd-f8a1-47be-b6fe-4f6af97ab681,masih belajar menggunakan,5,2026-06-02,21,Juni,netral,masih belajar menggunakan,masih belajar menggunakan,"['masih', 'belajar', 'menggunakan']","['belajar', 'menggunakan']","['belajar', 'menggunakan']","['ajar', 'guna']",ajar guna
07855eb6-0716-47ec-ae78-77ad65e8d972,mantap pokonya mah,5,2026-06-12,10,Juni,positif,mantap pokonya mah,mantap pokoknya mah,"['mantap', 'pokoknya', 'mah']","['mantap', 'pokoknya', 'mah']","['mantap', 'pokoknya', 'mah']","['mantap', 'pokok', 'mah']",mantap pokok mah
07a222ba-1e54-4a55-9588-e54a0dd4a4e3,bagus tapi tidak bisa di aktip kan aneh,5,2026-08-01,4,Agustus,negatif,bagus tapi tidak bisa di aktip kan aneh,bagus tapi tidak bisa di aktif kan aneh,"['bagus', 'tapi', 'tidak', 'bisa', 'di', 'aktif', 'kan', 'aneh']","['bagus', 'tidak', 'aktif', 'kan', 'aneh']","['bagus', 'tidak', 'tidak_aktif', 'kan', 'aneh']","['bagus', 'tidak', 'tidak_aktif', 'kan', 'aneh']",bagus tidak tidak_aktif kan aneh
07ba3f94-85f2-43b5-8d49-08066c62e40b,"jlk kode verifikasi g muncul trus, verif wajah susah pdhl udh sesuai tpi ggl trus",1,2026-06-08,20,Juni,negatif,jlk kode verifikasi g muncul trus verif wajah susah pdhl udh sesuai tpi ggl trus,jkn kode verifikasi tidak muncul terus verifikasi wajah susah padahal sudah sesuai tapi gagal terus,"['jkn', 'kode', 'verifikasi', 'tidak', 'muncul', 'terus', 'verifikasi', 'wajah', 'susah', 'padahal', 'sudah', 'sesuai', 'tapi', 'gagal', 'terus']","['jkn', 'kode', 'verifikasi', 'tidak', 'muncul', 'terus', 'verifikasi', 'wajah', 'susah', 'padahal', 'sesuai', 'gagal', 'terus']","['jkn', 'kode', 'verifikasi', 'tidak', 'tidak_muncul', 'terus', 'verifikasi', 'wajah', 'susah', 'padahal', 'sesuai', 'gagal', 'terus']","['jkn', 'kode', 'verifikasi', 'tidak', 'tidak_muncul', 'terus', 'verifikasi', 'wajah', 'susah', 'padahal', 'sesuai', 'gagal', 'terus']",jkn kode verifikasi tidak tidak_muncul terus verifikasi wajah susah padahal sesuai gagal terus
07ca5a50-9521-4f0b-a649-0e04c048109e,"Mao ngadu malah DIBIKIN SUSAH ALASAN""Mohon Maaf Keluhan Tidak Boleh Mengandung Karakter Special"" Padahal Ketikan nya udh direvisi 3x tetep gabisa,emng sengaja ga boleh bikin laporan,atau anti kritik?",1,2026-07-21,8,Juli,negatif,mao ngadu malah dibikin susah alasan mohon maaf keluhan tidak boleh mengandung karakter special padahal ketikan nya udh direvisi 3x tetep gabisa emng sengaja ga boleh bikin laporan atau anti kritik,mau mengadu malah dibuat susah alasan mohon maaf keluhan tidak boleh mengandung karakter khusus padahal ketikan nya sudah direvisi 3 kali tetap tidak bisa memang sengaja tidak boleh membuat laporan atau anti kritik,"['mau', 'mengadu', 'malah', 'dibuat', 'susah', 'alasan', 'mohon', 'maaf', 'keluhan', 'tidak', 'boleh', 'mengandung', 'karakter', 'khusus', 'padahal', 'ketikan', 'nya', 'sudah', 'direvisi', '3', 'kali', 'tetap', 'tidak', 'bisa', 'memang', 'sengaja', 'tidak', 'boleh', 'membuat', 'laporan', 'atau', 'anti', 'kritik']","['mau', 'mengadu', 'malah', 'dibuat', 'susah', 'alasan', 'mohon', 'maaf', 'keluhan', 'tidak', 'mengandung', 'karakter', 'khusus', 'padahal', 'ketikan', 'direvisi', '3', 'kali', 'tetap', 'tidak', 'memang', 'sengaja', 'tidak', 'membuat', 'laporan', 'anti', 'kritik']","['mau', 'mengadu', 'malah', 'dibuat', 'susah', 'alasan', 'mohon', 'maaf', 'keluhan', 'tidak', 'tidak_mengandung', 'karakter', 'khusus', 'padahal', 'ketikan', 'direvisi', '3', 'kali', 'tetap', 'tidak', 'tidak_memang', 'sengaja', 'tidak', 'tidak_membuat', 'laporan', 'anti', 'kritik']","['mau', 'adu', 'malah', 'buat', 'susah', 'alas', 'mohon', 'maaf', 'keluh', 'tidak', 'tidak_kandung', 'karakter', 'khusus', 'padahal', 'keti', 'revisi', '3', 'kali', 'tetap', 'tidak', 'tidak_memang', 'sengaja', 'tidak', 'tidak_buat', 'lapor', 'anti', 'kritik']",mau adu malah buat susah alas mohon maaf keluh tidak tidak_kandung karakter khusus padahal keti revisi 3 kali tetap tidak tidak_memang sengaja tidak tidak_buat lapor anti kritik
07f57853-869f-438c-b35d-abeae8e77fcc,"Aplikasi tidak berguna harus login berkali kali, dikira waktu masyarakat buat ngurusin aplikasi bodoh pemerintah begini doang!",1,2026-06-30,16,Juni,negatif,aplikasi tidak berguna harus login berkali kali dikira waktu masyarakat buat ngurusin aplikasi bodoh pemerintah begini doang,aplikasi tidak berguna harus login berkali kali dikira waktu masyarakat buat mengurus aplikasi bodoh pemerintah begini saja,"['aplikasi', 'tidak', 'berguna', 'harus', 'login', 'berkali', 'kali', 'dikira', 'waktu', 'masyarakat', 'buat', 'mengurus', 'aplikasi', 'bodoh', 'pemerintah', 'begini', 'saja']","['aplikasi', 'tidak', 'berguna', 'login', 'berkali', 'kali', 'dikira', 'waktu', 'masyarakat', 'buat', 'mengurus', 'aplikasi', 'bodoh', 'pemerintah', 'begini']","['aplikasi', 'tidak', 'tidak_berguna', 'login', 'berkali', 'kali', 'dikira', 'waktu', 'masyarakat', 'buat', 'mengurus', 'aplikasi', 'bodoh', 'pemerintah', 'begini']","['aplikasi', 'tidak', 'tidak_guna', 'login', 'kali', 'kali', 'kira', 'waktu', 'masyarakat', 'buat', 'urus', 'aplikasi', 'bodoh', 'perintah', 'begini']",aplikasi tidak tidak_guna login kali kali kira waktu masyarakat buat urus aplikasi bodoh perintah begini
0817ef96-e31f-4616-999a-c7e2400a1867,"Mohon segera perbaiki sistem login Mobile JKN. Saya sudah mengganti nomor HP, tetapi saat proses verifikasi tidak pernah menerima kode OTP. Sudah dicoba berkali-kali dan menunggu cukup lama, namun OTP tetap tidak masuk. Akibatnya saya tidak bisa login dan mengakses layanan. Semoga kendala ini segera diperbaiki karena cukup menyulitkan pengguna.",1,2026-07-17,17,Juli,negatif,mohon segera perbaiki sistem login mobile jkn saya sudah mengganti nomor hp tetapi saat proses verifikasi tidak pernah menerima kode otp sudah dicoba berkali kali dan menunggu cukup lama namun otp tetap tidak masuk akibatnya saya tidak bisa login dan mengakses layanan semoga kendala ini segera diperbaiki karena cukup menyulitkan pengguna,mohon segera perbaiki sistem login mobile jkn saya sudah mengganti nomor ponsel tetapi saat proses verifikasi tidak pernah menerima kode otp sudah dicoba berkali kali dan menunggu cukup lama namun otp tetap tidak masuk akibatnya saya tidak bisa login dan mengakses layanan semoga kendala ini segera diperbaiki karena cukup menyulitkan pengguna,"['mohon', 'segera', 'perbaiki', 'sistem', 'login', 'mobile', 'jkn', 'saya', 'sudah', 'mengganti', 'nomor', 'ponsel', 'tetapi', 'saat', 'proses', 'verifikasi', 'tidak', 'pernah', 'menerima', 'kode', 'otp', 'sudah', 'dicoba', 'berkali', 'kali', 'dan', 'menunggu', 'cukup', 'lama', 'namun', 'otp', 'tetap', 'tidak', 'masuk', 'akibatnya', 'saya', 'tidak', 'bisa', 'login', 'dan', 'mengakses', 'layanan', 'semoga', 'kendala', 'ini', 'segera', 'diperbaiki', 'karena', 'cukup', 'menyulitkan', 'pengguna']","['mohon', 'segera', 'perbaiki', 'sistem', 'login', 'mobile', 'jkn', 'mengganti', 'nomor', 'ponsel', 'proses', 'verifikasi', 'tidak', 'pernah', 'menerima', 'kode', 'otp', 'dicoba', 'berkali', 'kali', 'menunggu', 'cukup', 'lama', 'otp', 'tetap', 'tidak', 'masuk', 'akibatnya', 'tidak', 'login', 'mengakses', 'layanan', 'semoga', 'kendala', 'segera', 'diperbaiki', 'cukup', 'menyulitkan', 'pengguna']","['mohon', 'segera', 'perbaiki', 'sistem', 'login', 'mobile', 'jkn', 'mengganti', 'nomor', 'ponsel', 'proses', 'verifikasi', 'tidak', 'tidak_pernah', 'menerima', 'kode', 'otp', 'dicoba', 'berkali', 'kali', 'menunggu', 'cukup', 'lama', 'otp', 'tetap', 'tidak', 'tidak_masuk', 'akibatnya', 'tidak', 'tidak_login', 'mengakses', 'layanan', 'semoga', 'kendala', 'segera', 'diperbaiki', 'cukup', 'menyulitkan', 'pengguna']","['mohon', 'segera', 'perbaiki', 'sistem', 'login', 'mobile', 'jkn', 'ganti', 'nomor', 'ponsel', 'proses', 'verifikasi', 'tidak', 'tidak_pernah', 'terima', 'kode', 'otp', 'coba', 'kali', 'kali', 'tunggu', 'cukup', 'lama', 'otp', 'tetap', 'tidak', 'tidak_masuk', 'akibat', 'tidak', 'tidak_login', 'akses', 'layan', 'moga', 'kendala', 'segera', 'perbaiki', 'cukup', 'sulit', 'guna']",mohon segera perbaiki sistem login mobile jkn ganti nomor ponsel proses verifikasi tidak tidak_pernah terima kode otp coba kali kali tunggu cukup lama otp tetap tidak tidak_masuk akibat tidak tidak_login akses layan moga kendala segera perbaiki cukup sulit guna
0822a4f9-4cb7-4a1a-9ffc-38721a07ebfe,sangat membantu,5,2026-07-19,11,Juli,positif,sangat membantu,sangat membantu,"['sangat', 'membantu']","['sangat', 'membantu']","['sangat', 'membantu']","['sangat', 'bantu']",sangat bantu
084fef91-fffe-4ae1-8b93-ac2c68807bbe,oke,5,2026-06-08,9,Juni,positif,oke,oke,['oke'],['oke'],['oke'],['oke'],oke
08540e28-4c68-439c-ab20-e4e77d49c8e4,semoga dipermudah dalam setiap keputusan,5,2026-06-23,8,Juni,netral,semoga dipermudah dalam setiap keputusan,semoga dipermudah dalam setiap keputusan,"['semoga', 'dipermudah', 'dalam', 'setiap', 'keputusan']","['semoga', 'dipermudah', 'keputusan']","['semoga', 'dipermudah', 'keputusan']","['moga', 'mudah', 'putus']",moga mudah putus
088ceb61-0dff-4fe6-94db-1ed2c449576b,"verifikasi nya kek ta1 Beneran dah, sorry to say kayaknya login judol atau aplikasi ilegal lebih gampang daripada login ke ini aplikasi pemerintah. ini server buat aplikasi nya segede apa dah kok kayak dikit² eror lah,masalah teknis lah,MBOTTTT!!!!!!",1,2026-06-29,10,Juni,negatif,verifikasi nya kek ta1 beneran dah sorry to say kayaknya login judol atau aplikasi ilegal lebih gampang daripada login ke ini aplikasi pemerintah ini server buat aplikasi nya segede apa dah kok kayak dikit2 eror lah masalah teknis lah mbotttt,verifikasi nya seperti tahi benar-benar sudah maaf mengatakan sepertinya login judol atau aplikasi ilegal lebih mudah daripada login ke ini aplikasi pemerintah ini server buat aplikasi nya sebesar apa sudah kok kayak sedikit-sedikit error lah masalah teknis lah mbotttt,"['verifikasi', 'nya', 'seperti', 'tahi', 'benar-benar', 'sudah', 'maaf', 'mengatakan', 'sepertinya', 'login', 'judol', 'atau', 'aplikasi', 'ilegal', 'lebih', 'mudah', 'daripada', 'login', 'ke', 'ini', 'aplikasi', 'pemerintah', 'ini', 'server', 'buat', 'aplikasi', 'nya', 'sebesar', 'apa', 'sudah', 'kok', 'kayak', 'sedikit-sedikit', 'error', 'lah', 'masalah', 'teknis', 'lah', 'mbotttt']","['verifikasi', 'tahi', 'benar-benar', 'maaf', 'mengatakan', 'sepertinya', 'login', 'judol', 'aplikasi', 'ilegal', 'lebih', 'mudah', 'login', 'aplikasi', 'pemerintah', 'server', 'buat', 'aplikasi', 'sebesar', 'apa', 'kok', 'kayak', 'sedikit-sedikit', 'error', 'lah', 'masalah', 'teknis', 'lah', 'mbotttt']","['verifikasi', 'tahi', 'benar-benar', 'maaf', 'mengatakan', 'sepertinya', 'login', 'judol', 'aplikasi', 'ilegal', 'lebih', 'mudah', 'login', 'aplikasi', 'pemerintah', 'server', 'buat', 'aplikasi', 'sebesar', 'apa', 'kok', 'kayak', 'sedikit-sedikit', 'error', 'lah', 'masalah', 'teknis', 'lah', 'mbotttt']","['verifikasi', 'tahi', 'benar', 'maaf', 'kata', 'seperti', 'login', 'judol', 'aplikasi', 'ilegal', 'lebih', 'mudah', 'login', 'aplikasi', 'perintah', 'server', 'buat', 'aplikasi', 'besar', 'apa', 'kok', 'kayak', 'sedikit', 'error', 'lah', 'masalah', 'teknis', 'lah', 'mbotttt']",verifikasi tahi benar maaf kata seperti login judol aplikasi ilegal lebih mudah login aplikasi perintah server buat aplikasi besar apa kok kayak sedikit error lah masalah teknis lah mbotttt
0931f709-f4b8-4864-9e1b-f82e8536e667,good,5,2026-06-03,7,Juni,positif,good,bagus,['bagus'],['bagus'],['bagus'],['bagus'],bagus
09363926-2a62-4c7a-842b-109fd0a7317f,aplikasi nya mudah digunakan,5,2026-06-30,7,Juni,positif,aplikasi nya mudah digunakan,aplikasi nya mudah digunakan,"['aplikasi', 'nya', 'mudah', 'digunakan']","['aplikasi', 'mudah', 'digunakan']","['aplikasi', 'mudah', 'digunakan']","['aplikasi', 'mudah', 'guna']",aplikasi mudah guna
0957fd11-3f84-4eed-b44e-23db6df1f8cc,capca nya gak nongol nongol cacad,1,2026-06-18,17,Juni,negatif,capca nya gak nongol nongol cacad,captcha nya tidak muncul cacat,"['captcha', 'nya', 'tidak', 'muncul', 'cacat']","['captcha', 'tidak', 'muncul', 'cacat']","['captcha', 'tidak', 'tidak_muncul', 'cacat']","['captcha', 'tidak', 'tidak_muncul', 'cacat']",captcha tidak tidak_muncul cacat
0959254f-c9eb-4dbb-9836-922daac910b7,"kode reffeal ga pernah muncul, kode verifikasi juga ga muncul padahal pulsa juga ada knp si benerin Napa?",2,2026-06-13,17,Juni,negatif,kode reffeal ga pernah muncul kode verifikasi juga ga muncul padahal pulsa juga ada knp si benerin napa,kode referral tidak pernah muncul kode verifikasi juga tidak muncul padahal pulsa juga ada kenapa si memperbaiki kenapa,"['kode', 'referral', 'tidak', 'pernah', 'muncul', 'kode', 'verifikasi', 'juga', 'tidak', 'muncul', 'padahal', 'pulsa', 'juga', 'ada', 'kenapa', 'si', 'memperbaiki', 'kenapa']","['kode', 'referral', 'tidak', 'pernah', 'muncul', 'kode', 'verifikasi', 'tidak', 'muncul', 'padahal', 'pulsa', 'si', 'memperbaiki']","['kode', 'referral', 'tidak', 'tidak_pernah', 'muncul', 'kode', 'verifikasi', 'tidak', 'tidak_muncul', 'padahal', 'pulsa', 'si', 'memperbaiki']","['kode', 'referral', 'tidak', 'tidak_pernah', 'muncul', 'kode', 'verifikasi', 'tidak', 'tidak_muncul', 'padahal', 'pulsa', 'si', 'perbaiki']",kode referral tidak tidak_pernah muncul kode verifikasi tidak tidak_muncul padahal pulsa si perbaiki
0973866c-c534-4043-ae9d-c32a5cfd78c6,baik,4,2026-06-17,16,Juni,positif,baik,baik,['baik'],['baik'],['baik'],['baik'],baik
097e4345-7786-42aa-9d4b-986cf0c1b807,tidak bisa menerima kode otp pendaftaran,1,2026-08-05,17,Agustus,negatif,tidak bisa menerima kode otp pendaftaran,tidak bisa menerima kode otp pendaftaran,"['tidak', 'bisa', 'menerima', 'kode', 'otp', 'pendaftaran']","['tidak', 'menerima', 'kode', 'otp', 'pendaftaran']","['tidak', 'tidak_menerima', 'kode', 'otp', 'pendaftaran']","['tidak', 'tidak_terima', 'kode', 'otp', 'daftar']",tidak tidak_terima kode otp daftar
09e16251-845f-4343-b921-2b60b0fd7ead,"banyak reloag,gk bisa refresh,app kelas gini kok dongo banget,banyak di pake MBG sama kopdes gak jelas duitnya,kagak bisa pake IT yang bagus gitu",1,2026-06-18,15,Juni,negatif,banyak reloag gk bisa refresh app kelas gini kok dongo banget banyak di pake mbg sama kopdes gak jelas duitnya kagak bisa pake it yang bagus gitu,banyak reload tidak bisa refresh aplikasi kelas begini kok bodoh sangat banyak dipakai mbg sama kopdes tidak jelas duitnya tidak bisa pakai itu yang bagus begitu,"['banyak', 'reload', 'tidak', 'bisa', 'refresh', 'aplikasi', 'kelas', 'begini', 'kok', 'bodoh', 'sangat', 'banyak', 'dipakai', 'mbg', 'sama', 'kopdes', 'tidak', 'jelas', 'duitnya', 'tidak', 'bisa', 'pakai', 'itu', 'yang', 'bagus', 'begitu']","['banyak', 'reload', 'tidak', 'refresh', 'aplikasi', 'kelas', 'begini', 'kok', 'bodoh', 'sangat', 'banyak', 'dipakai', 'mbg', 'sama', 'kopdes', 'tidak', 'jelas', 'duitnya', 'tidak', 'pakai', 'bagus']","['banyak', 'reload', 'tidak', 'tidak_refresh', 'aplikasi', 'kelas', 'begini', 'kok', 'bodoh', 'sangat', 'banyak', 'dipakai', 'mbg', 'sama', 'kopdes', 'tidak', 'tidak_jelas', 'duitnya', 'tidak', 'tidak_pakai', 'bagus']","['banyak', 'reload', 'tidak', 'tidak_refresh', 'aplikasi', 'kelas', 'begini', 'kok', 'bodoh', 'sangat', 'banyak', 'pakai', 'mbg', 'sama', 'kopdes', 'tidak', 'tidak_jelas', 'duit', 'tidak', 'tidak_pakai', 'bagus']",banyak reload tidak tidak_refresh aplikasi kelas begini kok bodoh sangat banyak pakai mbg sama kopdes tidak tidak_jelas duit tidak tidak_pakai bagus
09f18972-dd42-479e-980a-02aabd3cf40e,sangat membantu,5,2026-08-19,10,Agustus,positif,sangat membantu,sangat membantu,"['sangat', 'membantu']","['sangat', 'membantu']","['sangat', 'membantu']","['sangat', 'bantu']",sangat bantu
09fb603d-38f5-4f77-a03e-c602b3edef22,memoermudah layanan,5,2026-07-27,10,Juli,positif,memoermudah layanan,mempermudah layanan,"['mempermudah', 'layanan']","['mempermudah', 'layanan']","['mempermudah', 'layanan']","['mudah', 'layan']",mudah layan
0a50ea79-16c1-4f0f-a6f1-7bdcac801530,sangat membantu dlm proses berobat,5,2026-07-17,14,Juli,positif,sangat membantu dlm proses berobat,sangat membantu dalam proses berobat,"['sangat', 'membantu', 'dalam', 'proses', 'berobat']","['sangat', 'membantu', 'proses', 'berobat']","['sangat', 'membantu', 'proses', 'berobat']","['sangat', 'bantu', 'proses', 'obat']",sangat bantu proses obat
0a54eb91-f36a-439c-bbe1-0131cbd0fcb5,Aplikasi ampas.,1,2026-06-08,12,Juni,negatif,aplikasi ampas,aplikasi ampas,"['aplikasi', 'ampas']","['aplikasi', 'ampas']","['aplikasi', 'ampas']","['aplikasi', 'ampas']",aplikasi ampas
0a71206d-d598-4504-8fcb-7e3c082dbb8e,semoga bisa lebih baik,5,2026-07-23,20,Juli,netral,semoga bisa lebih baik,semoga bisa lebih baik,"['semoga', 'bisa', 'lebih', 'baik']","['semoga', 'lebih', 'baik']","['semoga', 'lebih', 'baik']","['moga', 'lebih', 'baik']",moga lebih baik
0ae29d7b-0fe7-4261-90df-182c4a9b5191,alhamdulillah ganti faskes cepat,4,2026-07-18,7,Juli,positif,alhamdulillah ganti faskes cepat,alhamdulillah ganti faskes cepat,"['alhamdulillah', 'ganti', 'faskes', 'cepat']","['alhamdulillah', 'ganti', 'faskes', 'cepat']","['alhamdulillah', 'ganti', 'faskes', 'cepat']","['alhamdulillah', 'ganti', 'faskes', 'cepat']",alhamdulillah ganti faskes cepat
0afd2fa2-c54f-47f5-9974-82072cc4b45a,"verifikasi wajah udah sesuai masih aja gagal, kode sms padahal ada kartunya tetep aja keluar kodenya nyuhasin rakyat segala ribet verif ribet kode ribet ubah lah perbaiki apk nya",1,2026-06-21,11,Juni,negatif,verifikasi wajah udah sesuai masih aja gagal kode sms padahal ada kartunya tetep aja keluar kodenya nyuhasin rakyat segala ribet verif ribet kode ribet ubah lah perbaiki apk nya,verifikasi wajah sudah sesuai masih saja gagal kode sms padahal ada kartunya tetap saja keluar kodenya menyusahkan rakyat segala rumit verifikasi rumit kode rumit ubah lah perbaiki aplikasi nya,"['verifikasi', 'wajah', 'sudah', 'sesuai', 'masih', 'saja', 'gagal', 'kode', 'sms', 'padahal', 'ada', 'kartunya', 'tetap', 'saja', 'keluar', 'kodenya', 'menyusahkan', 'rakyat', 'segala', 'rumit', 'verifikasi', 'rumit', 'kode', 'rumit', 'ubah', 'lah', 'perbaiki', 'aplikasi', 'nya']","['verifikasi', 'wajah', 'sesuai', 'gagal', 'kode', 'sms', 'padahal', 'kartunya', 'tetap', 'keluar', 'kodenya', 'menyusahkan', 'rakyat', 'segala', 'rumit', 'verifikasi', 'rumit', 'kode', 'rumit', 'ubah', 'lah', 'perbaiki', 'aplikasi']","['verifikasi', 'wajah', 'sesuai', 'gagal', 'kode', 'sms', 'padahal', 'kartunya', 'tetap', 'keluar', 'kodenya', 'menyusahkan', 'rakyat', 'segala', 'rumit', 'verifikasi', 'rumit', 'kode', 'rumit', 'ubah', 'lah', 'perbaiki', 'aplikasi']","['verifikasi', 'wajah', 'sesuai', 'gagal', 'kode', 'sms', 'padahal', 'kartu', 'tetap', 'keluar', 'kode', 'susah', 'rakyat', 'segala', 'rumit', 'verifikasi', 'rumit', 'kode', 'rumit', 'ubah', 'lah', 'perbaiki', 'aplikasi']",verifikasi wajah sesuai gagal kode sms padahal kartu tetap keluar kode susah rakyat segala rumit verifikasi rumit kode rumit ubah lah perbaiki aplikasi
0b2e338c-77a6-4661-88ca-64720e5cb786,mobil jkn,5,2026-07-27,18,Juli,netral,mobil jkn,mobil jkn,"['mobil', 'jkn']","['mobil', 'jkn']","['mobil', 'jkn']","['mobil', 'jkn']",mobil jkn
0b4c466c-d1fc-4946-b1ea-c92e3f6f425d,SAYA MAU DAFTAR KOK SUSAH SINYAL STABIL KOCAK,1,2026-07-01,3,Juli,negatif,saya mau daftar kok susah sinyal stabil kocak,saya mau daftar kok susah sinyal stabil kocak,"['saya', 'mau', 'daftar', 'kok', 'susah', 'sinyal', 'stabil', 'kocak']","['mau', 'daftar', 'kok', 'susah', 'sinyal', 'stabil', 'kocak']","['mau', 'daftar', 'kok', 'susah', 'sinyal', 'stabil', 'kocak']","['mau', 'daftar', 'kok', 'susah', 'sinyal', 'stabil', 'kocak']",mau daftar kok susah sinyal stabil kocak
0b780711-4257-455f-bd01-3dff39a3f422,sangat baik,5,2026-07-16,7,Juli,positif,sangat baik,sangat baik,"['sangat', 'baik']","['sangat', 'baik']","['sangat', 'baik']","['sangat', 'baik']",sangat baik
0bae4e5d-1dbc-42a6-b6eb-b47d749bc62d,baru mencoba,4,2026-06-29,18,Juni,netral,baru mencoba,baru mencoba,"['baru', 'mencoba']","['baru', 'mencoba']","['baru', 'mencoba']","['baru', 'coba']",baru coba
0bb9499b-7de6-40e5-867e-96d53d2d2148,Alhamdulillah,5,2026-06-05,17,Juni,netral,alhamdulillah,alhamdulillah,['alhamdulillah'],['alhamdulillah'],['alhamdulillah'],['alhamdulillah'],alhamdulillah
0bda89cc-c3c9-46cc-a567-302efe131452,okeh,4,2026-07-01,10,Juli,positif,okeh,oke,['oke'],['oke'],['oke'],['oke'],oke
0be7c9ee-0060-40cd-9096-adc3af74655e,"aplikasi yang baik, tapi kenapa verifikasi harus 1km , tolong diperbaiki agar memudahkan kami sebagai lansia bisakah 3km radius verifikasi nya... terimakasih",5,2026-08-04,21,Agustus,negatif,aplikasi yang baik tapi kenapa verifikasi harus 1km tolong diperbaiki agar memudahkan kami sebagai lansia bisakah 3km radius verifikasi nya terimakasih,aplikasi yang baik tapi kenapa verifikasi harus 1 km tolong diperbaiki agar memudahkan kami sebagai lansia bisakah 3 km radius verifikasi nya terima kasih,"['aplikasi', 'yang', 'baik', 'tapi', 'kenapa', 'verifikasi', 'harus', '1', 'km', 'tolong', 'diperbaiki', 'agar', 'memudahkan', 'kami', 'sebagai', 'lansia', 'bisakah', '3', 'km', 'radius', 'verifikasi', 'nya', 'terima', 'kasih']","['aplikasi', 'baik', 'verifikasi', '1', 'km', 'diperbaiki', 'memudahkan', 'lansia', 'bisakah', '3', 'km', 'radius', 'verifikasi', 'terima', 'kasih']","['aplikasi', 'baik', 'verifikasi', '1', 'km', 'diperbaiki', 'memudahkan', 'lansia', 'bisakah', '3', 'km', 'radius', 'verifikasi', 'terima', 'kasih']","['aplikasi', 'baik', 'verifikasi', '1', 'km', 'perbaiki', 'mudah', 'lansia', 'bisa', '3', 'km', 'radius', 'verifikasi', 'terima', 'kasih']",aplikasi baik verifikasi 1 km perbaiki mudah lansia bisa 3 km radius verifikasi terima kasih
0c4a1886-52c0-48c7-af47-4527de0d89a1,tolong perbaiki lagi layanan nya,1,2026-08-27,8,Agustus,netral,tolong perbaiki lagi layanan nya,tolong perbaiki lagi layanan nya,"['tolong', 'perbaiki', 'lagi', 'layanan', 'nya']","['perbaiki', 'layanan']","['perbaiki', 'layanan']","['perbaiki', 'layan']",perbaiki layan
0c54a650-7908-4949-9dc8-2cc1aaca5bc0,"terimakasih jkn, sampai saat ini saya tidak mengalami kendala dalam penggunaan. semakin dimudahkan kalo berobat rajal maupun ranap.",5,2026-08-27,17,Agustus,positif,terimakasih jkn sampai saat ini saya tidak mengalami kendala dalam penggunaan semakin dimudahkan kalo berobat rajal maupun ranap,terima kasih jkn sampai saat ini saya tidak mengalami kendala dalam penggunaan semakin dimudahkan kalau berobat rajal maupun ranap,"['terima', 'kasih', 'jkn', 'sampai', 'saat', 'ini', 'saya', 'tidak', 'mengalami', 'kendala', 'dalam', 'penggunaan', 'semakin', 'dimudahkan', 'kalau', 'berobat', 'rajal', 'maupun', 'ranap']","['terima', 'kasih', 'jkn', 'tidak', 'mengalami', 'kendala', 'penggunaan', 'semakin', 'dimudahkan', 'kalau', 'berobat', 'rajal', 'maupun', 'ranap']","['terima', 'kasih', 'jkn', 'tidak', 'tidak_mengalami', 'kendala', 'penggunaan', 'semakin', 'dimudahkan', 'kalau', 'berobat', 'rajal', 'maupun', 'ranap']","['terima', 'kasih', 'jkn', 'tidak', 'tidak_alami', 'kendala', 'guna', 'makin', 'mudah', 'kalau', 'obat', 'rajal', 'maupun', 'ranap']",terima kasih jkn tidak tidak_alami kendala guna makin mudah kalau obat rajal maupun ranap
0c969f8f-7031-46ac-b998-46a05fe8cc7d,tolong hapus itu daftar berobat online di faskes. menurut saya gak urgent bang. kalaupun ada pasien yang kritis atau butuh tindakan cepat kan sudah ada iGD dan UGD.,5,2026-07-23,10,Juli,netral,tolong hapus itu daftar berobat online di faskes menurut saya gak urgent bang kalaupun ada pasien yang kritis atau butuh tindakan cepat kan sudah ada igd dan ugd,tolong hapus itu daftar berobat daring di faskes menurut saya tidak mendesak bang kalaupun ada pasien yang kritis atau butuh tindakan cepat kan sudah ada igd dan ugd,"['tolong', 'hapus', 'itu', 'daftar', 'berobat', 'daring', 'di', 'faskes', 'menurut', 'saya', 'tidak', 'mendesak', 'bang', 'kalaupun', 'ada', 'pasien', 'yang', 'kritis', 'atau', 'butuh', 'tindakan', 'cepat', 'kan', 'sudah', 'ada', 'igd', 'dan', 'ugd']","['hapus', 'daftar', 'berobat', 'daring', 'faskes', 'tidak', 'mendesak', 'bang', 'kalaupun', 'pasien', 'kritis', 'butuh', 'tindakan', 'cepat', 'kan', 'igd', 'ugd']","['hapus', 'daftar', 'berobat', 'daring', 'faskes', 'tidak', 'tidak_mendesak', 'bang', 'kalaupun', 'pasien', 'kritis', 'butuh', 'tindakan', 'cepat', 'kan', 'igd', 'ugd']","['hapus', 'daftar', 'obat', 'daring', 'faskes', 'tidak', 'tidak_desak', 'bang', 'kalaupun', 'pasien', 'kritis', 'butuh', 'tindak', 'cepat', 'kan', 'igd', 'ugd']",hapus daftar obat daring faskes tidak tidak_desak bang kalaupun pasien kritis butuh tindak cepat kan igd ugd
0cab0785-1b83-4f5f-bff9-fa1282268fe8,"buruuuk banget aplikasi ini, maaf. dari kemarin masuk ke aplikasi gak bisa. ambil nomer antrian untuk ke faskes lanjutan saja lewat jkn gagal terus. sudah 3 hari... bpjs maksudnya gimana? koq semakin sulit, bukanya semakin mudah",1,2026-08-13,13,Agustus,negatif,buruuuk banget aplikasi ini maaf dari kemarin masuk ke aplikasi gak bisa ambil nomer antrian untuk ke faskes lanjutan saja lewat jkn gagal terus sudah 3 hari bpjs maksudnya gimana koq semakin sulit bukanya semakin mudah,buruk sangat aplikasi ini maaf dari kemarin masuk ke aplikasi tidak bisa ambil nomor antrean untuk ke faskes lanjutan saja lewat jkn gagal terus sudah 3 hari bpjs maksudnya bagaimana kok semakin sulit bukanya semakin mudah,"['buruk', 'sangat', 'aplikasi', 'ini', 'maaf', 'dari', 'kemarin', 'masuk', 'ke', 'aplikasi', 'tidak', 'bisa', 'ambil', 'nomor', 'antrean', 'untuk', 'ke', 'faskes', 'lanjutan', 'saja', 'lewat', 'jkn', 'gagal', 'terus', 'sudah', '3', 'hari', 'bpjs', 'maksudnya', 'bagaimana', 'kok', 'semakin', 'sulit', 'bukanya', 'semakin', 'mudah']","['buruk', 'sangat', 'aplikasi', 'maaf', 'kemarin', 'masuk', 'aplikasi', 'tidak', 'ambil', 'nomor', 'antrean', 'faskes', 'lanjutan', 'lewat', 'jkn', 'gagal', 'terus', '3', 'hari', 'bpjs', 'maksudnya', 'bagaimana', 'kok', 'semakin', 'sulit', 'bukanya', 'semakin', 'mudah']","['buruk', 'sangat', 'aplikasi', 'maaf', 'kemarin', 'masuk', 'aplikasi', 'tidak', 'tidak_ambil', 'nomor', 'antrean', 'faskes', 'lanjutan', 'lewat', 'jkn', 'gagal', 'terus', '3', 'hari', 'bpjs', 'maksudnya', 'bagaimana', 'kok', 'semakin', 'sulit', 'bukanya', 'semakin', 'mudah']","['buruk', 'sangat', 'aplikasi', 'maaf', 'kemarin', 'masuk', 'aplikasi', 'tidak', 'tidak_ambil', 'nomor', 'antre', 'faskes', 'lanjut', 'lewat', 'jkn', 'gagal', 'terus', '3', 'hari', 'bpjs', 'maksud', 'bagaimana', 'kok', 'makin', 'sulit', 'buka', 'makin', 'mudah']",buruk sangat aplikasi maaf kemarin masuk aplikasi tidak tidak_ambil nomor antre faskes lanjut lewat jkn gagal terus 3 hari bpjs maksud bagaimana kok makin sulit buka makin mudah
0cadb5b8-2255-4c2e-b3ef-0441bcd25af3,simple,5,2026-06-02,12,Juni,positif,simple,sederhana,['sederhana'],['sederhana'],['sederhana'],['sederhana'],sederhana
0cdf4d8a-526f-4050-8cd1-88c81a4d7427,"sebenarnya udh liat ulasan dengan kode verifikasi ga dikirim"" dan nyoba bener aja ga dikirim"" ngapain coba bikin aplikasi kalau kaga guna",1,2026-06-06,6,Juni,negatif,sebenarnya udh liat ulasan dengan kode verifikasi ga dikirim dan nyoba bener aja ga dikirim ngapain coba bikin aplikasi kalau kaga guna,sebenarnya sudah lihat ulasan dengan kode verifikasi tidak dikirim dan mencoba benar saja tidak dikirim untuk apa coba membuat aplikasi kalau tidak berguna,"['sebenarnya', 'sudah', 'lihat', 'ulasan', 'dengan', 'kode', 'verifikasi', 'tidak', 'dikirim', 'dan', 'mencoba', 'benar', 'saja', 'tidak', 'dikirim', 'untuk', 'apa', 'coba', 'membuat', 'aplikasi', 'kalau', 'tidak', 'berguna']","['sebenarnya', 'lihat', 'ulasan', 'kode', 'verifikasi', 'tidak', 'dikirim', 'mencoba', 'benar', 'tidak', 'dikirim', 'apa', 'coba', 'membuat', 'aplikasi', 'kalau', 'tidak', 'berguna']","['sebenarnya', 'lihat', 'ulasan', 'kode', 'verifikasi', 'tidak', 'tidak_dikirim', 'mencoba', 'benar', 'tidak', 'tidak_dikirim', 'apa', 'coba', 'membuat', 'aplikasi', 'kalau', 'tidak', 'tidak_berguna']","['benar', 'lihat', 'ulas', 'kode', 'verifikasi', 'tidak', 'tidak_kirim', 'coba', 'benar', 'tidak', 'tidak_kirim', 'apa', 'coba', 'buat', 'aplikasi', 'kalau', 'tidak', 'tidak_guna']",benar lihat ulas kode verifikasi tidak tidak_kirim coba benar tidak tidak_kirim apa coba buat aplikasi kalau tidak tidak_guna
0cffbc0c-7acb-40c3-a1f8-f00b21cd0733,mantap. mempermudah urusan,5,2026-07-27,21,Juli,positif,mantap mempermudah urusan,mantap mempermudah urusan,"['mantap', 'mempermudah', 'urusan']","['mantap', 'mempermudah', 'urusan']","['mantap', 'mempermudah', 'urusan']","['mantap', 'mudah', 'urus']",mantap mudah urus
0d21a375-7773-4f63-9b4c-d2afcbe7d2d2,mantap,5,2026-07-27,20,Juli,positif,mantap,mantap,['mantap'],['mantap'],['mantap'],['mantap'],mantap
0d2564e2-efc5-45fe-b7cb-861bfce9f09c,mantap,5,2026-07-23,14,Juli,positif,mantap,mantap,['mantap'],['mantap'],['mantap'],['mantap'],mantap
0d29b169-ab74-484f-aee5-7597311dcce8,"klo mau perbaikan itu tengah malam, jangan sekarang jam 19:15 ga bisa error semua",1,2026-06-30,19,Juni,negatif,klo mau perbaikan itu tengah malam jangan sekarang jam 19 15 ga bisa error semua,kalau mau perbaikan itu tengah malam jangan sekarang jam 19 15 tidak bisa error semua,"['kalau', 'mau', 'perbaikan', 'itu', 'tengah', 'malam', 'jangan', 'sekarang', 'jam', '19', '15', 'tidak', 'bisa', 'error', 'semua']","['kalau', 'mau', 'perbaikan', 'tengah', 'malam', 'jangan', 'sekarang', 'jam', '19', '15', 'tidak', 'error', 'semua']","['kalau', 'mau', 'perbaikan', 'tengah', 'malam', 'jangan', 'sekarang', 'jam', '19', '15', 'tidak', 'tidak_error', 'semua']","['kalau', 'mau', 'perbaiki', 'tengah', 'malam', 'jangan', 'sekarang', 'jam', '19', '15', 'tidak', 'tidak_error', 'semua']",kalau mau perbaiki tengah malam jangan sekarang jam 19 15 tidak tidak_error semua
0d4fc620-9523-422e-b180-7d94820d73da,sms kode gak muncul semua apalah coba,1,2026-08-21,9,Agustus,negatif,sms kode gak muncul semua apalah coba,sms kode tidak muncul semua apalah coba,"['sms', 'kode', 'tidak', 'muncul', 'semua', 'apalah', 'coba']","['sms', 'kode', 'tidak', 'muncul', 'semua', 'apalah', 'coba']","['sms', 'kode', 'tidak', 'tidak_muncul', 'semua', 'apalah', 'coba']","['sms', 'kode', 'tidak', 'tidak_muncul', 'semua', 'apa', 'coba']",sms kode tidak tidak_muncul semua apa coba
0d865b48-0ea5-46ed-8f1d-d9908768e25d,kallo bisa BPJS bisa di pake semuah RS mana ajah tanpa harus faskes.!,1,2026-06-01,6,Juni,negatif,kallo bisa bpjs bisa di pake semuah rs mana ajah tanpa harus faskes,kalau bisa bpjs bisa dipakai semua rumah sakit mana saja tanpa harus faskes,"['kalau', 'bisa', 'bpjs', 'bisa', 'dipakai', 'semua', 'rumah', 'sakit', 'mana', 'saja', 'tanpa', 'harus', 'faskes']","['kalau', 'bpjs', 'dipakai', 'semua', 'rumah', 'sakit', 'mana', 'faskes']","['kalau', 'bpjs', 'dipakai', 'semua', 'rumah', 'sakit', 'mana', 'faskes']","['kalau', 'bpjs', 'pakai', 'semua', 'rumah', 'sakit', 'mana', 'faskes']",kalau bpjs pakai semua rumah sakit mana faskes
0dda794b-e88d-4675-a813-8c576c51ac78,sering tdk bisa terhubung dgn server RS,5,2026-08-15,5,Agustus,negatif,sering tdk bisa terhubung dgn server rs,sering tidak bisa terhubung dengan server rumah sakit,"['sering', 'tidak', 'bisa', 'terhubung', 'dengan', 'server', 'rumah', 'sakit']","['sering', 'tidak', 'terhubung', 'server', 'rumah', 'sakit']","['sering', 'tidak', 'tidak_terhubung', 'server', 'rumah', 'sakit']","['sering', 'tidak', 'tidak_hubung', 'server', 'rumah', 'sakit']",sering tidak tidak_hubung server rumah sakit
0df0968d-dc0f-4403-846c-2362c7ffd638,sangat bagus dan mudah untuk melakukan pendaftaran,4,2026-08-26,11,Agustus,positif,sangat bagus dan mudah untuk melakukan pendaftaran,sangat bagus dan mudah untuk melakukan pendaftaran,"['sangat', 'bagus', 'dan', 'mudah', 'untuk', 'melakukan', 'pendaftaran']","['sangat', 'bagus', 'mudah', 'melakukan', 'pendaftaran']","['sangat', 'bagus', 'mudah', 'melakukan', 'pendaftaran']","['sangat', 'bagus', 'mudah', 'laku', 'daftar']",sangat bagus mudah laku daftar
0dfd9140-4ad5-496a-a622-108714da340a,sangat senang dengan pelayanan jkn,5,2026-08-07,15,Agustus,positif,sangat senang dengan pelayanan jkn,sangat senang dengan pelayanan jkn,"['sangat', 'senang', 'dengan', 'pelayanan', 'jkn']","['sangat', 'senang', 'pelayanan', 'jkn']","['sangat', 'senang', 'pelayanan', 'jkn']","['sangat', 'senang', 'layan', 'jkn']",sangat senang layan jkn
0e007a7a-9c7f-41f7-ad08-ff1c5238eb2c,"aplikasi nya buruk, sering otomatis log out, kl udah keluar hilang histori nya.",1,2026-06-11,21,Juni,negatif,aplikasi nya buruk sering otomatis log out kl udah keluar hilang histori nya,aplikasi nya buruk sering otomatis logout kalau sudah keluar hilang riwayat nya,"['aplikasi', 'nya', 'buruk', 'sering', 'otomatis', 'logout', 'kalau', 'sudah', 'keluar', 'hilang', 'riwayat', 'nya']","['aplikasi', 'buruk', 'sering', 'otomatis', 'logout', 'kalau', 'keluar', 'hilang', 'riwayat']","['aplikasi', 'buruk', 'sering', 'otomatis', 'logout', 'kalau', 'keluar', 'hilang', 'riwayat']","['aplikasi', 'buruk', 'sering', 'otomatis', 'logout', 'kalau', 'keluar', 'hilang', 'riwayat']",aplikasi buruk sering otomatis logout kalau keluar hilang riwayat
0e0153d6-56ab-47a4-99ae-709915610515,"sangat,sangat membantu",5,2026-06-28,6,Juni,positif,sangat sangat membantu,sangat sangat membantu,"['sangat', 'sangat', 'membantu']","['sangat', 'sangat', 'membantu']","['sangat', 'sangat', 'membantu']","['sangat', 'sangat', 'bantu']",sangat sangat bantu
0e3bd4f1-2705-4e4e-8f00-3685d09da14c,Semoga bisa lebih baek lagi,4,2026-06-19,1,Juni,netral,semoga bisa lebih baek lagi,semoga bisa lebih baik lagi,"['semoga', 'bisa', 'lebih', 'baik', 'lagi']","['semoga', 'lebih', 'baik']","['semoga', 'lebih', 'baik']","['moga', 'lebih', 'baik']",moga lebih baik
0e7db291-67b2-4b0d-8450-baaa40459f2c,ga bisa masuk terus ajg,1,2026-08-26,12,Agustus,negatif,ga bisa masuk terus ajg,tidak bisa masuk terus anjing,"['tidak', 'bisa', 'masuk', 'terus', 'anjing']","['tidak', 'masuk', 'terus', 'anjing']","['tidak', 'tidak_masuk', 'terus', 'anjing']","['tidak', 'tidak_masuk', 'terus', 'anjing']",tidak tidak_masuk terus anjing
0eb5297d-cdc6-44c5-8080-b596294f05fb,mantap memudahkan pengguna JKN,5,2026-07-01,16,Juli,positif,mantap memudahkan pengguna jkn,mantap memudahkan pengguna jkn,"['mantap', 'memudahkan', 'pengguna', 'jkn']","['mantap', 'memudahkan', 'pengguna', 'jkn']","['mantap', 'memudahkan', 'pengguna', 'jkn']","['mantap', 'mudah', 'guna', 'jkn']",mantap mudah guna jkn
0f6f9450-1b10-4826-a257-165e85f25886,BERHARI2 TIDAK BISA MENDAFTAR,1,2026-08-28,15,Agustus,negatif,berhari2 tidak bisa mendaftar,berhari-hari tidak bisa mendaftar,"['berhari-hari', 'tidak', 'bisa', 'mendaftar']","['berhari-hari', 'tidak', 'mendaftar']","['berhari-hari', 'tidak', 'tidak_mendaftar']","['hari', 'tidak', 'tidak_daftar']",hari tidak tidak_daftar
0fbe61f4-f28c-463e-adf0-b8c05b90bb5d,ini aplikasi jkn untuk daftar antrian faskes ke 2 macet gak terlayani..repot. untuk periksa besuk pagi,1,2026-06-30,13,Juni,negatif,ini aplikasi jkn untuk daftar antrian faskes ke 2 macet gak terlayani repot untuk periksa besuk pagi,ini aplikasi jkn untuk daftar antrean faskes ke 2 macet tidak terlayani repot untuk periksa besok pagi,"['ini', 'aplikasi', 'jkn', 'untuk', 'daftar', 'antrean', 'faskes', 'ke', '2', 'macet', 'tidak', 'terlayani', 'repot', 'untuk', 'periksa', 'besok', 'pagi']","['aplikasi', 'jkn', 'daftar', 'antrean', 'faskes', '2', 'macet', 'tidak', 'terlayani', 'repot', 'periksa', 'besok', 'pagi']","['aplikasi', 'jkn', 'daftar', 'antrean', 'faskes', '2', 'macet', 'tidak', 'tidak_terlayani', 'repot', 'periksa', 'besok', 'pagi']","['aplikasi', 'jkn', 'daftar', 'antre', 'faskes', '2', 'macet', 'tidak', 'tidak_layan', 'repot', 'periksa', 'besok', 'pagi']",aplikasi jkn daftar antre faskes 2 macet tidak tidak_layan repot periksa besok pagi
10065113-551c-4942-b3c7-303427353a63,mudah di akses 👍👍,5,2026-07-08,19,Juli,positif,mudah di akses,mudah di akses,"['mudah', 'di', 'akses']","['mudah', 'akses']","['mudah', 'akses']","['mudah', 'akses']",mudah akses
1051ab50-f07b-4d95-b13c-31fcc7a27a5c,"mau daftar akun, tapigk bisa2.. suruh kirim kode verifikasi tapi gk ada kiriman kode dari BPJS di SMS maupun email. gimana siiiii?",1,2026-08-12,11,Agustus,negatif,mau daftar akun tapigk bisa2 suruh kirim kode verifikasi tapi gk ada kiriman kode dari bpjs di sms maupun email gimana siiiii,mau daftar akun tapi tidak bisa menyuruh kirim kode verifikasi tapi tidak ada kiriman kode dari bpjs di sms maupun email bagaimana sih,"['mau', 'daftar', 'akun', 'tapi', 'tidak', 'bisa', 'menyuruh', 'kirim', 'kode', 'verifikasi', 'tapi', 'tidak', 'ada', 'kiriman', 'kode', 'dari', 'bpjs', 'di', 'sms', 'maupun', 'email', 'bagaimana', 'sih']","['mau', 'daftar', 'akun', 'tidak', 'menyuruh', 'kirim', 'kode', 'verifikasi', 'tidak', 'kiriman', 'kode', 'bpjs', 'sms', 'maupun', 'email', 'bagaimana', 'sih']","['mau', 'daftar', 'akun', 'tidak', 'tidak_menyuruh', 'kirim', 'kode', 'verifikasi', 'tidak', 'tidak_kiriman', 'kode', 'bpjs', 'sms', 'maupun', 'email', 'bagaimana', 'sih']","['mau', 'daftar', 'akun', 'tidak', 'tidak_suruh', 'kirim', 'kode', 'verifikasi', 'tidak', 'tidak_kirim', 'kode', 'bpjs', 'sms', 'maupun', 'email', 'bagaimana', 'sih']",mau daftar akun tidak tidak_suruh kirim kode verifikasi tidak tidak_kirim kode bpjs sms maupun email bagaimana sih
10716644-66cc-4861-88b6-d4a202b10f9d,perangkat tidak bisa dibuka,1,2026-07-04,12,Juli,negatif,perangkat tidak bisa dibuka,perangkat tidak bisa dibuka,"['perangkat', 'tidak', 'bisa', 'dibuka']","['perangkat', 'tidak', 'dibuka']","['perangkat', 'tidak', 'tidak_dibuka']","['perangkat', 'tidak', 'tidak_buka']",perangkat tidak tidak_buka
10a5b742-e845-4e8c-b0de-4f4e338fa9f9,cukup baik,5,2026-08-24,18,Agustus,positif,cukup baik,cukup baik,"['cukup', 'baik']","['cukup', 'baik']","['cukup', 'baik']","['cukup', 'baik']",cukup baik
10bb9a56-47a5-40c1-bde6-6534f762f465,cek BPJS yahdisini,5,2026-08-10,16,Agustus,netral,cek bpjs yahdisini,cek bpjs yahdisini,"['cek', 'bpjs', 'yahdisini']","['cek', 'bpjs', 'yahdisini']","['cek', 'bpjs', 'yahdisini']","['cek', 'bpjs', 'yahdisini']",cek bpjs yahdisini
10df6031-88c2-45ee-be24-7c1780953525,"APLIKASI SANGAT BERMANFAAT TAPI....... kenapa gak bisa pilih opsi faskes tingkat lanjut ada keterangan pada aplikasi ""tidak terhubung ke server rs"" katanya ini aplikasi untuk mempermudah tapi kok kayak gini ya jdinya mempersulit orang jika mau daftar online HADUHHH TOLONG DITINDAK LANJUTI YAAAA MAU DAFTAR ONLINE KOK SUSAH GEGARA INI TOLONG PERBAIKI APLIKASI YG ADA KETERANGAN SEPERTI ITU.... muak banget jujur UDAH BERAPA HARI APLIKASI KYK GINI TRSS KAPAN DAFTARNYA INI TOLOL",1,2026-08-28,9,Agustus,negatif,aplikasi sangat bermanfaat tapi kenapa gak bisa pilih opsi faskes tingkat lanjut ada keterangan pada aplikasi tidak terhubung ke server rs katanya ini aplikasi untuk mempermudah tapi kok kayak gini ya jdinya mempersulit orang jika mau daftar online haduhhh tolong ditindak lanjuti yaaaa mau daftar online kok susah gegara ini tolong perbaiki aplikasi yg ada keterangan seperti itu muak banget jujur udah berapa hari aplikasi kyk gini trss kapan daftarnya ini tolol,aplikasi sangat bermanfaat tapi kenapa tidak bisa pilih opsi faskes tingkat lanjut ada keterangan pada aplikasi tidak terhubung ke server rumah sakit katanya ini aplikasi untuk mempermudah tapi kok kayak begini ya jadinya mempersulit orang jika mau daftar daring aduh tolong ditindak lanjuti ya mau daftar daring kok susah gegara ini tolong perbaiki aplikasi yang ada keterangan seperti itu muak sangat jujur sudah berapa hari aplikasi seperti begini terus kapan daftar ini tolol,"['aplikasi', 'sangat', 'bermanfaat', 'tapi', 'kenapa', 'tidak', 'bisa', 'pilih', 'opsi', 'faskes', 'tingkat', 'lanjut', 'ada', 'keterangan', 'pada', 'aplikasi', 'tidak', 'terhubung', 'ke', 'server', 'rumah', 'sakit', 'katanya', 'ini', 'aplikasi', 'untuk', 'mempermudah', 'tapi', 'kok', 'kayak', 'begini', 'ya', 'jadinya', 'mempersulit', 'orang', 'jika', 'mau', 'daftar', 'daring', 'aduh', 'tolong', 'ditindak', 'lanjuti', 'ya', 'mau', 'daftar', 'daring', 'kok', 'susah', 'gegara', 'ini', 'tolong', 'perbaiki', 'aplikasi', 'yang', 'ada', 'keterangan', 'seperti', 'itu', 'muak', 'sangat', 'jujur', 'sudah', 'berapa', 'hari', 'aplikasi', 'seperti', 'begini', 'terus', 'kapan', 'daftar', 'ini', 'tolol']","['aplikasi', 'sangat', 'bermanfaat', 'tidak', 'pilih', 'opsi', 'faskes', 'tingkat', 'lanjut', 'keterangan', 'aplikasi', 'tidak', 'terhubung', 'server', 'rumah', 'sakit', 'katanya', 'aplikasi', 'mempermudah', 'kok', 'kayak', 'begini', 'jadinya', 'mempersulit', 'orang', 'mau', 'daftar', 'daring', 'aduh', 'ditindak', 'lanjuti', 'mau', 'daftar', 'daring', 'kok', 'susah', 'gegara', 'perbaiki', 'aplikasi', 'keterangan', 'muak', 'sangat', 'jujur', 'berapa', 'hari', 'aplikasi', 'begini', 'terus', 'kapan', 'daftar', 'tolol']","['aplikasi', 'sangat', 'bermanfaat', 'tidak', 'tidak_pilih', 'opsi', 'faskes', 'tingkat', 'lanjut', 'keterangan', 'aplikasi', 'tidak', 'tidak_terhubung', 'server', 'rumah', 'sakit', 'katanya', 'aplikasi', 'mempermudah', 'kok', 'kayak', 'begini', 'jadinya', 'mempersulit', 'orang', 'mau', 'daftar', 'daring', 'aduh', 'ditindak', 'lanjuti', 'mau', 'daftar', 'daring', 'kok', 'susah', 'gegara', 'perbaiki', 'aplikasi', 'keterangan', 'muak', 'sangat', 'jujur', 'berapa', 'hari', 'aplikasi', 'begini', 'terus', 'kapan', 'daftar', 'tolol']","['aplikasi', 'sangat', 'manfaat', 'tidak', 'tidak_pilih', 'opsi', 'faskes', 'tingkat', 'lanjut', 'terang', 'aplikasi', 'tidak', 'tidak_hubung', 'server', 'rumah', 'sakit', 'kata', 'aplikasi', 'mudah', 'kok', 'kayak', 'begini', 'jadi', 'sulit', 'orang', 'mau', 'daftar', 'daring', 'aduh', 'tindak', 'lanjut', 'mau', 'daftar', 'daring', 'kok', 'susah', 'gegara', 'perbaiki', 'aplikasi', 'terang', 'muak', 'sangat', 'jujur', 'berapa', 'hari', 'aplikasi', 'begini', 'terus', 'kapan', 'daftar', 'tolol']",aplikasi sangat manfaat tidak tidak_pilih opsi faskes tingkat lanjut terang aplikasi tidak tidak_hubung server rumah sakit kata aplikasi mudah kok kayak begini jadi sulit orang mau daftar daring aduh tindak lanjut mau daftar daring kok susah gegara perbaiki aplikasi terang muak sangat jujur berapa hari aplikasi begini terus kapan daftar tolol
11044b0b-c70e-40a6-869e-68b80ad33e28,cek QC App nya,1,2026-08-02,13,Agustus,netral,cek qc app nya,cek kontrol kualitas aplikasi nya,"['cek', 'kontrol', 'kualitas', 'aplikasi', 'nya']","['cek', 'kontrol', 'kualitas', 'aplikasi']","['cek', 'kontrol', 'kualitas', 'aplikasi']","['cek', 'kontrol', 'kualitas', 'aplikasi']",cek kontrol kualitas aplikasi
1108a29e-a83b-43e0-bcfc-647f5e42d8dd,Proses perubahan faskes sangat vepat,5,2026-07-01,15,Juli,positif,proses perubahan faskes sangat vepat,proses perubahan faskes sangat cepat,"['proses', 'perubahan', 'faskes', 'sangat', 'cepat']","['proses', 'perubahan', 'faskes', 'sangat', 'cepat']","['proses', 'perubahan', 'faskes', 'sangat', 'cepat']","['proses', 'ubah', 'faskes', 'sangat', 'cepat']",proses ubah faskes sangat cepat
112e9268-6e6c-4856-98c1-22d311cabc8e,"semoga bisa bermanfaat buat diri sendiri, keluarga dan orang lain.",5,2026-07-13,21,Juli,netral,semoga bisa bermanfaat buat diri sendiri keluarga dan orang lain,semoga bisa bermanfaat buat diri sendiri keluarga dan orang lain,"['semoga', 'bisa', 'bermanfaat', 'buat', 'diri', 'sendiri', 'keluarga', 'dan', 'orang', 'lain']","['semoga', 'bermanfaat', 'buat', 'diri', 'sendiri', 'keluarga', 'orang']","['semoga', 'bermanfaat', 'buat', 'diri', 'sendiri', 'keluarga', 'orang']","['moga', 'manfaat', 'buat', 'diri', 'sendiri', 'keluarga', 'orang']",moga manfaat buat diri sendiri keluarga orang
11324ee9-2a09-4f99-8de4-a8a12ecfb50c,"Tolong lah perbaiki lagi,aku sebagai pengguna baru di sulit kan dengan yang pertama..1.saat scan dengan wajah dipersulit 2.saat sudah daftar dan di harus kan lagi.. padahal nik dan password yang sama sudah di masukan berkali-kali..malah nggak bisa.. masa baru juga download ni apk bnyk bgt bug nya.. tolonglah.. diperbaiki lagi.. nggak enak bgt tau kesan pertama dapat yang jelek seperti ini..",1,2026-06-11,12,Juni,negatif,tolong lah perbaiki lagi aku sebagai pengguna baru di sulit kan dengan yang pertama 1 saat scan dengan wajah dipersulit 2 saat sudah daftar dan di harus kan lagi padahal nik dan password yang sama sudah di masukan berkali kali malah nggak bisa masa baru juga download ni apk bnyk bgt bug nya tolonglah diperbaiki lagi nggak enak bgt tau kesan pertama dapat yang jelek seperti ini,tolong lah perbaiki lagi aku sebagai pengguna baru di sulit kan dengan yang pertama 1 saat pindai dengan wajah dipersulit 2 saat sudah daftar dan di harus kan lagi padahal nik dan kata sandi yang sama sudah dimasukkan berkali kali malah tidak bisa masa baru juga unduh ini aplikasi banyak sangat gangguan sistem nya tolonglah diperbaiki lagi tidak enak sangat tahu kesan pertama dapat yang jelek seperti ini,"['tolong', 'lah', 'perbaiki', 'lagi', 'aku', 'sebagai', 'pengguna', 'baru', 'di', 'sulit', 'kan', 'dengan', 'yang', 'pertama', '1', 'saat', 'pindai', 'dengan', 'wajah', 'dipersulit', '2', 'saat', 'sudah', 'daftar', 'dan', 'di', 'harus', 'kan', 'lagi', 'padahal', 'nik', 'dan', 'kata', 'sandi', 'yang', 'sama', 'sudah', 'dimasukkan', 'berkali', 'kali', 'malah', 'tidak', 'bisa', 'masa', 'baru', 'juga', 'unduh', 'ini', 'aplikasi', 'banyak', 'sangat', 'gangguan', 'sistem', 'nya', 'tolonglah', 'diperbaiki', 'lagi', 'tidak', 'enak', 'sangat', 'tahu', 'kesan', 'pertama', 'dapat', 'yang', 'jelek', 'seperti', 'ini']","['lah', 'perbaiki', 'aku', 'pengguna', 'baru', 'sulit', 'kan', 'pertama', '1', 'pindai', 'wajah', 'dipersulit', '2', 'daftar', 'kan', 'padahal', 'nik', 'kata', 'sandi', 'sama', 'dimasukkan', 'berkali', 'kali', 'malah', 'tidak', 'masa', 'baru', 'unduh', 'aplikasi', 'banyak', 'sangat', 'gangguan', 'sistem', 'tolonglah', 'diperbaiki', 'tidak', 'enak', 'sangat', 'tahu', 'kesan', 'pertama', 'jelek']","['lah', 'perbaiki', 'aku', 'pengguna', 'baru', 'sulit', 'kan', 'pertama', '1', 'pindai', 'wajah', 'dipersulit', '2', 'daftar', 'kan', 'padahal', 'nik', 'kata', 'sandi', 'sama', 'dimasukkan', 'berkali', 'kali', 'malah', 'tidak', 'tidak_masa', 'baru', 'unduh', 'aplikasi', 'banyak', 'sangat', 'gangguan', 'sistem', 'tolonglah', 'diperbaiki', 'tidak', 'tidak_enak', 'sangat', 'tahu', 'kesan', 'pertama', 'jelek']","['lah', 'perbaiki', 'aku', 'guna', 'baru', 'sulit', 'kan', 'pertama', '1', 'pindai', 'wajah', 'sulit', '2', 'daftar', 'kan', 'padahal', 'nik', 'kata', 'sandi', 'sama', 'masuk', 'kali', 'kali', 'malah', 'tidak', 'tidak_masa', 'baru', 'unduh', 'aplikasi', 'banyak', 'sangat', 'ganggu', 'sistem', 'tolong', 'perbaiki', 'tidak', 'tidak_enak', 'sangat', 'tahu', 'kesan', 'pertama', 'jelek']",lah perbaiki aku guna baru sulit kan pertama 1 pindai wajah sulit 2 daftar kan padahal nik kata sandi sama masuk kali kali malah tidak tidak_masa baru unduh aplikasi banyak sangat ganggu sistem tolong perbaiki tidak tidak_enak sangat tahu kesan pertama jelek
1140eba2-9ebf-4d7f-97fa-dcedc343feea,"aplikaasi maacam apaa ini sudab diverivikasi masih minta terus, ketika sudah bisa malah gagal load paadahal signal bagus.",1,2026-06-02,16,Juni,negatif,aplikaasi maacam apaa ini sudab diverivikasi masih minta terus ketika sudah bisa malah gagal load paadahal signal bagus,aplikasi macam apa ini sudah diverifikasi masih minta terus ketika sudah bisa malah gagal memuat padahal sinyal bagus,"['aplikasi', 'macam', 'apa', 'ini', 'sudah', 'diverifikasi', 'masih', 'minta', 'terus', 'ketika', 'sudah', 'bisa', 'malah', 'gagal', 'memuat', 'padahal', 'sinyal', 'bagus']","['aplikasi', 'macam', 'apa', 'diverifikasi', 'minta', 'terus', 'malah', 'gagal', 'memuat', 'padahal', 'sinyal', 'bagus']","['aplikasi', 'macam', 'apa', 'diverifikasi', 'minta', 'terus', 'malah', 'gagal', 'memuat', 'padahal', 'sinyal', 'bagus']","['aplikasi', 'macam', 'apa', 'verifikasi', 'minta', 'terus', 'malah', 'gagal', 'muat', 'padahal', 'sinyal', 'bagus']",aplikasi macam apa verifikasi minta terus malah gagal muat padahal sinyal bagus
11581015-97d2-4640-98cd-52cd2614327c,nih aplikasi ribet bnget cuma mau masuk juga,1,2026-08-12,13,Agustus,negatif,nih aplikasi ribet bnget cuma mau masuk juga,ini aplikasi rumit sangat hanya mau masuk juga,"['ini', 'aplikasi', 'rumit', 'sangat', 'hanya', 'mau', 'masuk', 'juga']","['aplikasi', 'rumit', 'sangat', 'mau', 'masuk']","['aplikasi', 'rumit', 'sangat', 'mau', 'masuk']","['aplikasi', 'rumit', 'sangat', 'mau', 'masuk']",aplikasi rumit sangat mau masuk
11bbe3f0-05f6-4219-985e-ec021d0a8e12,"tolong dong di perbarui supaya 1 keluarga bisa daftar di 1 apk punya saya,soalnya anak saya gada hp trus faskes klinik nya nyuruh di perbarui apk jkn nya supaya anak bisa daftar online ktanyaa.",4,2026-08-01,14,Agustus,netral,tolong dong di perbarui supaya 1 keluarga bisa daftar di 1 apk punya saya soalnya anak saya gada hp trus faskes klinik nya nyuruh di perbarui apk jkn nya supaya anak bisa daftar online ktanyaa,tolong dong di perbarui supaya 1 keluarga bisa daftar di 1 aplikasi punya saya soalnya anak saya gada ponsel terus faskes klinik nya menyuruh di perbarui aplikasi jkn nya supaya anak bisa daftar daring ktanyaa,"['tolong', 'dong', 'di', 'perbarui', 'supaya', '1', 'keluarga', 'bisa', 'daftar', 'di', '1', 'aplikasi', 'punya', 'saya', 'soalnya', 'anak', 'saya', 'gada', 'ponsel', 'terus', 'faskes', 'klinik', 'nya', 'menyuruh', 'di', 'perbarui', 'aplikasi', 'jkn', 'nya', 'supaya', 'anak', 'bisa', 'daftar', 'daring', 'ktanyaa']","['dong', 'perbarui', '1', 'keluarga', 'daftar', '1', 'aplikasi', 'punya', 'soalnya', 'anak', 'gada', 'ponsel', 'terus', 'faskes', 'klinik', 'menyuruh', 'perbarui', 'aplikasi', 'jkn', 'anak', 'daftar', 'daring', 'ktanyaa']","['dong', 'perbarui', '1', 'keluarga', 'daftar', '1', 'aplikasi', 'punya', 'soalnya', 'anak', 'gada', 'ponsel', 'terus', 'faskes', 'klinik', 'menyuruh', 'perbarui', 'aplikasi', 'jkn', 'anak', 'daftar', 'daring', 'ktanyaa']","['dong', 'baru', '1', 'keluarga', 'daftar', '1', 'aplikasi', 'punya', 'soal', 'anak', 'gada', 'ponsel', 'terus', 'faskes', 'klinik', 'suruh', 'baru', 'aplikasi', 'jkn', 'anak', 'daftar', 'daring', 'ktanyaa']",dong baru 1 keluarga daftar 1 aplikasi punya soal anak gada ponsel terus faskes klinik suruh baru aplikasi jkn anak daftar daring ktanyaa
11c857c1-cfa3-40d5-abc4-d22ef6ed9322,perbaiki bug,1,2026-07-07,20,Juli,negatif,perbaiki bug,perbaiki gangguan sistem,"['perbaiki', 'gangguan', 'sistem']","['perbaiki', 'gangguan', 'sistem']","['perbaiki', 'gangguan', 'sistem']","['perbaiki', 'ganggu', 'sistem']",perbaiki ganggu sistem
126471cd-b63e-43c7-bd9a-a9aea791baa4,gak jelas gak bisa menerima kode otp SMS aneh,1,2026-08-11,11,Agustus,negatif,gak jelas gak bisa menerima kode otp sms aneh,tidak jelas tidak bisa menerima kode otp sms aneh,"['tidak', 'jelas', 'tidak', 'bisa', 'menerima', 'kode', 'otp', 'sms', 'aneh']","['tidak', 'jelas', 'tidak', 'menerima', 'kode', 'otp', 'sms', 'aneh']","['tidak', 'tidak_jelas', 'tidak', 'tidak_menerima', 'kode', 'otp', 'sms', 'aneh']","['tidak', 'tidak_jelas', 'tidak', 'tidak_terima', 'kode', 'otp', 'sms', 'aneh']",tidak tidak_jelas tidak tidak_terima kode otp sms aneh
12a40e11-e4bd-42cf-8b6a-d2dce0f6baaa,"kalo ada aspirasi di komen dibaca jangan di cuekin minimal kasih penjelasan, pegawai isinya boomer gaptek sok sok an bikin aplikasi kalo masih cacat gausah dipublikasi! Baca, update itu harus bermanfaat jadi lebih baik",1,2026-06-15,7,Juni,negatif,kalo ada aspirasi di komen dibaca jangan di cuekin minimal kasih penjelasan pegawai isinya boomer gaptek sok sok an bikin aplikasi kalo masih cacat gausah dipublikasi baca update itu harus bermanfaat jadi lebih baik,kalau ada aspirasi di komen dibaca jangan di abaikan minimal kasih penjelasan pegawai isinya boomer gaptek sok sok an membuat aplikasi kalau masih cacat tidak usah dipublikasikan baca pembaruan itu harus bermanfaat jadi lebih baik,"['kalau', 'ada', 'aspirasi', 'di', 'komen', 'dibaca', 'jangan', 'di', 'abaikan', 'minimal', 'kasih', 'penjelasan', 'pegawai', 'isinya', 'boomer', 'gaptek', 'sok', 'sok', 'an', 'membuat', 'aplikasi', 'kalau', 'masih', 'cacat', 'tidak', 'usah', 'dipublikasikan', 'baca', 'pembaruan', 'itu', 'harus', 'bermanfaat', 'jadi', 'lebih', 'baik']","['kalau', 'aspirasi', 'komen', 'dibaca', 'jangan', 'abaikan', 'minimal', 'kasih', 'penjelasan', 'pegawai', 'isinya', 'boomer', 'gaptek', 'sok', 'sok', 'an', 'membuat', 'aplikasi', 'kalau', 'cacat', 'tidak', 'usah', 'dipublikasikan', 'baca', 'pembaruan', 'bermanfaat', 'jadi', 'lebih', 'baik']","['kalau', 'aspirasi', 'komen', 'dibaca', 'jangan', 'abaikan', 'minimal', 'kasih', 'penjelasan', 'pegawai', 'isinya', 'boomer', 'gaptek', 'sok', 'sok', 'an', 'membuat', 'aplikasi', 'kalau', 'cacat', 'tidak', 'tidak_usah', 'dipublikasikan', 'baca', 'pembaruan', 'bermanfaat', 'jadi', 'lebih', 'baik']","['kalau', 'aspirasi', 'komen', 'baca', 'jangan', 'abai', 'minimal', 'kasih', 'jelas', 'pegawai', 'isi', 'boomer', 'gaptek', 'sok', 'sok', 'an', 'buat', 'aplikasi', 'kalau', 'cacat', 'tidak', 'tidak_usah', 'publikasi', 'baca', 'baru', 'manfaat', 'jadi', 'lebih', 'baik']",kalau aspirasi komen baca jangan abai minimal kasih jelas pegawai isi boomer gaptek sok sok an buat aplikasi kalau cacat tidak tidak_usah publikasi baca baru manfaat jadi lebih baik
12aa3683-fc4e-4e99-9130-5e3da201917a,ok,5,2026-08-28,8,Agustus,positif,ok,oke,['oke'],['oke'],['oke'],['oke'],oke
12ff35b7-cde0-4457-b1b3-23a03a3fc690,semoga Allah berkahi aplikasi ini dan semoga kedepan nya semakin baik dan bermanfaat,5,2026-06-08,11,Juni,netral,semoga allah berkahi aplikasi ini dan semoga kedepan nya semakin baik dan bermanfaat,semoga allah berkahi aplikasi ini dan semoga ke depan nya semakin baik dan bermanfaat,"['semoga', 'allah', 'berkahi', 'aplikasi', 'ini', 'dan', 'semoga', 'ke', 'depan', 'nya', 'semakin', 'baik', 'dan', 'bermanfaat']","['semoga', 'allah', 'berkahi', 'aplikasi', 'semoga', 'depan', 'semakin', 'baik', 'bermanfaat']","['semoga', 'allah', 'berkahi', 'aplikasi', 'semoga', 'depan', 'semakin', 'baik', 'bermanfaat']","['moga', 'allah', 'berkah', 'aplikasi', 'moga', 'depan', 'makin', 'baik', 'manfaat']",moga allah berkah aplikasi moga depan makin baik manfaat
1315cc15-5ea2-4613-9346-e507f8f3c325,bagus..terbaik,5,2026-07-03,15,Juli,positif,bagus terbaik,bagus terbaik,"['bagus', 'terbaik']","['bagus', 'terbaik']","['bagus', 'terbaik']","['bagus', 'baik']",bagus baik
131a7659-ac60-475f-89f4-e2ddb29b2e1a,dibantu didaftarkan oleh puskesmas leuwiliang,5,2026-06-24,17,Juni,netral,dibantu didaftarkan oleh puskesmas leuwiliang,dibantu didaftarkan oleh puskesmas leuwiliang,"['dibantu', 'didaftarkan', 'oleh', 'puskesmas', 'leuwiliang']","['dibantu', 'didaftarkan', 'puskesmas', 'leuwiliang']","['dibantu', 'didaftarkan', 'puskesmas', 'leuwiliang']","['bantu', 'daftar', 'puskesmas', 'leuwiliang']",bantu daftar puskesmas leuwiliang
1347b015-299b-4572-a8b1-eb69f9b62b28,semoa sehat2 ya,5,2026-08-26,19,Agustus,netral,semoa sehat2 ya,semoa sehat2 ya,"['semoa', 'sehat2', 'ya']","['semoa', 'sehat2']","['semoa', 'sehat2']","['moa', 'sehat2']",moa sehat2
137cfc35-ad57-4e6c-a876-50173c3336a1,th 2026 aplikasi siap digunakan,5,2026-08-06,19,Agustus,netral,th 2026 aplikasi siap digunakan,tahun 2026 aplikasi siap digunakan,"['tahun', '2026', 'aplikasi', 'siap', 'digunakan']","['tahun', '2026', 'aplikasi', 'siap', 'digunakan']","['tahun', '2026', 'aplikasi', 'siap', 'digunakan']","['tahun', '2026', 'aplikasi', 'siap', 'guna']",tahun 2026 aplikasi siap guna
13ac4a03-f5ea-4279-ac58-cb1f734d2953,ok,5,2026-06-25,19,Juni,positif,ok,oke,['oke'],['oke'],['oke'],['oke'],oke
13c74bcf-7084-4827-bfd5-2c86878be7c0,kode Verifikasi telepon sangat lama muncul,1,2026-08-21,9,Agustus,negatif,kode verifikasi telepon sangat lama muncul,kode verifikasi telepon sangat lama muncul,"['kode', 'verifikasi', 'telepon', 'sangat', 'lama', 'muncul']","['kode', 'verifikasi', 'telepon', 'sangat', 'lama', 'muncul']","['kode', 'verifikasi', 'telepon', 'sangat', 'lama', 'muncul']","['kode', 'verifikasi', 'telepon', 'sangat', 'lama', 'muncul']",kode verifikasi telepon sangat lama muncul
1450d3db-051b-46c7-a2f2-e1011ede8e0f,apk nya bagussa,5,2026-07-01,18,Juli,positif,apk nya bagussa,aplikasi nya bagus,"['aplikasi', 'nya', 'bagus']","['aplikasi', 'bagus']","['aplikasi', 'bagus']","['aplikasi', 'bagus']",aplikasi bagus
14564848-6c38-466f-aeb9-a6aef677cd9a,heran kenapa error terus aplikasi gak bisa di buka gak bisa di apa-apain padahal ada wifi ada kuota tetep aja offline tulisannya,2,2026-06-08,5,Juni,negatif,heran kenapa error terus aplikasi gak bisa di buka gak bisa di apa apain padahal ada wifi ada kuota tetep aja offline tulisannya,heran kenapa error terus aplikasi tidak bisa dibuka tidak bisa di apa untuk apa padahal ada wifi ada kuota tetap saja luring tulisannya,"['heran', 'kenapa', 'error', 'terus', 'aplikasi', 'tidak', 'bisa', 'dibuka', 'tidak', 'bisa', 'di', 'apa', 'untuk', 'apa', 'padahal', 'ada', 'wifi', 'ada', 'kuota', 'tetap', 'saja', 'luring', 'tulisannya']","['heran', 'error', 'terus', 'aplikasi', 'tidak', 'dibuka', 'tidak', 'apa', 'apa', 'padahal', 'wifi', 'kuota', 'tetap', 'luring', 'tulisannya']","['heran', 'error', 'terus', 'aplikasi', 'tidak', 'tidak_dibuka', 'tidak', 'tidak_apa', 'apa', 'padahal', 'wifi', 'kuota', 'tetap', 'luring', 'tulisannya']","['heran', 'error', 'terus', 'aplikasi', 'tidak', 'tidak_buka', 'tidak', 'tidak_apa', 'apa', 'padahal', 'wifi', 'kuota', 'tetap', 'luring', 'tulis']",heran error terus aplikasi tidak tidak_buka tidak tidak_apa apa padahal wifi kuota tetap luring tulis
148962e2-5af9-4a0a-88ec-9501a3db5bf1,error mulu,1,2026-07-08,12,Juli,negatif,error mulu,error terus-menerus,"['error', 'terus-menerus']","['error', 'terus-menerus']","['error', 'terus-menerus']","['error', 'terus']",error terus
154ec72a-98a1-4ceb-8341-b03a2f6efcda,tolong aplikasi tidak dipersulit untuk masuk,3,2026-07-06,16,Juli,netral,tolong aplikasi tidak dipersulit untuk masuk,tolong aplikasi tidak dipersulit untuk masuk,"['tolong', 'aplikasi', 'tidak', 'dipersulit', 'untuk', 'masuk']","['aplikasi', 'tidak', 'dipersulit', 'masuk']","['aplikasi', 'tidak', 'tidak_dipersulit', 'masuk']","['aplikasi', 'tidak', 'tidak_sulit', 'masuk']",aplikasi tidak tidak_sulit masuk
1567097e-3810-4bd2-81aa-20b6903feb00,"ini gimana. jika hp android ko ga unduh. tidak suport Gito hp nya. jika orang ga mampu mau berobat mesti download, Indonesia negara serba aturan , semua atasan komersil. mau nya untung",5,2026-07-20,17,Juli,negatif,ini gimana jika hp android ko ga unduh tidak suport gito hp nya jika orang ga mampu mau berobat mesti download indonesia negara serba aturan semua atasan komersil mau nya untung,ini bagaimana jika ponsel android kok tidak unduh tidak mendukung begitu ponsel nya jika orang tidak mampu mau berobat mesti unduh indonesia negara serba aturan semua atasan komersial mau nya untung,"['ini', 'bagaimana', 'jika', 'ponsel', 'android', 'kok', 'tidak', 'unduh', 'tidak', 'mendukung', 'begitu', 'ponsel', 'nya', 'jika', 'orang', 'tidak', 'mampu', 'mau', 'berobat', 'mesti', 'unduh', 'indonesia', 'negara', 'serba', 'aturan', 'semua', 'atasan', 'komersial', 'mau', 'nya', 'untung']","['bagaimana', 'ponsel', 'android', 'kok', 'tidak', 'unduh', 'tidak', 'mendukung', 'ponsel', 'orang', 'tidak', 'mampu', 'mau', 'berobat', 'mesti', 'unduh', 'indonesia', 'negara', 'serba', 'aturan', 'semua', 'atasan', 'komersial', 'mau', 'untung']","['bagaimana', 'ponsel', 'android', 'kok', 'tidak', 'tidak_unduh', 'tidak', 'tidak_mendukung', 'ponsel', 'orang', 'tidak', 'tidak_mampu', 'mau', 'berobat', 'mesti', 'unduh', 'indonesia', 'negara', 'serba', 'aturan', 'semua', 'atasan', 'komersial', 'mau', 'untung']","['bagaimana', 'ponsel', 'android', 'kok', 'tidak', 'tidak_unduh', 'tidak', 'tidak_dukung', 'ponsel', 'orang', 'tidak', 'tidak_mampu', 'mau', 'obat', 'mesti', 'unduh', 'indonesia', 'negara', 'serba', 'atur', 'semua', 'atas', 'komersial', 'mau', 'untung']",bagaimana ponsel android kok tidak tidak_unduh tidak tidak_dukung ponsel orang tidak tidak_mampu mau obat mesti unduh indonesia negara serba atur semua atas komersial mau untung
15bdc10e-cfa0-4f2c-a0c8-92af76623e4e,"coba lagi terus padahal untuk daftar dan sudah isi pulsa untuk menerima kode verifikasi,nomor juga belum pernah digunakan sebelumnya gimana sih ini udah urgent",1,2026-06-14,22,Juni,negatif,coba lagi terus padahal untuk daftar dan sudah isi pulsa untuk menerima kode verifikasi nomor juga belum pernah digunakan sebelumnya gimana sih ini udah urgent,coba lagi terus padahal untuk daftar dan sudah isi pulsa untuk menerima kode verifikasi nomor juga belum pernah digunakan sebelumnya bagaimana sih ini sudah mendesak,"['coba', 'lagi', 'terus', 'padahal', 'untuk', 'daftar', 'dan', 'sudah', 'isi', 'pulsa', 'untuk', 'menerima', 'kode', 'verifikasi', 'nomor', 'juga', 'belum', 'pernah', 'digunakan', 'sebelumnya', 'bagaimana', 'sih', 'ini', 'sudah', 'mendesak']","['coba', 'terus', 'padahal', 'daftar', 'isi', 'pulsa', 'menerima', 'kode', 'verifikasi', 'nomor', 'pernah', 'digunakan', 'sebelumnya', 'bagaimana', 'sih', 'mendesak']","['coba', 'terus', 'padahal', 'daftar', 'isi', 'pulsa', 'menerima', 'kode', 'verifikasi', 'nomor', 'pernah', 'digunakan', 'sebelumnya', 'bagaimana', 'sih', 'mendesak']","['coba', 'terus', 'padahal', 'daftar', 'isi', 'pulsa', 'terima', 'kode', 'verifikasi', 'nomor', 'pernah', 'guna', 'belum', 'bagaimana', 'sih', 'desak']",coba terus padahal daftar isi pulsa terima kode verifikasi nomor pernah guna belum bagaimana sih desak
15e87fa8-862c-4409-beed-e8201fd419f8,Tolong update ketentuan OS untuk aplikasi agar lebih banyak device bisa menggunakan versi terbaru,1,2026-07-20,13,Juli,netral,tolong update ketentuan os untuk aplikasi agar lebih banyak device bisa menggunakan versi terbaru,tolong pembaruan ketentuan os untuk aplikasi agar lebih banyak perangkat bisa menggunakan versi terbaru,"['tolong', 'pembaruan', 'ketentuan', 'os', 'untuk', 'aplikasi', 'agar', 'lebih', 'banyak', 'perangkat', 'bisa', 'menggunakan', 'versi', 'terbaru']","['pembaruan', 'ketentuan', 'os', 'aplikasi', 'lebih', 'banyak', 'perangkat', 'menggunakan', 'versi', 'terbaru']","['pembaruan', 'ketentuan', 'os', 'aplikasi', 'lebih', 'banyak', 'perangkat', 'menggunakan', 'versi', 'terbaru']","['baru', 'tentu', 'os', 'aplikasi', 'lebih', 'banyak', 'perangkat', 'guna', 'versi', 'baru']",baru tentu os aplikasi lebih banyak perangkat guna versi baru
162b2fb3-8f2d-4e67-b94c-6e1b6b5a7181,terimakasih sangat membantu mempermudah pelayanan,5,2026-08-05,15,Agustus,positif,terimakasih sangat membantu mempermudah pelayanan,terima kasih sangat membantu mempermudah pelayanan,"['terima', 'kasih', 'sangat', 'membantu', 'mempermudah', 'pelayanan']","['terima', 'kasih', 'sangat', 'membantu', 'mempermudah', 'pelayanan']","['terima', 'kasih', 'sangat', 'membantu', 'mempermudah', 'pelayanan']","['terima', 'kasih', 'sangat', 'bantu', 'mudah', 'layan']",terima kasih sangat bantu mudah layan
16368940-4b52-42a8-b55a-bbf58d28205f,"aplikasi ta! ,kode otp aja ngga keluar keluar,padahal nomer aja masih aktif,kuota ada,pulsa ada,jaringan full,tapi di aplikasinya error Mulu,kocak hidup di indo,apa aja di persulit",1,2026-06-22,14,Juni,negatif,aplikasi ta kode otp aja ngga keluar keluar padahal nomer aja masih aktif kuota ada pulsa ada jaringan full tapi di aplikasinya error mulu kocak hidup di indo apa aja di persulit,aplikasi ta kode otp saja tidak keluar keluar padahal nomor saja masih aktif kuota ada pulsa ada jaringan penuh tapi di aplikasinya error terus-menerus kocak hidup di indonesia apa saja dipersulit,"['aplikasi', 'ta', 'kode', 'otp', 'saja', 'tidak', 'keluar', 'keluar', 'padahal', 'nomor', 'saja', 'masih', 'aktif', 'kuota', 'ada', 'pulsa', 'ada', 'jaringan', 'penuh', 'tapi', 'di', 'aplikasinya', 'error', 'terus-menerus', 'kocak', 'hidup', 'di', 'indonesia', 'apa', 'saja', 'dipersulit']","['aplikasi', 'ta', 'kode', 'otp', 'tidak', 'keluar', 'keluar', 'padahal', 'nomor', 'aktif', 'kuota', 'pulsa', 'jaringan', 'penuh', 'aplikasinya', 'error', 'terus-menerus', 'kocak', 'hidup', 'indonesia', 'apa', 'dipersulit']","['aplikasi', 'ta', 'kode', 'otp', 'tidak', 'tidak_keluar', 'keluar', 'padahal', 'nomor', 'aktif', 'kuota', 'pulsa', 'jaringan', 'penuh', 'aplikasinya', 'error', 'terus-menerus', 'kocak', 'hidup', 'indonesia', 'apa', 'dipersulit']","['aplikasi', 'ta', 'kode', 'otp', 'tidak', 'tidak_keluar', 'keluar', 'padahal', 'nomor', 'aktif', 'kuota', 'pulsa', 'jaring', 'penuh', 'aplikasi', 'error', 'terus', 'kocak', 'hidup', 'indonesia', 'apa', 'sulit']",aplikasi ta kode otp tidak tidak_keluar keluar padahal nomor aktif kuota pulsa jaring penuh aplikasi error terus kocak hidup indonesia apa sulit
164cd15e-9742-479c-925a-56fe4142f50b,"sumpah demi apapun apknya jelek, untuk apa apknya kalo daftar online udah bisa, pas hari h mau dipake apknya eror dong, parah,,, jadi gak mempermudah malah ngeribetin. gak mempersingkat waktu malah jd kerja 2 x, udah ambil no antrian malem,paginya di cek gak bisa terpaksa ambil pagi banget perbaiki lagi deh kalo ke gini terus mending di uninstall dr pd ga berfungsi",1,2026-08-06,6,Agustus,negatif,sumpah demi apapun apknya jelek untuk apa apknya kalo daftar online udah bisa pas hari h mau dipake apknya eror dong parah jadi gak mempermudah malah ngeribetin gak mempersingkat waktu malah jd kerja 2 x udah ambil no antrian malem paginya di cek gak bisa terpaksa ambil pagi banget perbaiki lagi deh kalo ke gini terus mending di uninstall dr pd ga berfungsi,sumpah demi apa pun aplikasinya jelek untuk apa aplikasinya kalau daftar daring sudah bisa pas hari h mau dipakai aplikasinya error dong parah jadi tidak mempermudah malah mempersulit tidak mempersingkat waktu malah jadi kerja 2 x sudah ambil nomor antrean malam paginya dicek tidak bisa terpaksa ambil pagi sangat perbaiki lagi deh kalau ke begini terus lebih baik dihapus instalasinya dari pd tidak berfungsi,"['sumpah', 'demi', 'apa', 'pun', 'aplikasinya', 'jelek', 'untuk', 'apa', 'aplikasinya', 'kalau', 'daftar', 'daring', 'sudah', 'bisa', 'pas', 'hari', 'h', 'mau', 'dipakai', 'aplikasinya', 'error', 'dong', 'parah', 'jadi', 'tidak', 'mempermudah', 'malah', 'mempersulit', 'tidak', 'mempersingkat', 'waktu', 'malah', 'jadi', 'kerja', '2', 'x', 'sudah', 'ambil', 'nomor', 'antrean', 'malam', 'paginya', 'dicek', 'tidak', 'bisa', 'terpaksa', 'ambil', 'pagi', 'sangat', 'perbaiki', 'lagi', 'deh', 'kalau', 'ke', 'begini', 'terus', 'lebih', 'baik', 'dihapus', 'instalasinya', 'dari', 'pd', 'tidak', 'berfungsi']","['sumpah', 'apa', 'aplikasinya', 'jelek', 'apa', 'aplikasinya', 'kalau', 'daftar', 'daring', 'pas', 'hari', 'h', 'mau', 'dipakai', 'aplikasinya', 'error', 'dong', 'parah', 'jadi', 'tidak', 'mempermudah', 'malah', 'mempersulit', 'tidak', 'mempersingkat', 'waktu', 'malah', 'jadi', 'kerja', '2', 'x', 'ambil', 'nomor', 'antrean', 'malam', 'paginya', 'dicek', 'tidak', 'terpaksa', 'ambil', 'pagi', 'sangat', 'perbaiki', 'deh', 'kalau', 'begini', 'terus', 'lebih', 'baik', 'dihapus', 'instalasinya', 'pd', 'tidak', 'berfungsi']","['sumpah', 'apa', 'aplikasinya', 'jelek', 'apa', 'aplikasinya', 'kalau', 'daftar', 'daring', 'pas', 'hari', 'h', 'mau', 'dipakai', 'aplikasinya', 'error', 'dong', 'parah', 'jadi', 'tidak', 'tidak_mempermudah', 'malah', 'mempersulit', 'tidak', 'tidak_mempersingkat', 'waktu', 'malah', 'jadi', 'kerja', '2', 'x', 'ambil', 'nomor', 'antrean', 'malam', 'paginya', 'dicek', 'tidak', 'tidak_terpaksa', 'ambil', 'pagi', 'sangat', 'perbaiki', 'deh', 'kalau', 'begini', 'terus', 'lebih', 'baik', 'dihapus', 'instalasinya', 'pd', 'tidak', 'tidak_berfungsi']","['sumpah', 'apa', 'aplikasi', 'jelek', 'apa', 'aplikasi', 'kalau', 'daftar', 'daring', 'pas', 'hari', 'h', 'mau', 'pakai', 'aplikasi', 'error', 'dong', 'parah', 'jadi', 'tidak', 'tidak_mudah', 'malah', 'sulit', 'tidak', 'tidak_singkat', 'waktu', 'malah', 'jadi', 'kerja', '2', 'x', 'ambil', 'nomor', 'antre', 'malam', 'pagi', 'cek', 'tidak', 'tidak_paksa', 'ambil', 'pagi', 'sangat', 'perbaiki', 'deh', 'kalau', 'begini', 'terus', 'lebih', 'baik', 'hapus', 'instalasi', 'pd', 'tidak', 'tidak_fungsi']",sumpah apa aplikasi jelek apa aplikasi kalau daftar daring pas hari h mau pakai aplikasi error dong parah jadi tidak tidak_mudah malah sulit tidak tidak_singkat waktu malah jadi kerja 2 x ambil nomor antre malam pagi cek tidak tidak_paksa ambil pagi sangat perbaiki deh kalau begini terus lebih baik hapus instalasi pd tidak tidak_fungsi
16505d74-171a-4d5f-8ade-5422da4dd63c,bagus dan membantu,5,2026-08-03,12,Agustus,positif,bagus dan membantu,bagus dan membantu,"['bagus', 'dan', 'membantu']","['bagus', 'membantu']","['bagus', 'membantu']","['bagus', 'bantu']",bagus bantu
166c9392-bf7a-4791-a6aa-352751594ea6,puasss,4,2026-08-04,8,Agustus,positif,puasss,puas,['puas'],['puas'],['puas'],['puas'],puas
16e3ae80-be2d-407d-9f7e-cd74b9169ced,SUSAH BGT NJIR MAU LOGIN,2,2026-07-28,12,Juli,negatif,susah bgt njir mau login,susah sangat anjing mau login,"['susah', 'sangat', 'anjing', 'mau', 'login']","['susah', 'sangat', 'anjing', 'mau', 'login']","['susah', 'sangat', 'anjing', 'mau', 'login']","['susah', 'sangat', 'anjing', 'mau', 'login']",susah sangat anjing mau login
16faff94-2466-4bbf-b5e5-5831ea17f6c8,"parah, mau login ga bisa di klik masuk nya wkwkwkwk Ampe miliaran padahal budget aplikasi nya",1,2026-08-14,10,Agustus,negatif,parah mau login ga bisa di klik masuk nya wkwkwkwk ampe miliaran padahal budget aplikasi nya,parah mau login tidak bisa diklik masuk nya wkwkwkwk sampai miliaran padahal budget aplikasi nya,"['parah', 'mau', 'login', 'tidak', 'bisa', 'diklik', 'masuk', 'nya', 'wkwkwkwk', 'sampai', 'miliaran', 'padahal', 'budget', 'aplikasi', 'nya']","['parah', 'mau', 'login', 'tidak', 'diklik', 'masuk', 'wkwkwkwk', 'miliaran', 'padahal', 'budget', 'aplikasi']","['parah', 'mau', 'login', 'tidak', 'tidak_diklik', 'masuk', 'wkwkwkwk', 'miliaran', 'padahal', 'budget', 'aplikasi']","['parah', 'mau', 'login', 'tidak', 'tidak_klik', 'masuk', 'wkwkwkwk', 'miliar', 'padahal', 'budget', 'aplikasi']",parah mau login tidak tidak_klik masuk wkwkwkwk miliar padahal budget aplikasi
171cdf7c-1139-495a-87ab-e36df76d5faa,aneh padahal nomor HP sesuai tapi kode otp nya ngak masuk sementara di email langsung masuk. sulittttt,2,2026-06-05,8,Juni,negatif,aneh padahal nomor hp sesuai tapi kode otp nya ngak masuk sementara di email langsung masuk sulittttt,aneh padahal nomor ponsel sesuai tapi kode otp nya tidak masuk sementara di email langsung masuk sulit,"['aneh', 'padahal', 'nomor', 'ponsel', 'sesuai', 'tapi', 'kode', 'otp', 'nya', 'tidak', 'masuk', 'sementara', 'di', 'email', 'langsung', 'masuk', 'sulit']","['aneh', 'padahal', 'nomor', 'ponsel', 'sesuai', 'kode', 'otp', 'tidak', 'masuk', 'email', 'langsung', 'masuk', 'sulit']","['aneh', 'padahal', 'nomor', 'ponsel', 'sesuai', 'kode', 'otp', 'tidak', 'tidak_masuk', 'email', 'langsung', 'masuk', 'sulit']","['aneh', 'padahal', 'nomor', 'ponsel', 'sesuai', 'kode', 'otp', 'tidak', 'tidak_masuk', 'email', 'langsung', 'masuk', 'sulit']",aneh padahal nomor ponsel sesuai kode otp tidak tidak_masuk email langsung masuk sulit
17275c38-9e5a-48fb-823c-b16836f20de4,bagus,5,2026-07-28,11,Juli,positif,bagus,bagus,['bagus'],['bagus'],['bagus'],['bagus'],bagus
1742a66e-5769-4ce1-bebf-713bfa6edd75,sangat membantu,5,2026-06-07,6,Juni,positif,sangat membantu,sangat membantu,"['sangat', 'membantu']","['sangat', 'membantu']","['sangat', 'membantu']","['sangat', 'bantu']",sangat bantu
175728c5-9293-4f9d-8f2c-631a196f9d4b,"aplikasi sering error, hp normal tapi kedeteksi hp sudah di root 🙃",1,2026-07-20,9,Juli,negatif,aplikasi sering error hp normal tapi kedeteksi hp sudah di root,aplikasi sering error ponsel normal tapi terdeteksi ponsel sudah di root,"['aplikasi', 'sering', 'error', 'ponsel', 'normal', 'tapi', 'terdeteksi', 'ponsel', 'sudah', 'di', 'root']","['aplikasi', 'sering', 'error', 'ponsel', 'normal', 'terdeteksi', 'ponsel', 'root']","['aplikasi', 'sering', 'error', 'ponsel', 'normal', 'terdeteksi', 'ponsel', 'root']","['aplikasi', 'sering', 'error', 'ponsel', 'normal', 'deteksi', 'ponsel', 'root']",aplikasi sering error ponsel normal deteksi ponsel root
182174af-f53f-439d-a146-d36d5a04a03a,optimalkan agar lebih baik,5,2026-06-16,22,Juni,netral,optimalkan agar lebih baik,optimalkan agar lebih baik,"['optimalkan', 'agar', 'lebih', 'baik']","['optimalkan', 'lebih', 'baik']","['optimalkan', 'lebih', 'baik']","['optimal', 'lebih', 'baik']",optimal lebih baik
188a1e35-18a6-4321-97e2-2f92519ee22b,Terima kasih atas pelayanannya,4,2026-06-19,20,Juni,positif,terima kasih atas pelayanannya,terima kasih atas pelayanannya,"['terima', 'kasih', 'atas', 'pelayanannya']","['terima', 'kasih', 'atas', 'pelayanannya']","['terima', 'kasih', 'atas', 'pelayanannya']","['terima', 'kasih', 'atas', 'layan']",terima kasih atas layan
18c1e04e-60ee-47e5-a4a8-ef33a0bdc325,bagus,5,2026-06-22,8,Juni,positif,bagus,bagus,['bagus'],['bagus'],['bagus'],['bagus'],bagus
18d36a40-352a-4154-bb63-d793de5953b2,tolong di percepat perpindahan faskesnya apa lagi hari minggu takut petugasnya libur,5,2026-08-30,12,Agustus,netral,tolong di percepat perpindahan faskesnya apa lagi hari minggu takut petugasnya libur,tolong di percepat perpindahan faskesnya apa lagi hari minggu takut petugasnya libur,"['tolong', 'di', 'percepat', 'perpindahan', 'faskesnya', 'apa', 'lagi', 'hari', 'minggu', 'takut', 'petugasnya', 'libur']","['percepat', 'perpindahan', 'faskesnya', 'apa', 'hari', 'minggu', 'takut', 'petugasnya', 'libur']","['percepat', 'perpindahan', 'faskesnya', 'apa', 'hari', 'minggu', 'takut', 'petugasnya', 'libur']","['cepat', 'pindah', 'faskesnya', 'apa', 'hari', 'minggu', 'takut', 'tugas', 'libur']",cepat pindah faskesnya apa hari minggu takut tugas libur
18d823bb-1fe3-4ccc-bd7f-c4cc90692e79,aplikasi macam ap ini .misalnya ada orang kecelakaan tentu butuh perawatan khusus? jadi pergi ke layanan kesehatan harus download mobile jkn dlu pak keburu mati tu orang..,1,2026-08-05,8,Agustus,negatif,aplikasi macam ap ini misalnya ada orang kecelakaan tentu butuh perawatan khusus jadi pergi ke layanan kesehatan harus download mobile jkn dlu pak keburu mati tu orang,aplikasi macam apa ini misalnya ada orang kecelakaan tentu butuh perawatan khusus jadi pergi ke layanan kesehatan harus unduh mobile jkn dulu pak keburu mati itu orang,"['aplikasi', 'macam', 'apa', 'ini', 'misalnya', 'ada', 'orang', 'kecelakaan', 'tentu', 'butuh', 'perawatan', 'khusus', 'jadi', 'pergi', 'ke', 'layanan', 'kesehatan', 'harus', 'unduh', 'mobile', 'jkn', 'dulu', 'pak', 'keburu', 'mati', 'itu', 'orang']","['aplikasi', 'macam', 'apa', 'misalnya', 'orang', 'kecelakaan', 'butuh', 'perawatan', 'khusus', 'jadi', 'pergi', 'layanan', 'kesehatan', 'unduh', 'mobile', 'jkn', 'dulu', 'pak', 'keburu', 'mati', 'orang']","['aplikasi', 'macam', 'apa', 'misalnya', 'orang', 'kecelakaan', 'butuh', 'perawatan', 'khusus', 'jadi', 'pergi', 'layanan', 'kesehatan', 'unduh', 'mobile', 'jkn', 'dulu', 'pak', 'keburu', 'mati', 'orang']","['aplikasi', 'macam', 'apa', 'misal', 'orang', 'celaka', 'butuh', 'awat', 'khusus', 'jadi', 'pergi', 'layan', 'sehat', 'unduh', 'mobile', 'jkn', 'dulu', 'pak', 'keburu', 'mati', 'orang']",aplikasi macam apa misal orang celaka butuh awat khusus jadi pergi layan sehat unduh mobile jkn dulu pak keburu mati orang
1955e5bc-af6e-4ac5-93ee-fee95f6dac95,coba dulu,4,2026-06-01,10,Juni,netral,coba dulu,coba dulu,"['coba', 'dulu']","['coba', 'dulu']","['coba', 'dulu']","['coba', 'dulu']",coba dulu
195ccc41-e39f-4424-a613-c2ec506f58fb,Lanjutkan,5,2026-06-01,7,Juni,netral,lanjutkan,lanjutkan,['lanjutkan'],['lanjutkan'],['lanjutkan'],['lanjut'],lanjut
196eb169-d28a-48fd-a61c-ae8d39497f6c,semoga bermanfaat dan lebih baik,5,2026-06-05,11,Juni,netral,semoga bermanfaat dan lebih baik,semoga bermanfaat dan lebih baik,"['semoga', 'bermanfaat', 'dan', 'lebih', 'baik']","['semoga', 'bermanfaat', 'lebih', 'baik']","['semoga', 'bermanfaat', 'lebih', 'baik']","['moga', 'manfaat', 'lebih', 'baik']",moga manfaat lebih baik
1a2892d8-6009-4701-a7be-50209501f850,ok,5,2026-07-29,11,Juli,positif,ok,oke,['oke'],['oke'],['oke'],['oke'],oke
1a3270c1-a7fc-46c8-b4ee-3aa865b34786,bagus,5,2026-07-03,18,Juli,positif,bagus,bagus,['bagus'],['bagus'],['bagus'],['bagus'],bagus
1a41b38f-ce74-4ff6-a734-4dc895ea1981,samgat membantu dari pemerintah,5,2026-08-11,23,Agustus,positif,samgat membantu dari pemerintah,sangat membantu dari pemerintah,"['sangat', 'membantu', 'dari', 'pemerintah']","['sangat', 'membantu', 'pemerintah']","['sangat', 'membantu', 'pemerintah']","['sangat', 'bantu', 'perintah']",sangat bantu perintah
1a502f82-47ff-4510-8660-343cbc712178,cara bukankartu anggota keluarga gimanaaaa woooee ga ada?,2,2026-06-10,12,Juni,netral,cara bukankartu anggota keluarga gimanaaaa woooee ga ada,cara bukankartu anggota keluarga gimanaaaa woooee tidak ada,"['cara', 'bukankartu', 'anggota', 'keluarga', 'gimanaaaa', 'woooee', 'tidak', 'ada']","['cara', 'bukankartu', 'anggota', 'keluarga', 'gimanaaaa', 'woooee', 'tidak']","['cara', 'bukankartu', 'anggota', 'keluarga', 'gimanaaaa', 'woooee', 'tidak']","['cara', 'bukankartu', 'anggota', 'keluarga', 'gimanaaaa', 'woooee', 'tidak']",cara bukankartu anggota keluarga gimanaaaa woooee tidak
1a9915dd-4fbe-487c-889c-1d2da34aaf17,gak bisa diakses karena verifikasi nomor telepon. Perbaiki secepatnya,1,2026-07-14,7,Juli,negatif,gak bisa diakses karena verifikasi nomor telepon perbaiki secepatnya,tidak bisa diakses karena verifikasi nomor telepon perbaiki secepatnya,"['tidak', 'bisa', 'diakses', 'karena', 'verifikasi', 'nomor', 'telepon', 'perbaiki', 'secepatnya']","['tidak', 'diakses', 'verifikasi', 'nomor', 'telepon', 'perbaiki', 'secepatnya']","['tidak', 'tidak_diakses', 'verifikasi', 'nomor', 'telepon', 'perbaiki', 'secepatnya']","['tidak', 'tidak_akses', 'verifikasi', 'nomor', 'telepon', 'perbaiki', 'cepat']",tidak tidak_akses verifikasi nomor telepon perbaiki cepat
1abf20d3-f526-4d12-ad04-1714d8e9ac41,susah bgt pke apl ini. kadang² keluar sendiri data udah di perbarui tp di sni tetep ga bisa ga jelas pokoknya,1,2026-06-06,17,Juni,negatif,susah bgt pke apl ini kadang2 keluar sendiri data udah di perbarui tp di sni tetep ga bisa ga jelas pokoknya,susah sangat pakai aplikasi ini kadang-kadang keluar sendiri data sudah di perbarui tapi di sini tetap tidak bisa tidak jelas pokoknya,"['susah', 'sangat', 'pakai', 'aplikasi', 'ini', 'kadang-kadang', 'keluar', 'sendiri', 'data', 'sudah', 'di', 'perbarui', 'tapi', 'di', 'sini', 'tetap', 'tidak', 'bisa', 'tidak', 'jelas', 'pokoknya']","['susah', 'sangat', 'pakai', 'aplikasi', 'kadang-kadang', 'keluar', 'sendiri', 'data', 'perbarui', 'sini', 'tetap', 'tidak', 'tidak', 'jelas', 'pokoknya']","['susah', 'sangat', 'pakai', 'aplikasi', 'kadang-kadang', 'keluar', 'sendiri', 'data', 'perbarui', 'sini', 'tetap', 'tidak', 'tidak_tidak', 'jelas', 'pokoknya']","['susah', 'sangat', 'pakai', 'aplikasi', 'kadang', 'keluar', 'sendiri', 'data', 'baru', 'sini', 'tetap', 'tidak', 'tidak_tidak', 'jelas', 'pokok']",susah sangat pakai aplikasi kadang keluar sendiri data baru sini tetap tidak tidak_tidak jelas pokok
1ad77845-9991-4bb6-bb79-fa20605e36bb,aplikasi sangat membantu tidak usah jauh-jauh datang ke rumah sakit untuk ambil antrian cukup dengan aplikasi mobile jkn sudah bisa ambil antrian online,5,2026-07-31,7,Juli,positif,aplikasi sangat membantu tidak usah jauh jauh datang ke rumah sakit untuk ambil antrian cukup dengan aplikasi mobile jkn sudah bisa ambil antrian online,aplikasi sangat membantu tidak usah jauh jauh datang ke rumah sakit untuk ambil antrean cukup dengan aplikasi mobile jkn sudah bisa ambil antrean daring,"['aplikasi', 'sangat', 'membantu', 'tidak', 'usah', 'jauh', 'jauh', 'datang', 'ke', 'rumah', 'sakit', 'untuk', 'ambil', 'antrean', 'cukup', 'dengan', 'aplikasi', 'mobile', 'jkn', 'sudah', 'bisa', 'ambil', 'antrean', 'daring']","['aplikasi', 'sangat', 'membantu', 'tidak', 'usah', 'jauh', 'jauh', 'datang', 'rumah', 'sakit', 'ambil', 'antrean', 'cukup', 'aplikasi', 'mobile', 'jkn', 'ambil', 'antrean', 'daring']","['aplikasi', 'sangat', 'membantu', 'tidak', 'tidak_usah', 'jauh', 'jauh', 'datang', 'rumah', 'sakit', 'ambil', 'antrean', 'cukup', 'aplikasi', 'mobile', 'jkn', 'ambil', 'antrean', 'daring']","['aplikasi', 'sangat', 'bantu', 'tidak', 'tidak_usah', 'jauh', 'jauh', 'datang', 'rumah', 'sakit', 'ambil', 'antre', 'cukup', 'aplikasi', 'mobile', 'jkn', 'ambil', 'antre', 'daring']",aplikasi sangat bantu tidak tidak_usah jauh jauh datang rumah sakit ambil antre cukup aplikasi mobile jkn ambil antre daring
1b02000e-d7a3-408a-a860-1222633e856f,"Susah banget digunakan,sering banget tiba tiba offline",3,2026-06-16,20,Juni,negatif,susah banget digunakan sering banget tiba tiba offline,susah sangat digunakan sering sangat tiba tiba luring,"['susah', 'sangat', 'digunakan', 'sering', 'sangat', 'tiba', 'tiba', 'luring']","['susah', 'sangat', 'digunakan', 'sering', 'sangat', 'tiba', 'tiba', 'luring']","['susah', 'sangat', 'digunakan', 'sering', 'sangat', 'tiba', 'tiba', 'luring']","['susah', 'sangat', 'guna', 'sering', 'sangat', 'tiba', 'tiba', 'luring']",susah sangat guna sering sangat tiba tiba luring
1b0c14cb-a774-4023-ab29-e3b20cf750ee,benar benar menyusahkan bpjs,1,2026-08-13,14,Agustus,negatif,benar benar menyusahkan bpjs,benar benar menyusahkan bpjs,"['benar', 'benar', 'menyusahkan', 'bpjs']","['benar', 'benar', 'menyusahkan', 'bpjs']","['benar', 'benar', 'menyusahkan', 'bpjs']","['benar', 'benar', 'susah', 'bpjs']",benar benar susah bpjs
1b4b49e6-abbe-4729-a18c-d978572ff063,sangat membantu ketika berobat,5,2026-08-07,20,Agustus,positif,sangat membantu ketika berobat,sangat membantu ketika berobat,"['sangat', 'membantu', 'ketika', 'berobat']","['sangat', 'membantu', 'berobat']","['sangat', 'membantu', 'berobat']","['sangat', 'bantu', 'obat']",sangat bantu obat
1b69afbe-21d1-46d1-8eaf-5105b1db621e,"serasa orng di goblokin pake apk ini udh lama nunggu tetap gabisa,gabisa di saran kan ini benar benar ga becus bngt orng lgi perlu percuma KLO di Adain apk gini KLO ga bisa di gunain",2,2026-06-28,16,Juni,negatif,serasa orng di goblokin pake apk ini udh lama nunggu tetap gabisa gabisa di saran kan ini benar benar ga becus bngt orng lgi perlu percuma klo di adain apk gini klo ga bisa di gunain,serasa orang di membodohi pakai aplikasi ini sudah lama menunggu tetap tidak bisa tidak bisa di saran kan ini benar benar tidak becus sangat orang lagi perlu percuma kalau di adakan aplikasi begini kalau tidak bisa digunakan,"['serasa', 'orang', 'di', 'membodohi', 'pakai', 'aplikasi', 'ini', 'sudah', 'lama', 'menunggu', 'tetap', 'tidak', 'bisa', 'tidak', 'bisa', 'di', 'saran', 'kan', 'ini', 'benar', 'benar', 'tidak', 'becus', 'sangat', 'orang', 'lagi', 'perlu', 'percuma', 'kalau', 'di', 'adakan', 'aplikasi', 'begini', 'kalau', 'tidak', 'bisa', 'digunakan']","['serasa', 'orang', 'membodohi', 'pakai', 'aplikasi', 'lama', 'menunggu', 'tetap', 'tidak', 'tidak', 'saran', 'kan', 'benar', 'benar', 'tidak', 'becus', 'sangat', 'orang', 'perlu', 'percuma', 'kalau', 'adakan', 'aplikasi', 'begini', 'kalau', 'tidak', 'digunakan']","['serasa', 'orang', 'membodohi', 'pakai', 'aplikasi', 'lama', 'menunggu', 'tetap', 'tidak', 'tidak_tidak', 'saran', 'kan', 'benar', 'benar', 'tidak', 'tidak_becus', 'sangat', 'orang', 'perlu', 'percuma', 'kalau', 'adakan', 'aplikasi', 'begini', 'kalau', 'tidak', 'tidak_digunakan']","['serasa', 'orang', 'bodoh', 'pakai', 'aplikasi', 'lama', 'tunggu', 'tetap', 'tidak', 'tidak_tidak', 'saran', 'kan', 'benar', 'benar', 'tidak', 'tidak_becus', 'sangat', 'orang', 'perlu', 'percuma', 'kalau', 'adakan', 'aplikasi', 'begini', 'kalau', 'tidak', 'tidak_guna']",serasa orang bodoh pakai aplikasi lama tunggu tetap tidak tidak_tidak saran kan benar benar tidak tidak_becus sangat orang perlu percuma kalau adakan aplikasi begini kalau tidak tidak_guna
1b7f0d47-0f0f-4b5a-ab7a-cf58693cf331,Alhamdulillah,5,2026-07-20,22,Juli,netral,alhamdulillah,alhamdulillah,['alhamdulillah'],['alhamdulillah'],['alhamdulillah'],['alhamdulillah'],alhamdulillah
1b8788ac-daf5-4c7e-b067-51bba87ae36f,bagus simpel,5,2026-06-27,6,Juni,positif,bagus simpel,bagus sederhana,"['bagus', 'sederhana']","['bagus', 'sederhana']","['bagus', 'sederhana']","['bagus', 'sederhana']",bagus sederhana
1ba8d683-9698-4081-a841-185e348683e7,tingkatkan pelayanannya,5,2026-06-02,19,Juni,netral,tingkatkan pelayanannya,tingkatkan pelayanannya,"['tingkatkan', 'pelayanannya']","['tingkatkan', 'pelayanannya']","['tingkatkan', 'pelayanannya']","['tingkat', 'layan']",tingkat layan
1bb2c333-69f6-46bf-81c1-e93981825a72,"PAS LOGIN BUAT IBU GUWA MALAH HARUS INI ITU, BUKAN MEMPERMUDAH MALAH MEMPERSULIT PASIEN, BUAT APLIKASI SESIMPEL MUNGKIN LAH BIAR SEMUA KALANGAN BISA MUDAH MENGGUNAKAN APLIKASI YANG CACAT INI, TOLONG SEGERA DIBUAT MUDAH SU DI PERBAIKI, DI BUAT ULANG JUGA",1,2026-08-09,12,Agustus,negatif,pas login buat ibu guwa malah harus ini itu bukan mempermudah malah mempersulit pasien buat aplikasi sesimpel mungkin lah biar semua kalangan bisa mudah menggunakan aplikasi yang cacat ini tolong segera dibuat mudah su di perbaiki di buat ulang juga,pas login buat ibu saya malah harus ini itu bukan mempermudah malah mempersulit pasien buat aplikasi sesederhana mungkin lah agar semua kalangan bisa mudah menggunakan aplikasi yang cacat ini tolong segera dibuat mudah su diperbaiki di buat ulang juga,"['pas', 'login', 'buat', 'ibu', 'saya', 'malah', 'harus', 'ini', 'itu', 'bukan', 'mempermudah', 'malah', 'mempersulit', 'pasien', 'buat', 'aplikasi', 'sesederhana', 'mungkin', 'lah', 'agar', 'semua', 'kalangan', 'bisa', 'mudah', 'menggunakan', 'aplikasi', 'yang', 'cacat', 'ini', 'tolong', 'segera', 'dibuat', 'mudah', 'su', 'diperbaiki', 'di', 'buat', 'ulang', 'juga']","['pas', 'login', 'buat', 'ibu', 'malah', 'bukan', 'mempermudah', 'malah', 'mempersulit', 'pasien', 'buat', 'aplikasi', 'sesederhana', 'mungkin', 'lah', 'semua', 'kalangan', 'mudah', 'menggunakan', 'aplikasi', 'cacat', 'segera', 'dibuat', 'mudah', 'su', 'diperbaiki', 'buat', 'ulang']","['pas', 'login', 'buat', 'ibu', 'malah', 'bukan', 'mempermudah', 'malah', 'mempersulit', 'pasien', 'buat', 'aplikasi', 'sesederhana', 'mungkin', 'lah', 'semua', 'kalangan', 'mudah', 'menggunakan', 'aplikasi', 'cacat', 'segera', 'dibuat', 'mudah', 'su', 'diperbaiki', 'buat', 'ulang']","['pas', 'login', 'buat', 'ibu', 'malah', 'bukan', 'mudah', 'malah', 'sulit', 'pasien', 'buat', 'aplikasi', 'sederhana', 'mungkin', 'lah', 'semua', 'kalang', 'mudah', 'guna', 'aplikasi', 'cacat', 'segera', 'buat', 'mudah', 'su', 'perbaiki', 'buat', 'ulang']",pas login buat ibu malah bukan mudah malah sulit pasien buat aplikasi sederhana mungkin lah semua kalang mudah guna aplikasi cacat segera buat mudah su perbaiki buat ulang
1bb6e12b-1d1d-4d2e-84f6-571f7bec3dc5,Bermanfaat Sekali,5,2026-07-29,8,Juli,positif,bermanfaat sekali,bermanfaat sekali,"['bermanfaat', 'sekali']","['bermanfaat', 'sekali']","['bermanfaat', 'sekali']","['manfaat', 'sekali']",manfaat sekali
1c4de791-53d1-4e03-a6b7-408bbbc8bc47,"aplikasi macam apa ini, koneksi lancar dibilang offline sandi benar dibilang salah capctha benar dibilang salah ga jelas padahal mau dipakai biar simple malah dibikin ribet. Tolong lah kalau memang belum niat bikin apk gausah bikin, merepotkan orang tua saja, kalo bisa rating minus aku rating minus ini",1,2026-07-06,10,Juli,negatif,aplikasi macam apa ini koneksi lancar dibilang offline sandi benar dibilang salah capctha benar dibilang salah ga jelas padahal mau dipakai biar simple malah dibikin ribet tolong lah kalau memang belum niat bikin apk gausah bikin merepotkan orang tua saja kalo bisa rating minus aku rating minus ini,aplikasi macam apa ini koneksi lancar dibilang luring sandi benar dibilang salah captcha benar dibilang salah tidak jelas padahal mau dipakai agar sederhana malah dibuat rumit tolong lah kalau memang belum niat membuat aplikasi tidak usah membuat merepotkan orang tua saja kalau bisa penilaian kekurangan aku penilaian kekurangan ini,"['aplikasi', 'macam', 'apa', 'ini', 'koneksi', 'lancar', 'dibilang', 'luring', 'sandi', 'benar', 'dibilang', 'salah', 'captcha', 'benar', 'dibilang', 'salah', 'tidak', 'jelas', 'padahal', 'mau', 'dipakai', 'agar', 'sederhana', 'malah', 'dibuat', 'rumit', 'tolong', 'lah', 'kalau', 'memang', 'belum', 'niat', 'membuat', 'aplikasi', 'tidak', 'usah', 'membuat', 'merepotkan', 'orang', 'tua', 'saja', 'kalau', 'bisa', 'penilaian', 'kekurangan', 'aku', 'penilaian', 'kekurangan', 'ini']","['aplikasi', 'macam', 'apa', 'koneksi', 'lancar', 'dibilang', 'luring', 'sandi', 'benar', 'dibilang', 'salah', 'captcha', 'benar', 'dibilang', 'salah', 'tidak', 'jelas', 'padahal', 'mau', 'dipakai', 'sederhana', 'malah', 'dibuat', 'rumit', 'lah', 'kalau', 'memang', 'niat', 'membuat', 'aplikasi', 'tidak', 'usah', 'membuat', 'merepotkan', 'orang', 'tua', 'kalau', 'penilaian', 'kekurangan', 'aku', 'penilaian', 'kekurangan']","['aplikasi', 'macam', 'apa', 'koneksi', 'lancar', 'dibilang', 'luring', 'sandi', 'benar', 'dibilang', 'salah', 'captcha', 'benar', 'dibilang', 'salah', 'tidak', 'tidak_jelas', 'padahal', 'mau', 'dipakai', 'sederhana', 'malah', 'dibuat', 'rumit', 'lah', 'kalau', 'memang', 'niat', 'membuat', 'aplikasi', 'tidak', 'tidak_usah', 'membuat', 'merepotkan', 'orang', 'tua', 'kalau', 'penilaian', 'kekurangan', 'aku', 'penilaian', 'kekurangan']","['aplikasi', 'macam', 'apa', 'koneksi', 'lancar', 'bilang', 'luring', 'sandi', 'benar', 'bilang', 'salah', 'captcha', 'benar', 'bilang', 'salah', 'tidak', 'tidak_jelas', 'padahal', 'mau', 'pakai', 'sederhana', 'malah', 'buat', 'rumit', 'lah', 'kalau', 'memang', 'niat', 'buat', 'aplikasi', 'tidak', 'tidak_usah', 'buat', 'repot', 'orang', 'tua', 'kalau', 'nilai', 'kurang', 'aku', 'nilai', 'kurang']",aplikasi macam apa koneksi lancar bilang luring sandi benar bilang salah captcha benar bilang salah tidak tidak_jelas padahal mau pakai sederhana malah buat rumit lah kalau memang niat buat aplikasi tidak tidak_usah buat repot orang tua kalau nilai kurang aku nilai kurang
1c79d5bc-16eb-4592-90f1-2edded38fb63,"aplikasi sangat membantu, mudah digunakan",5,2026-08-31,9,Agustus,positif,aplikasi sangat membantu mudah digunakan,aplikasi sangat membantu mudah digunakan,"['aplikasi', 'sangat', 'membantu', 'mudah', 'digunakan']","['aplikasi', 'sangat', 'membantu', 'mudah', 'digunakan']","['aplikasi', 'sangat', 'membantu', 'mudah', 'digunakan']","['aplikasi', 'sangat', 'bantu', 'mudah', 'guna']",aplikasi sangat bantu mudah guna
1c8dcf8a-4a29-412f-87c8-9d66a689ad23,aplikasi bobrok pembodohan publik seolah sistem pemerintah sdh di permudah hnya melalui online padahal bohong apl ini gak bisa di gunakan.!,1,2026-06-29,17,Juni,negatif,aplikasi bobrok pembodohan publik seolah sistem pemerintah sdh di permudah hnya melalui online padahal bohong apl ini gak bisa di gunakan,aplikasi bobrok pembodohan publik seolah sistem pemerintah sudah dipermudah hanya melalui daring padahal bohong aplikasi ini tidak bisa digunakan,"['aplikasi', 'bobrok', 'pembodohan', 'publik', 'seolah', 'sistem', 'pemerintah', 'sudah', 'dipermudah', 'hanya', 'melalui', 'daring', 'padahal', 'bohong', 'aplikasi', 'ini', 'tidak', 'bisa', 'digunakan']","['aplikasi', 'bobrok', 'pembodohan', 'publik', 'sistem', 'pemerintah', 'dipermudah', 'melalui', 'daring', 'padahal', 'bohong', 'aplikasi', 'tidak', 'digunakan']","['aplikasi', 'bobrok', 'pembodohan', 'publik', 'sistem', 'pemerintah', 'dipermudah', 'melalui', 'daring', 'padahal', 'bohong', 'aplikasi', 'tidak', 'tidak_digunakan']","['aplikasi', 'bobrok', 'bodoh', 'publik', 'sistem', 'perintah', 'mudah', 'lalu', 'daring', 'padahal', 'bohong', 'aplikasi', 'tidak', 'tidak_guna']",aplikasi bobrok bodoh publik sistem perintah mudah lalu daring padahal bohong aplikasi tidak tidak_guna
1cb3a979-72e8-4174-9b28-9b7edf18097b,sebulan sekali sering loqout sendiri !! tidak rekomendasi !!!,1,2026-08-27,17,Agustus,negatif,sebulan sekali sering loqout sendiri tidak rekomendasi,sebulan sekali sering logout sendiri tidak rekomendasi,"['sebulan', 'sekali', 'sering', 'logout', 'sendiri', 'tidak', 'rekomendasi']","['sebulan', 'sekali', 'sering', 'logout', 'sendiri', 'tidak', 'rekomendasi']","['sebulan', 'sekali', 'sering', 'logout', 'sendiri', 'tidak', 'tidak_rekomendasi']","['bulan', 'sekali', 'sering', 'logout', 'sendiri', 'tidak', 'tidak_rekomendasi']",bulan sekali sering logout sendiri tidak tidak_rekomendasi
1cdec9eb-1293-41f4-936e-a49703354d53,"mw dftar k rs rujukan ga bsa2, udh mw habis wktu di surat rujukan, gegara buka mobile jkn ga bsa wae login..",1,2026-07-25,14,Juli,negatif,mw dftar k rs rujukan ga bsa2 udh mw habis wktu di surat rujukan gegara buka mobile jkn ga bsa wae login,mau daftar ke rumah sakit rujukan tidak bisa sudah mau habis waktu di surat rujukan gegara buka mobile jkn tidak bisa saja login,"['mau', 'daftar', 'ke', 'rumah', 'sakit', 'rujukan', 'tidak', 'bisa', 'sudah', 'mau', 'habis', 'waktu', 'di', 'surat', 'rujukan', 'gegara', 'buka', 'mobile', 'jkn', 'tidak', 'bisa', 'saja', 'login']","['mau', 'daftar', 'rumah', 'sakit', 'rujukan', 'tidak', 'mau', 'habis', 'waktu', 'surat', 'rujukan', 'gegara', 'buka', 'mobile', 'jkn', 'tidak', 'login']","['mau', 'daftar', 'rumah', 'sakit', 'rujukan', 'tidak', 'tidak_mau', 'habis', 'waktu', 'surat', 'rujukan', 'gegara', 'buka', 'mobile', 'jkn', 'tidak', 'tidak_login']","['mau', 'daftar', 'rumah', 'sakit', 'rujuk', 'tidak', 'tidak_mau', 'habis', 'waktu', 'surat', 'rujuk', 'gegara', 'buka', 'mobile', 'jkn', 'tidak', 'tidak_login']",mau daftar rumah sakit rujuk tidak tidak_mau habis waktu surat rujuk gegara buka mobile jkn tidak tidak_login
1ce5bea4-74db-46f5-bc89-040e0ca350f3,"gara-gara aplikasi ini saya jadi gak daftar gigi 4× padahal udah ada tulisan ""Nomor Antrean Hanya Dapat Diambil 1 Kali Pada Tanggal dan Poli Yang Sama -F1"" padahal saya belum dapat sama sekali nomor antrian dan ketika melapor di mobile jkn mereka hanya memberika solusi berupa pendaftaran melalui web, wa or offline. padahal mendaftar di web pun gak bisa harus lewat aplikasi, begitu pula lewat wa pun gak boleh dan di klinik mesin pendaftaran pun sudah tidak ada. APLIKASINYA JELEK 👎👎👎",1,2026-07-09,6,Juli,negatif,gara gara aplikasi ini saya jadi gak daftar gigi 4 padahal udah ada tulisan nomor antrean hanya dapat diambil 1 kali pada tanggal dan poli yang sama f1 padahal saya belum dapat sama sekali nomor antrian dan ketika melapor di mobile jkn mereka hanya memberika solusi berupa pendaftaran melalui web wa or offline padahal mendaftar di web pun gak bisa harus lewat aplikasi begitu pula lewat wa pun gak boleh dan di klinik mesin pendaftaran pun sudah tidak ada aplikasinya jelek,gara gara aplikasi ini saya jadi tidak daftar gigi 4 padahal sudah ada tulisan nomor antrean hanya dapat diambil 1 kali pada tanggal dan poli yang sama f1 padahal saya belum dapat sama sekali nomor antrean dan ketika melapor di mobile jkn mereka hanya memberikan solusi berupa pendaftaran melalui web whatsapp or luring padahal mendaftar di web pun tidak bisa harus lewat aplikasi begitu pula lewat whatsapp pun tidak boleh dan di klinik mesin pendaftaran pun sudah tidak ada aplikasinya jelek,"['gara', 'gara', 'aplikasi', 'ini', 'saya', 'jadi', 'tidak', 'daftar', 'gigi', '4', 'padahal', 'sudah', 'ada', 'tulisan', 'nomor', 'antrean', 'hanya', 'dapat', 'diambil', '1', 'kali', 'pada', 'tanggal', 'dan', 'poli', 'yang', 'sama', 'f1', 'padahal', 'saya', 'belum', 'dapat', 'sama', 'sekali', 'nomor', 'antrean', 'dan', 'ketika', 'melapor', 'di', 'mobile', 'jkn', 'mereka', 'hanya', 'memberikan', 'solusi', 'berupa', 'pendaftaran', 'melalui', 'web', 'whatsapp', 'or', 'luring', 'padahal', 'mendaftar', 'di', 'web', 'pun', 'tidak', 'bisa', 'harus', 'lewat', 'aplikasi', 'begitu', 'pula', 'lewat', 'whatsapp', 'pun', 'tidak', 'boleh', 'dan', 'di', 'klinik', 'mesin', 'pendaftaran', 'pun', 'sudah', 'tidak', 'ada', 'aplikasinya', 'jelek']","['gara', 'gara', 'aplikasi', 'jadi', 'tidak', 'daftar', 'gigi', '4', 'padahal', 'tulisan', 'nomor', 'antrean', 'diambil', '1', 'kali', 'tanggal', 'poli', 'sama', 'f1', 'padahal', 'sama', 'sekali', 'nomor', 'antrean', 'melapor', 'mobile', 'jkn', 'memberikan', 'solusi', 'berupa', 'pendaftaran', 'melalui', 'web', 'whatsapp', 'or', 'luring', 'padahal', 'mendaftar', 'web', 'tidak', 'lewat', 'aplikasi', 'lewat', 'whatsapp', 'tidak', 'klinik', 'mesin', 'pendaftaran', 'tidak', 'aplikasinya', 'jelek']","['gara', 'gara', 'aplikasi', 'jadi', 'tidak', 'tidak_daftar', 'gigi', '4', 'padahal', 'tulisan', 'nomor', 'antrean', 'diambil', '1', 'kali', 'tanggal', 'poli', 'sama', 'f1', 'padahal', 'sama', 'sekali', 'nomor', 'antrean', 'melapor', 'mobile', 'jkn', 'memberikan', 'solusi', 'berupa', 'pendaftaran', 'melalui', 'web', 'whatsapp', 'or', 'luring', 'padahal', 'mendaftar', 'web', 'tidak', 'tidak_lewat', 'aplikasi', 'lewat', 'whatsapp', 'tidak', 'tidak_klinik', 'mesin', 'pendaftaran', 'tidak', 'tidak_aplikasinya', 'jelek']","['gara', 'gara', 'aplikasi', 'jadi', 'tidak', 'tidak_daftar', 'gigi', '4', 'padahal', 'tulis', 'nomor', 'antre', 'ambil', '1', 'kali', 'tanggal', 'pol', 'sama', 'f1', 'padahal', 'sama', 'sekali', 'nomor', 'antre', 'lapor', 'mobile', 'jkn', 'beri', 'solusi', 'upa', 'daftar', 'lalu', 'web', 'whatsapp', 'or', 'luring', 'padahal', 'daftar', 'web', 'tidak', 'tidak_lewat', 'aplikasi', 'lewat', 'whatsapp', 'tidak', 'tidak_klinik', 'mesin', 'daftar', 'tidak', 'tidak_aplikasi', 'jelek']",gara gara aplikasi jadi tidak tidak_daftar gigi 4 padahal tulis nomor antre ambil 1 kali tanggal pol sama f1 padahal sama sekali nomor antre lapor mobile jkn beri solusi upa daftar lalu web whatsapp or luring padahal daftar web tidak tidak_lewat aplikasi lewat whatsapp tidak tidak_klinik mesin daftar tidak tidak_aplikasi jelek
1cf14d66-9f17-406b-9333-f8c7e0ebb170,playanan sangat cepat,5,2026-07-28,7,Juli,positif,playanan sangat cepat,pelayanan sangat cepat,"['pelayanan', 'sangat', 'cepat']","['pelayanan', 'sangat', 'cepat']","['pelayanan', 'sangat', 'cepat']","['layan', 'sangat', 'cepat']",layan sangat cepat
1d146754-6994-4941-910a-76044efcecf7,mau scam muka pun setengah jam hampir patah kepala di bikin nya,5,2026-06-03,6,Juni,negatif,mau scam muka pun setengah jam hampir patah kepala di bikin nya,mau penipuan muka pun setengah jam hampir patah kepala di membuat nya,"['mau', 'penipuan', 'muka', 'pun', 'setengah', 'jam', 'hampir', 'patah', 'kepala', 'di', 'membuat', 'nya']","['mau', 'penipuan', 'muka', 'setengah', 'jam', 'hampir', 'patah', 'kepala', 'membuat']","['mau', 'penipuan', 'muka', 'setengah', 'jam', 'hampir', 'patah', 'kepala', 'membuat']","['mau', 'tipu', 'muka', 'tengah', 'jam', 'hampir', 'patah', 'kepala', 'buat']",mau tipu muka tengah jam hampir patah kepala buat
1d2b707e-65a6-4cb0-9765-38e0befca399,semoga sesuai harappan,5,2026-08-30,17,Agustus,netral,semoga sesuai harappan,semoga sesuai harapan,"['semoga', 'sesuai', 'harapan']","['semoga', 'sesuai', 'harapan']","['semoga', 'sesuai', 'harapan']","['moga', 'sesuai', 'harap']",moga sesuai harap
1d39d6c7-4ece-43a8-9229-fa3812e175cb,baru mau daftar antrian,5,2026-06-01,19,Juni,netral,baru mau daftar antrian,baru mau daftar antrean,"['baru', 'mau', 'daftar', 'antrean']","['baru', 'mau', 'daftar', 'antrean']","['baru', 'mau', 'daftar', 'antrean']","['baru', 'mau', 'daftar', 'antre']",baru mau daftar antre
1d5db0cd-5049-4ef8-b8a7-a67fee796ecf,bagitulah,5,2026-08-14,15,Agustus,netral,bagitulah,begitulah,['begitulah'],['begitulah'],['begitulah'],['begitu'],begitu
1ddcd96a-8e36-4f90-ae96-5efc9eecfcb5,oke,5,2026-06-02,11,Juni,positif,oke,oke,['oke'],['oke'],['oke'],['oke'],oke
1e175de9-d1d9-47a3-8204-474ce45f7b06,semoga aja jnk aku bisa di install,5,2026-06-28,9,Juni,netral,semoga aja jnk aku bisa di install,semoga saja jkn aku bisa diinstal,"['semoga', 'saja', 'jkn', 'aku', 'bisa', 'diinstal']","['semoga', 'jkn', 'aku', 'diinstal']","['semoga', 'jkn', 'aku', 'diinstal']","['moga', 'jkn', 'aku', 'diinstal']",moga jkn aku diinstal
1e5f4011-d4fc-4598-9167-dc7619e87d13,semoga bermanfaat,5,2026-06-12,9,Juni,netral,semoga bermanfaat,semoga bermanfaat,"['semoga', 'bermanfaat']","['semoga', 'bermanfaat']","['semoga', 'bermanfaat']","['moga', 'manfaat']",moga manfaat
1ea7e9f4-4414-4462-9da9-59f6e821dd23,aplikasinya ga bisa di gunakan. gagal terus kirim otp sms,1,2026-08-18,18,Agustus,negatif,aplikasinya ga bisa di gunakan gagal terus kirim otp sms,aplikasinya tidak bisa digunakan gagal terus kirim otp sms,"['aplikasinya', 'tidak', 'bisa', 'digunakan', 'gagal', 'terus', 'kirim', 'otp', 'sms']","['aplikasinya', 'tidak', 'digunakan', 'gagal', 'terus', 'kirim', 'otp', 'sms']","['aplikasinya', 'tidak', 'tidak_digunakan', 'gagal', 'terus', 'kirim', 'otp', 'sms']","['aplikasi', 'tidak', 'tidak_guna', 'gagal', 'terus', 'kirim', 'otp', 'sms']",aplikasi tidak tidak_guna gagal terus kirim otp sms
1eab29a3-4ab8-4736-bff9-76c5ad5ee282,pelayqnannya luar biasa terbaik sigap dan cepqt,5,2026-08-22,19,Agustus,positif,pelayqnannya luar biasa terbaik sigap dan cepqt,pelayanannya luar biasa terbaik sigap dan cepat,"['pelayanannya', 'luar', 'biasa', 'terbaik', 'sigap', 'dan', 'cepat']","['pelayanannya', 'luar', 'biasa', 'terbaik', 'sigap', 'cepat']","['pelayanannya', 'luar', 'biasa', 'terbaik', 'sigap', 'cepat']","['layan', 'luar', 'biasa', 'baik', 'sigap', 'cepat']",layan luar biasa baik sigap cepat
1ebd3ae9-cfd2-4d36-ba4e-86211742c4e1,aplikasi gak guna SMS otp tidak bisa tolong ya di perbaiki,1,2026-07-07,18,Juli,negatif,aplikasi gak guna sms otp tidak bisa tolong ya di perbaiki,aplikasi tidak berguna sms otp tidak bisa tolong ya diperbaiki,"['aplikasi', 'tidak', 'berguna', 'sms', 'otp', 'tidak', 'bisa', 'tolong', 'ya', 'diperbaiki']","['aplikasi', 'tidak', 'berguna', 'sms', 'otp', 'tidak', 'diperbaiki']","['aplikasi', 'tidak', 'tidak_berguna', 'sms', 'otp', 'tidak', 'tidak_diperbaiki']","['aplikasi', 'tidak', 'tidak_guna', 'sms', 'otp', 'tidak', 'tidak_perbaiki']",aplikasi tidak tidak_guna sms otp tidak tidak_perbaiki
1ed74ab5-8a6e-46e8-b9ef-97871eca76f3,"sering terjadi eror pada device, sehingga saya disuruh login terus",1,2026-07-15,10,Juli,negatif,sering terjadi eror pada device sehingga saya disuruh login terus,sering terjadi error pada perangkat sehingga saya disuruh login terus,"['sering', 'terjadi', 'error', 'pada', 'perangkat', 'sehingga', 'saya', 'disuruh', 'login', 'terus']","['sering', 'terjadi', 'error', 'perangkat', 'disuruh', 'login', 'terus']","['sering', 'terjadi', 'error', 'perangkat', 'disuruh', 'login', 'terus']","['sering', 'jadi', 'error', 'perangkat', 'suruh', 'login', 'terus']",sering jadi error perangkat suruh login terus
1edcc95c-c114-428c-873f-209a14207dbe,semoga amanah,5,2026-08-02,14,Agustus,netral,semoga amanah,semoga amanah,"['semoga', 'amanah']","['semoga', 'amanah']","['semoga', 'amanah']","['moga', 'amanah']",moga amanah
1ee7a721-6fdb-43e8-9cc1-a7745c470621,sangat membantu dan cepat,5,2026-08-03,10,Agustus,positif,sangat membantu dan cepat,sangat membantu dan cepat,"['sangat', 'membantu', 'dan', 'cepat']","['sangat', 'membantu', 'cepat']","['sangat', 'membantu', 'cepat']","['sangat', 'bantu', 'cepat']",sangat bantu cepat
1f78981a-997b-49c4-b833-f5f99ee4de5e,masih sering muncul bugnya,4,2026-07-01,6,Juli,negatif,masih sering muncul bugnya,masih sering muncul bugnya,"['masih', 'sering', 'muncul', 'bugnya']","['sering', 'muncul', 'bugnya']","['sering', 'muncul', 'bugnya']","['sering', 'muncul', 'bugnya']",sering muncul bugnya
1f7e9797-518b-4349-935a-a744a64abdc5,mudah dimengerti,5,2026-08-16,12,Agustus,positif,mudah dimengerti,mudah dimengerti,"['mudah', 'dimengerti']","['mudah', 'dimengerti']","['mudah', 'dimengerti']","['mudah', 'erti']",mudah erti
1f885768-3c0c-486d-9d0e-95a05c46f121,"apasih ini aplikasi, gua daftar malah loading terus, tulisan error terus padahal sinyal bagus perbaiki lagi lahh, apalagi sekarang kalau mau periksa kemana mana harus daftar lewat aplikasi ini lagi!",1,2026-08-27,8,Agustus,negatif,apasih ini aplikasi gua daftar malah loading terus tulisan error terus padahal sinyal bagus perbaiki lagi lahh apalagi sekarang kalau mau periksa kemana mana harus daftar lewat aplikasi ini lagi,apa sih ini aplikasi saya daftar malah memuat terus tulisan error terus padahal sinyal bagus perbaiki lagi lah apalagi sekarang kalau mau periksa ke mana mana harus daftar lewat aplikasi ini lagi,"['apa', 'sih', 'ini', 'aplikasi', 'saya', 'daftar', 'malah', 'memuat', 'terus', 'tulisan', 'error', 'terus', 'padahal', 'sinyal', 'bagus', 'perbaiki', 'lagi', 'lah', 'apalagi', 'sekarang', 'kalau', 'mau', 'periksa', 'ke', 'mana', 'mana', 'harus', 'daftar', 'lewat', 'aplikasi', 'ini', 'lagi']","['apa', 'sih', 'aplikasi', 'daftar', 'malah', 'memuat', 'terus', 'tulisan', 'error', 'terus', 'padahal', 'sinyal', 'bagus', 'perbaiki', 'lah', 'sekarang', 'kalau', 'mau', 'periksa', 'mana', 'mana', 'daftar', 'lewat', 'aplikasi']","['apa', 'sih', 'aplikasi', 'daftar', 'malah', 'memuat', 'terus', 'tulisan', 'error', 'terus', 'padahal', 'sinyal', 'bagus', 'perbaiki', 'lah', 'sekarang', 'kalau', 'mau', 'periksa', 'mana', 'mana', 'daftar', 'lewat', 'aplikasi']","['apa', 'sih', 'aplikasi', 'daftar', 'malah', 'muat', 'terus', 'tulis', 'error', 'terus', 'padahal', 'sinyal', 'bagus', 'perbaiki', 'lah', 'sekarang', 'kalau', 'mau', 'periksa', 'mana', 'mana', 'daftar', 'lewat', 'aplikasi']",apa sih aplikasi daftar malah muat terus tulis error terus padahal sinyal bagus perbaiki lah sekarang kalau mau periksa mana mana daftar lewat aplikasi
1fa9e37e-82a8-4edb-aa6f-3bf3465ad6d0,good,5,2026-06-03,19,Juni,positif,good,bagus,['bagus'],['bagus'],['bagus'],['bagus'],bagus
1fb7fe70-7e93-48d0-9ccd-cb9539f7c42d,"menyulitkan, setiap bulan di suruh login ulang payah lagi.",1,2026-08-26,10,Agustus,negatif,menyulitkan setiap bulan di suruh login ulang payah lagi,menyulitkan setiap bulan disuruh login ulang payah lagi,"['menyulitkan', 'setiap', 'bulan', 'disuruh', 'login', 'ulang', 'payah', 'lagi']","['menyulitkan', 'bulan', 'disuruh', 'login', 'ulang', 'payah']","['menyulitkan', 'bulan', 'disuruh', 'login', 'ulang', 'payah']","['sulit', 'bulan', 'suruh', 'login', 'ulang', 'payah']",sulit bulan suruh login ulang payah
1fbf17cb-d109-43aa-96bd-b441bc9a05c2,daftar aja ribet amat ni hdeuh,2,2026-07-31,12,Juli,negatif,daftar aja ribet amat ni hdeuh,daftar saja rumit amat ini aduh,"['daftar', 'saja', 'rumit', 'amat', 'ini', 'aduh']","['daftar', 'rumit', 'aduh']","['daftar', 'rumit', 'aduh']","['daftar', 'rumit', 'aduh']",daftar rumit aduh
1fc4ac82-b334-4cad-b43a-ce968a79f350,mobile JKN mantab mempermudah,5,2026-08-21,21,Agustus,positif,mobile jkn mantab mempermudah,mobile jkn mantap mempermudah,"['mobile', 'jkn', 'mantap', 'mempermudah']","['mobile', 'jkn', 'mantap', 'mempermudah']","['mobile', 'jkn', 'mantap', 'mempermudah']","['mobile', 'jkn', 'mantap', 'mudah']",mobile jkn mantap mudah
203607d2-148f-448b-8c12-321761a462c5,bagus,5,2026-08-03,13,Agustus,positif,bagus,bagus,['bagus'],['bagus'],['bagus'],['bagus'],bagus
20424ab0-b5b5-49d1-a381-35c20a54b526,"aplikasi gk jls. kode otp gak masuk"" emng dasarnya aplikasi sampah",1,2026-06-20,14,Juni,negatif,aplikasi gk jls kode otp gak masuk emng dasarnya aplikasi sampah,aplikasi tidak jelas kode otp tidak masuk memang dasarnya aplikasi sampah,"['aplikasi', 'tidak', 'jelas', 'kode', 'otp', 'tidak', 'masuk', 'memang', 'dasarnya', 'aplikasi', 'sampah']","['aplikasi', 'tidak', 'jelas', 'kode', 'otp', 'tidak', 'masuk', 'memang', 'dasarnya', 'aplikasi', 'sampah']","['aplikasi', 'tidak', 'tidak_jelas', 'kode', 'otp', 'tidak', 'tidak_masuk', 'memang', 'dasarnya', 'aplikasi', 'sampah']","['aplikasi', 'tidak', 'tidak_jelas', 'kode', 'otp', 'tidak', 'tidak_masuk', 'memang', 'dasar', 'aplikasi', 'sampah']",aplikasi tidak tidak_jelas kode otp tidak tidak_masuk memang dasar aplikasi sampah
2064966f-787a-497f-b324-186395a0e2cf,bagus,5,2026-07-15,8,Juli,positif,bagus,bagus,['bagus'],['bagus'],['bagus'],['bagus'],bagus
206df0bd-32c7-4ad4-9736-290ac16e05e4,Apk TOLOL,1,2026-08-20,9,Agustus,negatif,apk tolol,aplikasi tolol,"['aplikasi', 'tolol']","['aplikasi', 'tolol']","['aplikasi', 'tolol']","['aplikasi', 'tolol']",aplikasi tolol
2083495c-40ea-4d1d-9c67-a12673e5d7fb,semoga bermanfaat dan membantu,5,2026-07-15,9,Juli,netral,semoga bermanfaat dan membantu,semoga bermanfaat dan membantu,"['semoga', 'bermanfaat', 'dan', 'membantu']","['semoga', 'bermanfaat', 'membantu']","['semoga', 'bermanfaat', 'membantu']","['moga', 'manfaat', 'bantu']",moga manfaat bantu
2096c77d-a8f0-4e03-bee9-b7c73b6a6df1,"aplikasi ribet, sudah login pakai akun dan sudah sesuai masih saja gak bisa",1,2026-07-30,16,Juli,negatif,aplikasi ribet sudah login pakai akun dan sudah sesuai masih saja gak bisa,aplikasi rumit sudah login pakai akun dan sudah sesuai masih saja tidak bisa,"['aplikasi', 'rumit', 'sudah', 'login', 'pakai', 'akun', 'dan', 'sudah', 'sesuai', 'masih', 'saja', 'tidak', 'bisa']","['aplikasi', 'rumit', 'login', 'pakai', 'akun', 'sesuai', 'tidak']","['aplikasi', 'rumit', 'login', 'pakai', 'akun', 'sesuai', 'tidak']","['aplikasi', 'rumit', 'login', 'pakai', 'akun', 'sesuai', 'tidak']",aplikasi rumit login pakai akun sesuai tidak
20a3e368-7c0f-4d51-bb4c-fcbb8c4ee25a,Kemudahan penggunaan,5,2026-08-04,23,Agustus,positif,kemudahan penggunaan,kemudahan penggunaan,"['kemudahan', 'penggunaan']","['kemudahan', 'penggunaan']","['kemudahan', 'penggunaan']","['mudah', 'guna']",mudah guna
20be426e-90f6-4793-906c-f12d70f49b49,daftar aja dipersulit,1,2026-07-09,7,Juli,negatif,daftar aja dipersulit,daftar saja dipersulit,"['daftar', 'saja', 'dipersulit']","['daftar', 'dipersulit']","['daftar', 'dipersulit']","['daftar', 'sulit']",daftar sulit
20c69e7f-c1fb-4012-9d54-6b868784cac7,mantap,5,2026-06-20,11,Juni,positif,mantap,mantap,['mantap'],['mantap'],['mantap'],['mantap'],mantap
20c76812-aaa3-4aac-ba04-dbb064e9ef4b,bisakah login pakai gmail tanpa ktp captcha dan bagaimana jika tidak bayar denda bpjs ...,4,2026-08-12,20,Agustus,netral,bisakah login pakai gmail tanpa ktp captcha dan bagaimana jika tidak bayar denda bpjs,bisakah login pakai gmail tanpa ktp captcha dan bagaimana jika tidak bayar denda bpjs,"['bisakah', 'login', 'pakai', 'gmail', 'tanpa', 'ktp', 'captcha', 'dan', 'bagaimana', 'jika', 'tidak', 'bayar', 'denda', 'bpjs']","['bisakah', 'login', 'pakai', 'gmail', 'ktp', 'captcha', 'bagaimana', 'tidak', 'bayar', 'denda', 'bpjs']","['bisakah', 'login', 'pakai', 'gmail', 'ktp', 'captcha', 'bagaimana', 'tidak', 'tidak_bayar', 'denda', 'bpjs']","['bisa', 'login', 'pakai', 'gmail', 'ktp', 'captcha', 'bagaimana', 'tidak', 'tidak_bayar', 'denda', 'bpjs']",bisa login pakai gmail ktp captcha bagaimana tidak tidak_bayar denda bpjs
20e294de-2404-43c6-aee7-8ce55add8556,"apk busuk kode otp ga di kirim2, devoloper gmn dh?",1,2026-06-09,16,Juni,negatif,apk busuk kode otp ga di kirim2 devoloper gmn dh,aplikasi busuk kode otp tidak dikirim pengembang bagaimana sudah,"['aplikasi', 'busuk', 'kode', 'otp', 'tidak', 'dikirim', 'pengembang', 'bagaimana', 'sudah']","['aplikasi', 'busuk', 'kode', 'otp', 'tidak', 'dikirim', 'pengembang', 'bagaimana']","['aplikasi', 'busuk', 'kode', 'otp', 'tidak', 'tidak_dikirim', 'pengembang', 'bagaimana']","['aplikasi', 'busuk', 'kode', 'otp', 'tidak', 'tidak_kirim', 'kembang', 'bagaimana']",aplikasi busuk kode otp tidak tidak_kirim kembang bagaimana
20fbddb8-6a80-4e89-abc7-c30d8680900d,Kalau belom siap digital jangan jangan dulu deh bikin aplikasi ginian server lemot,1,2026-06-30,23,Juni,negatif,kalau belom siap digital jangan jangan dulu deh bikin aplikasi ginian server lemot,kalau belum siap digital jangan jangan dulu deh membuat aplikasi seperti ini server lambat,"['kalau', 'belum', 'siap', 'digital', 'jangan', 'jangan', 'dulu', 'deh', 'membuat', 'aplikasi', 'seperti', 'ini', 'server', 'lambat']","['kalau', 'siap', 'digital', 'jangan', 'jangan', 'dulu', 'deh', 'membuat', 'aplikasi', 'server', 'lambat']","['kalau', 'siap', 'digital', 'jangan', 'jangan', 'dulu', 'deh', 'membuat', 'aplikasi', 'server', 'lambat']","['kalau', 'siap', 'digital', 'jangan', 'jangan', 'dulu', 'deh', 'buat', 'aplikasi', 'server', 'lambat']",kalau siap digital jangan jangan dulu deh buat aplikasi server lambat
2106af61-7006-4cff-9562-4ae21f8b7e61,"Aplikasi Buruk, Pulsa sudah dipotong OTP tidak masuk. Pengaduan OTP ditanggapi dengan bahasa yang baku, tidak ada solusi. Tolong Playstore untuk Takedown aplikasi ini, indikasi project Busuk.",1,2026-08-19,9,Agustus,negatif,aplikasi buruk pulsa sudah dipotong otp tidak masuk pengaduan otp ditanggapi dengan bahasa yang baku tidak ada solusi tolong playstore untuk takedown aplikasi ini indikasi project busuk,aplikasi buruk pulsa sudah dipotong otp tidak masuk pengaduan otp ditanggapi dengan bahasa yang baku tidak ada solusi tolong play store untuk hapus aplikasi ini indikasi proyek busuk,"['aplikasi', 'buruk', 'pulsa', 'sudah', 'dipotong', 'otp', 'tidak', 'masuk', 'pengaduan', 'otp', 'ditanggapi', 'dengan', 'bahasa', 'yang', 'baku', 'tidak', 'ada', 'solusi', 'tolong', 'play', 'store', 'untuk', 'hapus', 'aplikasi', 'ini', 'indikasi', 'proyek', 'busuk']","['aplikasi', 'buruk', 'pulsa', 'dipotong', 'otp', 'tidak', 'masuk', 'pengaduan', 'otp', 'ditanggapi', 'bahasa', 'baku', 'tidak', 'solusi', 'play', 'store', 'hapus', 'aplikasi', 'indikasi', 'proyek', 'busuk']","['aplikasi', 'buruk', 'pulsa', 'dipotong', 'otp', 'tidak', 'tidak_masuk', 'pengaduan', 'otp', 'ditanggapi', 'bahasa', 'baku', 'tidak', 'tidak_solusi', 'play', 'store', 'hapus', 'aplikasi', 'indikasi', 'proyek', 'busuk']","['aplikasi', 'buruk', 'pulsa', 'potong', 'otp', 'tidak', 'tidak_masuk', 'adu', 'otp', 'tanggap', 'bahasa', 'baku', 'tidak', 'tidak_solusi', 'play', 'store', 'hapus', 'aplikasi', 'indikasi', 'proyek', 'busuk']",aplikasi buruk pulsa potong otp tidak tidak_masuk adu otp tanggap bahasa baku tidak tidak_solusi play store hapus aplikasi indikasi proyek busuk
21469d9c-d208-44f2-9ca3-25389bad64ce,kalo aplikasi gak siap pakai jangna paksa semua harus pake aplikasi JKn dong,1,2026-07-08,10,Juli,negatif,kalo aplikasi gak siap pakai jangna paksa semua harus pake aplikasi jkn dong,kalau aplikasi tidak siap pakai jangan paksa semua harus pakai aplikasi jkn dong,"['kalau', 'aplikasi', 'tidak', 'siap', 'pakai', 'jangan', 'paksa', 'semua', 'harus', 'pakai', 'aplikasi', 'jkn', 'dong']","['kalau', 'aplikasi', 'tidak', 'siap', 'pakai', 'jangan', 'paksa', 'semua', 'pakai', 'aplikasi', 'jkn', 'dong']","['kalau', 'aplikasi', 'tidak', 'tidak_siap', 'pakai', 'jangan', 'paksa', 'semua', 'pakai', 'aplikasi', 'jkn', 'dong']","['kalau', 'aplikasi', 'tidak', 'tidak_siap', 'pakai', 'jangan', 'paksa', 'semua', 'pakai', 'aplikasi', 'jkn', 'dong']",kalau aplikasi tidak tidak_siap pakai jangan paksa semua pakai aplikasi jkn dong
21543a64-f298-496f-96f3-31d7e86f35cf,"apk yg lain OTP udh pke WA, ini msh pke jaman purba. ga ramah penggunaan, jelek",1,2026-07-05,13,Juli,negatif,apk yg lain otp udh pke wa ini msh pke jaman purba ga ramah penggunaan jelek,aplikasi yang lain otp sudah pakai whatsapp ini masih pakai zaman purba tidak ramah penggunaan jelek,"['aplikasi', 'yang', 'lain', 'otp', 'sudah', 'pakai', 'whatsapp', 'ini', 'masih', 'pakai', 'zaman', 'purba', 'tidak', 'ramah', 'penggunaan', 'jelek']","['aplikasi', 'otp', 'pakai', 'whatsapp', 'pakai', 'zaman', 'purba', 'tidak', 'ramah', 'penggunaan', 'jelek']","['aplikasi', 'otp', 'pakai', 'whatsapp', 'pakai', 'zaman', 'purba', 'tidak', 'tidak_ramah', 'penggunaan', 'jelek']","['aplikasi', 'otp', 'pakai', 'whatsapp', 'pakai', 'zaman', 'purba', 'tidak', 'tidak_ramah', 'guna', 'jelek']",aplikasi otp pakai whatsapp pakai zaman purba tidak tidak_ramah guna jelek
217f9b53-b0a9-4fe9-8ad7-71af151fe49b,kode SMS gk masuk masuk aneh,2,2026-06-01,23,Juni,negatif,kode sms gk masuk masuk aneh,kode sms tidak masuk aneh,"['kode', 'sms', 'tidak', 'masuk', 'aneh']","['kode', 'sms', 'tidak', 'masuk', 'aneh']","['kode', 'sms', 'tidak', 'tidak_masuk', 'aneh']","['kode', 'sms', 'tidak', 'tidak_masuk', 'aneh']",kode sms tidak tidak_masuk aneh
21fb228d-09b8-4aa3-a318-4f662d7be8ac,TOLONG PERBAIKI APLIKASI NYA! GIMANA SI KODE OTP UDH SEMINGGU GA DI KIRIM² JUGA SAYA BUTUH UNTUK DAFTAR KE RS TOLONG UNTUK KE DEPAN NYA JANGAN TIBA² LOG'OUT SENDIRI PAS MAU MASUK KAN JADI LUPA PASWORD MANA SAMPE SEKARANG KODE OTP NYA GA DI KIRIM² GEDEG BANGET SAMA APLIKASI INI TOLONG YAA SEGERA DIPERBAIKI! JANGAN EROR MULU INI ITU PENTING BAGI ORANG YANG SAKIT,1,2026-08-31,20,Agustus,negatif,tolong perbaiki aplikasi nya gimana si kode otp udh seminggu ga di kirim2 juga saya butuh untuk daftar ke rs tolong untuk ke depan nya jangan tiba2 log out sendiri pas mau masuk kan jadi lupa pasword mana sampe sekarang kode otp nya ga di kirim2 gedeg banget sama aplikasi ini tolong yaa segera diperbaiki jangan eror mulu ini itu penting bagi orang yang sakit,tolong perbaiki aplikasi nya bagaimana si kode otp sudah seminggu tidak dikirim juga saya butuh untuk daftar ke rumah sakit tolong untuk ke depan nya jangan tiba-tiba logout sendiri pas mau masuk kan jadi lupa kata sandi mana sampai sekarang kode otp nya tidak dikirim kesal sangat sama aplikasi ini tolong ya segera diperbaiki jangan error terus-menerus ini itu penting bagi orang yang sakit,"['tolong', 'perbaiki', 'aplikasi', 'nya', 'bagaimana', 'si', 'kode', 'otp', 'sudah', 'seminggu', 'tidak', 'dikirim', 'juga', 'saya', 'butuh', 'untuk', 'daftar', 'ke', 'rumah', 'sakit', 'tolong', 'untuk', 'ke', 'depan', 'nya', 'jangan', 'tiba-tiba', 'logout', 'sendiri', 'pas', 'mau', 'masuk', 'kan', 'jadi', 'lupa', 'kata', 'sandi', 'mana', 'sampai', 'sekarang', 'kode', 'otp', 'nya', 'tidak', 'dikirim', 'kesal', 'sangat', 'sama', 'aplikasi', 'ini', 'tolong', 'ya', 'segera', 'diperbaiki', 'jangan', 'error', 'terus-menerus', 'ini', 'itu', 'penting', 'bagi', 'orang', 'yang', 'sakit']","['perbaiki', 'aplikasi', 'bagaimana', 'si', 'kode', 'otp', 'seminggu', 'tidak', 'dikirim', 'butuh', 'daftar', 'rumah', 'sakit', 'depan', 'jangan', 'tiba-tiba', 'logout', 'sendiri', 'pas', 'mau', 'masuk', 'kan', 'jadi', 'lupa', 'kata', 'sandi', 'mana', 'sekarang', 'kode', 'otp', 'tidak', 'dikirim', 'kesal', 'sangat', 'sama', 'aplikasi', 'segera', 'diperbaiki', 'jangan', 'error', 'terus-menerus', 'penting', 'orang', 'sakit']","['perbaiki', 'aplikasi', 'bagaimana', 'si', 'kode', 'otp', 'seminggu', 'tidak', 'tidak_dikirim', 'butuh', 'daftar', 'rumah', 'sakit', 'depan', 'jangan', 'tiba-tiba', 'logout', 'sendiri', 'pas', 'mau', 'masuk', 'kan', 'jadi', 'lupa', 'kata', 'sandi', 'mana', 'sekarang', 'kode', 'otp', 'tidak', 'tidak_dikirim', 'kesal', 'sangat', 'sama', 'aplikasi', 'segera', 'diperbaiki', 'jangan', 'error', 'terus-menerus', 'penting', 'orang', 'sakit']","['perbaiki', 'aplikasi', 'bagaimana', 'si', 'kode', 'otp', 'minggu', 'tidak', 'tidak_kirim', 'butuh', 'daftar', 'rumah', 'sakit', 'depan', 'jangan', 'tiba', 'logout', 'sendiri', 'pas', 'mau', 'masuk', 'kan', 'jadi', 'lupa', 'kata', 'sandi', 'mana', 'sekarang', 'kode', 'otp', 'tidak', 'tidak_kirim', 'kesal', 'sangat', 'sama', 'aplikasi', 'segera', 'perbaiki', 'jangan', 'error', 'terus', 'penting', 'orang', 'sakit']",perbaiki aplikasi bagaimana si kode otp minggu tidak tidak_kirim butuh daftar rumah sakit depan jangan tiba logout sendiri pas mau masuk kan jadi lupa kata sandi mana sekarang kode otp tidak tidak_kirim kesal sangat sama aplikasi segera perbaiki jangan error terus penting orang sakit
21ff15c8-4640-4b1a-a7f1-7ca2170a74a7,mudah... gampang... terpercaya,5,2026-08-05,8,Agustus,positif,mudah gampang terpercaya,mudah mudah terpercaya,"['mudah', 'mudah', 'terpercaya']","['mudah', 'mudah', 'terpercaya']","['mudah', 'mudah', 'terpercaya']","['mudah', 'mudah', 'percaya']",mudah mudah percaya
2213a18d-5186-4cc3-8d79-13e4d8544882,Alhamdulillah pelayanan BPJS sangat baik,5,2026-06-22,10,Juni,positif,alhamdulillah pelayanan bpjs sangat baik,alhamdulillah pelayanan bpjs sangat baik,"['alhamdulillah', 'pelayanan', 'bpjs', 'sangat', 'baik']","['alhamdulillah', 'pelayanan', 'bpjs', 'sangat', 'baik']","['alhamdulillah', 'pelayanan', 'bpjs', 'sangat', 'baik']","['alhamdulillah', 'layan', 'bpjs', 'sangat', 'baik']",alhamdulillah layan bpjs sangat baik
226a4650-f575-473f-b6c6-33eb9ca5a540,Praktis dan mempermudah proses perawatan kesehatan.,5,2026-07-30,18,Juli,positif,praktis dan mempermudah proses perawatan kesehatan,praktis dan mempermudah proses perawatan kesehatan,"['praktis', 'dan', 'mempermudah', 'proses', 'perawatan', 'kesehatan']","['praktis', 'mempermudah', 'proses', 'perawatan', 'kesehatan']","['praktis', 'mempermudah', 'proses', 'perawatan', 'kesehatan']","['praktis', 'mudah', 'proses', 'awat', 'sehat']",praktis mudah proses awat sehat
227e7e91-f991-49c5-bcb9-35510ff31d77,semoga semakin lancar kita mengurus kesehatan lewat aplikasi ini... sehat selalu terima kasih,5,2026-06-08,12,Juni,netral,semoga semakin lancar kita mengurus kesehatan lewat aplikasi ini sehat selalu terima kasih,semoga semakin lancar kita mengurus kesehatan lewat aplikasi ini sehat selalu terima kasih,"['semoga', 'semakin', 'lancar', 'kita', 'mengurus', 'kesehatan', 'lewat', 'aplikasi', 'ini', 'sehat', 'selalu', 'terima', 'kasih']","['semoga', 'semakin', 'lancar', 'mengurus', 'kesehatan', 'lewat', 'aplikasi', 'sehat', 'selalu', 'terima', 'kasih']","['semoga', 'semakin', 'lancar', 'mengurus', 'kesehatan', 'lewat', 'aplikasi', 'sehat', 'selalu', 'terima', 'kasih']","['moga', 'makin', 'lancar', 'urus', 'sehat', 'lewat', 'aplikasi', 'sehat', 'selalu', 'terima', 'kasih']",moga makin lancar urus sehat lewat aplikasi sehat selalu terima kasih
230389e9-fd2e-46a8-ba69-f5bddba0745e,Kenapa sistemnya sekarang jadi susah untuk verifikasi wajah. wassalam untuk mereka yang gak bisa menyesuaikan. bobrok dah,1,2026-06-02,16,Juni,negatif,kenapa sistemnya sekarang jadi susah untuk verifikasi wajah wassalam untuk mereka yang gak bisa menyesuaikan bobrok dah,kenapa sistemnya sekarang jadi susah untuk verifikasi wajah wassalam untuk mereka yang tidak bisa menyesuaikan bobrok sudah,"['kenapa', 'sistemnya', 'sekarang', 'jadi', 'susah', 'untuk', 'verifikasi', 'wajah', 'wassalam', 'untuk', 'mereka', 'yang', 'tidak', 'bisa', 'menyesuaikan', 'bobrok', 'sudah']","['sistemnya', 'sekarang', 'jadi', 'susah', 'verifikasi', 'wajah', 'wassalam', 'tidak', 'menyesuaikan', 'bobrok']","['sistemnya', 'sekarang', 'jadi', 'susah', 'verifikasi', 'wajah', 'wassalam', 'tidak', 'tidak_menyesuaikan', 'bobrok']","['sistem', 'sekarang', 'jadi', 'susah', 'verifikasi', 'wajah', 'wassalam', 'tidak', 'tidak_sesuai', 'bobrok']",sistem sekarang jadi susah verifikasi wajah wassalam tidak tidak_sesuai bobrok
23731300-5453-4da5-b2dd-9825739f921c,keren,5,2026-07-04,13,Juli,positif,keren,keren,['keren'],['keren'],['keren'],['keren'],keren
23b00829-bae9-4e2a-9a5e-4abeba611ba3,mau daftar kode otp ga dikirim kirim,1,2026-07-26,13,Juli,negatif,mau daftar kode otp ga dikirim kirim,mau daftar kode otp tidak dikirim kirim,"['mau', 'daftar', 'kode', 'otp', 'tidak', 'dikirim', 'kirim']","['mau', 'daftar', 'kode', 'otp', 'tidak', 'dikirim', 'kirim']","['mau', 'daftar', 'kode', 'otp', 'tidak', 'tidak_dikirim', 'kirim']","['mau', 'daftar', 'kode', 'otp', 'tidak', 'tidak_kirim', 'kirim']",mau daftar kode otp tidak tidak_kirim kirim
23d47b6c-5ad7-4c42-a8b9-3bfffd0eb477,"Aplikasi aneh nyusahin pengguna, setiap mau daftar selalu re-log trus selalu salah di passwordnya kalo ga password NIK yang salah padahal udah sesuai semua. Tolong banget upgrade aplikasinya jangan nyusahin rakyat mulu. Gaji kalian dari rakyat jangan cuma enaknya doang tapi ga ngenakin rakyat/penggunanya. BLOK",1,2026-06-22,7,Juni,negatif,aplikasi aneh nyusahin pengguna setiap mau daftar selalu re log trus selalu salah di passwordnya kalo ga password nik yang salah padahal udah sesuai semua tolong banget upgrade aplikasinya jangan nyusahin rakyat mulu gaji kalian dari rakyat jangan cuma enaknya doang tapi ga ngenakin rakyat penggunanya blok,aplikasi aneh menyusahkan pengguna setiap mau daftar selalu login ulang terus selalu salah di kata sandinya kalau tidak kata sandi nik yang salah padahal sudah sesuai semua tolong sangat upgrade aplikasinya jangan menyusahkan rakyat terus-menerus gaji kalian dari rakyat jangan hanya enaknya saja tapi tidak memudahkan rakyat penggunanya blok,"['aplikasi', 'aneh', 'menyusahkan', 'pengguna', 'setiap', 'mau', 'daftar', 'selalu', 'login', 'ulang', 'terus', 'selalu', 'salah', 'di', 'kata', 'sandinya', 'kalau', 'tidak', 'kata', 'sandi', 'nik', 'yang', 'salah', 'padahal', 'sudah', 'sesuai', 'semua', 'tolong', 'sangat', 'upgrade', 'aplikasinya', 'jangan', 'menyusahkan', 'rakyat', 'terus-menerus', 'gaji', 'kalian', 'dari', 'rakyat', 'jangan', 'hanya', 'enaknya', 'saja', 'tapi', 'tidak', 'memudahkan', 'rakyat', 'penggunanya', 'blok']","['aplikasi', 'aneh', 'menyusahkan', 'pengguna', 'mau', 'daftar', 'selalu', 'login', 'ulang', 'terus', 'selalu', 'salah', 'kata', 'sandinya', 'kalau', 'tidak', 'kata', 'sandi', 'nik', 'salah', 'padahal', 'sesuai', 'semua', 'sangat', 'upgrade', 'aplikasinya', 'jangan', 'menyusahkan', 'rakyat', 'terus-menerus', 'gaji', 'kalian', 'rakyat', 'jangan', 'enaknya', 'tidak', 'memudahkan', 'rakyat', 'penggunanya', 'blok']","['aplikasi', 'aneh', 'menyusahkan', 'pengguna', 'mau', 'daftar', 'selalu', 'login', 'ulang', 'terus', 'selalu', 'salah', 'kata', 'sandinya', 'kalau', 'tidak', 'tidak_kata', 'sandi', 'nik', 'salah', 'padahal', 'sesuai', 'semua', 'sangat', 'upgrade', 'aplikasinya', 'jangan', 'menyusahkan', 'rakyat', 'terus-menerus', 'gaji', 'kalian', 'rakyat', 'jangan', 'enaknya', 'tidak', 'tidak_memudahkan', 'rakyat', 'penggunanya', 'blok']","['aplikasi', 'aneh', 'susah', 'guna', 'mau', 'daftar', 'selalu', 'login', 'ulang', 'terus', 'selalu', 'salah', 'kata', 'sandi', 'kalau', 'tidak', 'tidak_kata', 'sandi', 'nik', 'salah', 'padahal', 'sesuai', 'semua', 'sangat', 'upgrade', 'aplikasi', 'jangan', 'susah', 'rakyat', 'terus', 'gaji', 'kalian', 'rakyat', 'jangan', 'enak', 'tidak', 'tidak_mudah', 'rakyat', 'guna', 'blok']",aplikasi aneh susah guna mau daftar selalu login ulang terus selalu salah kata sandi kalau tidak tidak_kata sandi nik salah padahal sesuai semua sangat upgrade aplikasi jangan susah rakyat terus gaji kalian rakyat jangan enak tidak tidak_mudah rakyat guna blok
23ff9191-535b-49a7-b536-bd9cd0023859,"aplikasi nya jelek, log out terus, gangguan terus, menyulitkan pengguna",1,2026-06-23,9,Juni,negatif,aplikasi nya jelek log out terus gangguan terus menyulitkan pengguna,aplikasi nya jelek logout terus gangguan terus menyulitkan pengguna,"['aplikasi', 'nya', 'jelek', 'logout', 'terus', 'gangguan', 'terus', 'menyulitkan', 'pengguna']","['aplikasi', 'jelek', 'logout', 'terus', 'gangguan', 'terus', 'menyulitkan', 'pengguna']","['aplikasi', 'jelek', 'logout', 'terus', 'gangguan', 'terus', 'menyulitkan', 'pengguna']","['aplikasi', 'jelek', 'logout', 'terus', 'ganggu', 'terus', 'sulit', 'guna']",aplikasi jelek logout terus ganggu terus sulit guna
241cc8c2-ef53-4e16-b99d-d304e69d167e,mohon di tingkatkan kembali,5,2026-07-30,16,Juli,netral,mohon di tingkatkan kembali,mohon di tingkatkan kembali,"['mohon', 'di', 'tingkatkan', 'kembali']","['mohon', 'tingkatkan']","['mohon', 'tingkatkan']","['mohon', 'tingkat']",mohon tingkat
2470d26a-9a83-4db6-a0da-7547e29b2398,aplikasi ccat njih,1,2026-08-06,9,Agustus,negatif,aplikasi ccat njih,aplikasi cacat njih,"['aplikasi', 'cacat', 'njih']","['aplikasi', 'cacat', 'njih']","['aplikasi', 'cacat', 'njih']","['aplikasi', 'cacat', 'njih']",aplikasi cacat njih
25160ba7-1639-4b23-94d8-742a6cd6176d,"saya Wazany Fauzie Aulia, maaf saya baru tau harus mendaftar dulu ke Mobile JKN kalau mau buat Rujukan RSAU dr.Esnawan Antariksa. Halim.Perdanakusuma,dan saya tidak tau faswort JKN .",4,2026-06-16,17,Juni,netral,saya wazany fauzie aulia maaf saya baru tau harus mendaftar dulu ke mobile jkn kalau mau buat rujukan rsau dr esnawan antariksa halim perdanakusuma dan saya tidak tau faswort jkn,saya wazany fauzie aulia maaf saya baru tahu harus mendaftar dulu ke mobile jkn kalau mau buat rujukan rsau dari esnawan antariksa halim perdanakusuma dan saya tidak tahu faswort jkn,"['saya', 'wazany', 'fauzie', 'aulia', 'maaf', 'saya', 'baru', 'tahu', 'harus', 'mendaftar', 'dulu', 'ke', 'mobile', 'jkn', 'kalau', 'mau', 'buat', 'rujukan', 'rsau', 'dari', 'esnawan', 'antariksa', 'halim', 'perdanakusuma', 'dan', 'saya', 'tidak', 'tahu', 'faswort', 'jkn']","['wazany', 'fauzie', 'aulia', 'maaf', 'baru', 'tahu', 'mendaftar', 'dulu', 'mobile', 'jkn', 'kalau', 'mau', 'buat', 'rujukan', 'rsau', 'esnawan', 'antariksa', 'halim', 'perdanakusuma', 'tidak', 'tahu', 'faswort', 'jkn']","['wazany', 'fauzie', 'aulia', 'maaf', 'baru', 'tahu', 'mendaftar', 'dulu', 'mobile', 'jkn', 'kalau', 'mau', 'buat', 'rujukan', 'rsau', 'esnawan', 'antariksa', 'halim', 'perdanakusuma', 'tidak', 'tidak_tahu', 'faswort', 'jkn']","['wazany', 'fauzie', 'aulia', 'maaf', 'baru', 'tahu', 'daftar', 'dulu', 'mobile', 'jkn', 'kalau', 'mau', 'buat', 'rujuk', 'rsau', 'esnawan', 'antariksa', 'halim', 'perdanakusuma', 'tidak', 'tidak_tahu', 'faswort', 'jkn']",wazany fauzie aulia maaf baru tahu daftar dulu mobile jkn kalau mau buat rujuk rsau esnawan antariksa halim perdanakusuma tidak tidak_tahu faswort jkn
256d0ade-239d-444f-adbc-d8bf3a660294,lelet ya sumpah orang lagi sakit darurat lelet serba lelet,1,2026-08-18,20,Agustus,negatif,lelet ya sumpah orang lagi sakit darurat lelet serba lelet,lambat ya sumpah orang lagi sakit darurat lambat serba lambat,"['lambat', 'ya', 'sumpah', 'orang', 'lagi', 'sakit', 'darurat', 'lambat', 'serba', 'lambat']","['lambat', 'sumpah', 'orang', 'sakit', 'darurat', 'lambat', 'serba', 'lambat']","['lambat', 'sumpah', 'orang', 'sakit', 'darurat', 'lambat', 'serba', 'lambat']","['lambat', 'sumpah', 'orang', 'sakit', 'darurat', 'lambat', 'serba', 'lambat']",lambat sumpah orang sakit darurat lambat serba lambat
2599f77c-95a6-4a3a-bf31-8b3153255fab,"gak guna ini apk, buatt streess ajh, masaa kode OTP nya gak kekirim"" udah nyoba 3 nomor sama ajah gak masukkk, tolong di perbaiki",1,2026-08-07,18,Agustus,negatif,gak guna ini apk buatt streess ajh masaa kode otp nya gak kekirim udah nyoba 3 nomor sama ajah gak masukkk tolong di perbaiki,tidak berguna ini aplikasi buat stres saja masa kode otp nya tidak terkirim sudah mencoba 3 nomor sama saja tidak masuk tolong diperbaiki,"['tidak', 'berguna', 'ini', 'aplikasi', 'buat', 'stres', 'saja', 'masa', 'kode', 'otp', 'nya', 'tidak', 'terkirim', 'sudah', 'mencoba', '3', 'nomor', 'sama', 'saja', 'tidak', 'masuk', 'tolong', 'diperbaiki']","['tidak', 'berguna', 'aplikasi', 'buat', 'stres', 'masa', 'kode', 'otp', 'tidak', 'terkirim', 'mencoba', '3', 'nomor', 'sama', 'tidak', 'masuk', 'diperbaiki']","['tidak', 'tidak_berguna', 'aplikasi', 'buat', 'stres', 'masa', 'kode', 'otp', 'tidak', 'tidak_terkirim', 'mencoba', '3', 'nomor', 'sama', 'tidak', 'tidak_masuk', 'diperbaiki']","['tidak', 'tidak_guna', 'aplikasi', 'buat', 'stres', 'masa', 'kode', 'otp', 'tidak', 'tidak_kirim', 'coba', '3', 'nomor', 'sama', 'tidak', 'tidak_masuk', 'perbaiki']",tidak tidak_guna aplikasi buat stres masa kode otp tidak tidak_kirim coba 3 nomor sama tidak tidak_masuk perbaiki
259f6b01-a295-4250-8fb9-4574df639324,Proses layanan pindah paskes..,5,2026-08-07,10,Agustus,netral,proses layanan pindah paskes,proses layanan pindah faskes,"['proses', 'layanan', 'pindah', 'faskes']","['proses', 'layanan', 'pindah', 'faskes']","['proses', 'layanan', 'pindah', 'faskes']","['proses', 'layan', 'pindah', 'faskes']",proses layan pindah faskes
25c45dca-7e33-420f-8197-a82d99ee1df5,"ckck tidak kompatibel bossku, yang benar aja bikin aplikasi. buang2 anggaran saja.",1,2026-07-02,16,Juli,negatif,ckck tidak kompatibel bossku yang benar aja bikin aplikasi buang2 anggaran saja,ckck tidak kompatibel bossku yang benar saja membuat aplikasi buang-buang anggaran saja,"['ckck', 'tidak', 'kompatibel', 'bossku', 'yang', 'benar', 'saja', 'membuat', 'aplikasi', 'buang-buang', 'anggaran', 'saja']","['ckck', 'tidak', 'kompatibel', 'bossku', 'benar', 'membuat', 'aplikasi', 'buang-buang', 'anggaran']","['ckck', 'tidak', 'tidak_kompatibel', 'bossku', 'benar', 'membuat', 'aplikasi', 'buang-buang', 'anggaran']","['ckck', 'tidak', 'tidak_kompatibel', 'bossku', 'benar', 'buat', 'aplikasi', 'buang', 'anggar']",ckck tidak tidak_kompatibel bossku benar buat aplikasi buang anggar
25cb3c5d-5013-4b63-84b4-52f676ec7d4b,jelek banget aplikasinya,1,2026-06-01,18,Juni,negatif,jelek banget aplikasinya,jelek sangat aplikasinya,"['jelek', 'sangat', 'aplikasinya']","['jelek', 'sangat', 'aplikasinya']","['jelek', 'sangat', 'aplikasinya']","['jelek', 'sangat', 'aplikasi']",jelek sangat aplikasi
25e4c2b7-a814-4801-b770-1ac63e303ed1,dibantu petugas puskesmas Leuwiliang untuk daftar,5,2026-07-02,10,Juli,netral,dibantu petugas puskesmas leuwiliang untuk daftar,dibantu petugas puskesmas leuwiliang untuk daftar,"['dibantu', 'petugas', 'puskesmas', 'leuwiliang', 'untuk', 'daftar']","['dibantu', 'petugas', 'puskesmas', 'leuwiliang', 'daftar']","['dibantu', 'petugas', 'puskesmas', 'leuwiliang', 'daftar']","['bantu', 'tugas', 'puskesmas', 'leuwiliang', 'daftar']",bantu tugas puskesmas leuwiliang daftar
25eb19fd-325a-4c6a-900c-d8941c745880,"sudah dapat surat rujukan tapi tidak bisa antrie. selalu saja penuh, padahal baru 7",3,2026-06-23,17,Juni,negatif,sudah dapat surat rujukan tapi tidak bisa antrie selalu saja penuh padahal baru 7,sudah dapat surat rujukan tapi tidak bisa antre selalu saja penuh padahal baru 7,"['sudah', 'dapat', 'surat', 'rujukan', 'tapi', 'tidak', 'bisa', 'antre', 'selalu', 'saja', 'penuh', 'padahal', 'baru', '7']","['surat', 'rujukan', 'tidak', 'antre', 'selalu', 'penuh', 'padahal', 'baru', '7']","['surat', 'rujukan', 'tidak', 'tidak_antre', 'selalu', 'penuh', 'padahal', 'baru', '7']","['surat', 'rujuk', 'tidak', 'tidak_antre', 'selalu', 'penuh', 'padahal', 'baru', '7']",surat rujuk tidak tidak_antre selalu penuh padahal baru 7
26117fbf-7a64-4564-aeca-a3f06fbaca97,dibantudi daftarkan oleh pak ilham puskesmas leuwiliang,5,2026-06-18,11,Juni,netral,dibantudi daftarkan oleh pak ilham puskesmas leuwiliang,dibantudi daftarkan oleh pak ilham puskesmas leuwiliang,"['dibantudi', 'daftarkan', 'oleh', 'pak', 'ilham', 'puskesmas', 'leuwiliang']","['dibantudi', 'daftarkan', 'pak', 'ilham', 'puskesmas', 'leuwiliang']","['dibantudi', 'daftarkan', 'pak', 'ilham', 'puskesmas', 'leuwiliang']","['dibantudi', 'daftar', 'pak', 'ilham', 'puskesmas', 'leuwiliang']",dibantudi daftar pak ilham puskesmas leuwiliang
2611ce4c-5cdd-432a-86e5-8600a50f95ad,maksudnya ini bagaimana tolong lah,5,2026-07-31,18,Juli,negatif,maksudnya ini bagaimana tolong lah,maksudnya ini bagaimana tolong lah,"['maksudnya', 'ini', 'bagaimana', 'tolong', 'lah']","['maksudnya', 'bagaimana', 'lah']","['maksudnya', 'bagaimana', 'lah']","['maksud', 'bagaimana', 'lah']",maksud bagaimana lah
262fe614-701a-4821-ad3f-cecd2e92c7c7,ok mobile jkn,5,2026-06-22,7,Juni,positif,ok mobile jkn,oke mobile jkn,"['oke', 'mobile', 'jkn']","['oke', 'mobile', 'jkn']","['oke', 'mobile', 'jkn']","['oke', 'mobile', 'jkn']",oke mobile jkn
265de804-8a14-40af-b3c6-6cf440ece211,"udh terdaftar trus kluar sendiri terus harus login lagi, karena kode caphca nya salah trus padahl udah bener jadi nya ga bisa masuk akun nya lagi. tolong lah perbaiki lagi harusnya pemerintah gaush nyaranin kalo apk nya sering eror kya gini!",1,2026-08-03,9,Agustus,negatif,udh terdaftar trus kluar sendiri terus harus login lagi karena kode caphca nya salah trus padahl udah bener jadi nya ga bisa masuk akun nya lagi tolong lah perbaiki lagi harusnya pemerintah gaush nyaranin kalo apk nya sering eror kya gini,sudah terdaftar terus keluar sendiri terus harus login lagi karena kode captcha nya salah terus padahal sudah benar jadi nya tidak bisa masuk akun nya lagi tolong lah perbaiki lagi seharusnya pemerintah tidak usah menyarankan kalau aplikasi nya sering error seperti begini,"['sudah', 'terdaftar', 'terus', 'keluar', 'sendiri', 'terus', 'harus', 'login', 'lagi', 'karena', 'kode', 'captcha', 'nya', 'salah', 'terus', 'padahal', 'sudah', 'benar', 'jadi', 'nya', 'tidak', 'bisa', 'masuk', 'akun', 'nya', 'lagi', 'tolong', 'lah', 'perbaiki', 'lagi', 'seharusnya', 'pemerintah', 'tidak', 'usah', 'menyarankan', 'kalau', 'aplikasi', 'nya', 'sering', 'error', 'seperti', 'begini']","['terdaftar', 'terus', 'keluar', 'sendiri', 'terus', 'login', 'kode', 'captcha', 'salah', 'terus', 'padahal', 'benar', 'jadi', 'tidak', 'masuk', 'akun', 'lah', 'perbaiki', 'pemerintah', 'tidak', 'usah', 'menyarankan', 'kalau', 'aplikasi', 'sering', 'error', 'begini']","['terdaftar', 'terus', 'keluar', 'sendiri', 'terus', 'login', 'kode', 'captcha', 'salah', 'terus', 'padahal', 'benar', 'jadi', 'tidak', 'tidak_masuk', 'akun', 'lah', 'perbaiki', 'pemerintah', 'tidak', 'tidak_usah', 'menyarankan', 'kalau', 'aplikasi', 'sering', 'error', 'begini']","['daftar', 'terus', 'keluar', 'sendiri', 'terus', 'login', 'kode', 'captcha', 'salah', 'terus', 'padahal', 'benar', 'jadi', 'tidak', 'tidak_masuk', 'akun', 'lah', 'perbaiki', 'perintah', 'tidak', 'tidak_usah', 'saran', 'kalau', 'aplikasi', 'sering', 'error', 'begini']",daftar terus keluar sendiri terus login kode captcha salah terus padahal benar jadi tidak tidak_masuk akun lah perbaiki perintah tidak tidak_usah saran kalau aplikasi sering error begini
2735a60d-7eac-41d3-b183-eff834985344,"hana jelah, aplikasi,",1,2026-08-19,16,Agustus,netral,hana jelah aplikasi,hanya jelek aplikasi,"['hanya', 'jelek', 'aplikasi']","['jelek', 'aplikasi']","['jelek', 'aplikasi']","['jelek', 'aplikasi']",jelek aplikasi
273e9cfd-edfb-4fc5-aa89-4b22626bd6f0,kode otp ga masuk²!!!!!! padahal jaringan bagus,1,2026-07-09,9,Juli,negatif,kode otp ga masuk2 padahal jaringan bagus,kode otp tidak masuk padahal jaringan bagus,"['kode', 'otp', 'tidak', 'masuk', 'padahal', 'jaringan', 'bagus']","['kode', 'otp', 'tidak', 'masuk', 'padahal', 'jaringan', 'bagus']","['kode', 'otp', 'tidak', 'tidak_masuk', 'padahal', 'jaringan', 'bagus']","['kode', 'otp', 'tidak', 'tidak_masuk', 'padahal', 'jaring', 'bagus']",kode otp tidak tidak_masuk padahal jaring bagus
2777255f-e177-4c2b-905c-6dd86fcb71f1,mohon diperbaiki layanannya..,2,2026-06-23,16,Juni,netral,mohon diperbaiki layanannya,mohon diperbaiki layanannya,"['mohon', 'diperbaiki', 'layanannya']","['mohon', 'diperbaiki', 'layanannya']","['mohon', 'diperbaiki', 'layanannya']","['mohon', 'perbaiki', 'layan']",mohon perbaiki layan
277793c3-d934-4d38-9900-5356b14bf9a0,gini amat🗿,1,2026-06-29,17,Juni,negatif,gini amat,begini amat,"['begini', 'amat']",['begini'],['begini'],['begini'],begini
277f87dc-9a12-4260-a9d8-83cd149b422e,"aplikasi nya jelek banget banget sumpah, aku mau daftar malah tah kemana lari nya, mana verifikasi nya ga ada terkirim"", verifikasi wajah nya juga ngelek"" pliis deh di perbagus kan lagi",1,2026-07-28,21,Juli,negatif,aplikasi nya jelek banget banget sumpah aku mau daftar malah tah kemana lari nya mana verifikasi nya ga ada terkirim verifikasi wajah nya juga ngelek pliis deh di perbagus kan lagi,aplikasi nya jelek sangat sangat sumpah aku mau daftar malah tah ke mana lari nya mana verifikasi nya tidak ada terkirim verifikasi wajah nya juga lambat tolong deh diperbaiki kan lagi,"['aplikasi', 'nya', 'jelek', 'sangat', 'sangat', 'sumpah', 'aku', 'mau', 'daftar', 'malah', 'tah', 'ke', 'mana', 'lari', 'nya', 'mana', 'verifikasi', 'nya', 'tidak', 'ada', 'terkirim', 'verifikasi', 'wajah', 'nya', 'juga', 'lambat', 'tolong', 'deh', 'diperbaiki', 'kan', 'lagi']","['aplikasi', 'jelek', 'sangat', 'sangat', 'sumpah', 'aku', 'mau', 'daftar', 'malah', 'tah', 'mana', 'lari', 'mana', 'verifikasi', 'tidak', 'terkirim', 'verifikasi', 'wajah', 'lambat', 'deh', 'diperbaiki', 'kan']","['aplikasi', 'jelek', 'sangat', 'sangat', 'sumpah', 'aku', 'mau', 'daftar', 'malah', 'tah', 'mana', 'lari', 'mana', 'verifikasi', 'tidak', 'tidak_terkirim', 'verifikasi', 'wajah', 'lambat', 'deh', 'diperbaiki', 'kan']","['aplikasi', 'jelek', 'sangat', 'sangat', 'sumpah', 'aku', 'mau', 'daftar', 'malah', 'tah', 'mana', 'lari', 'mana', 'verifikasi', 'tidak', 'tidak_kirim', 'verifikasi', 'wajah', 'lambat', 'deh', 'perbaiki', 'kan']",aplikasi jelek sangat sangat sumpah aku mau daftar malah tah mana lari mana verifikasi tidak tidak_kirim verifikasi wajah lambat deh perbaiki kan
27e82288-2022-4d3a-a290-fd1af62f1203,Alhamdulillah apk JKN sangat membantu mempermudah segalanya🙏,5,2026-06-14,18,Juni,positif,alhamdulillah apk jkn sangat membantu mempermudah segalanya,alhamdulillah aplikasi jkn sangat membantu mempermudah segalanya,"['alhamdulillah', 'aplikasi', 'jkn', 'sangat', 'membantu', 'mempermudah', 'segalanya']","['alhamdulillah', 'aplikasi', 'jkn', 'sangat', 'membantu', 'mempermudah', 'segalanya']","['alhamdulillah', 'aplikasi', 'jkn', 'sangat', 'membantu', 'mempermudah', 'segalanya']","['alhamdulillah', 'aplikasi', 'jkn', 'sangat', 'bantu', 'mudah', 'segala']",alhamdulillah aplikasi jkn sangat bantu mudah segala
2809df0c-494f-4dcb-a90f-f234d0b8666e,"tahu sih dananya pasti besar buat bikin nih apps, walau ujung-ujungnya uang ke vendor cuma dikit makanya banyak bener bug dan error di aplikasi ini, cuma jangan menyulitkan orng aja dah, niat berobat suruh daftar pakai jkn lah, tpi dipakai aja banyak masalah",1,2026-06-30,21,Juni,negatif,tahu sih dananya pasti besar buat bikin nih apps walau ujung ujungnya uang ke vendor cuma dikit makanya banyak bener bug dan error di aplikasi ini cuma jangan menyulitkan orng aja dah niat berobat suruh daftar pakai jkn lah tpi dipakai aja banyak masalah,tahu sih dananya pasti besar buat membuat ini aplikasi walau ujung ujungnya uang ke vendor hanya sedikit makanya banyak benar gangguan sistem dan error di aplikasi ini hanya jangan menyulitkan orang saja sudah niat berobat menyuruh daftar pakai jkn lah tapi dipakai saja banyak masalah,"['tahu', 'sih', 'dananya', 'pasti', 'besar', 'buat', 'membuat', 'ini', 'aplikasi', 'walau', 'ujung', 'ujungnya', 'uang', 'ke', 'vendor', 'hanya', 'sedikit', 'makanya', 'banyak', 'benar', 'gangguan', 'sistem', 'dan', 'error', 'di', 'aplikasi', 'ini', 'hanya', 'jangan', 'menyulitkan', 'orang', 'saja', 'sudah', 'niat', 'berobat', 'menyuruh', 'daftar', 'pakai', 'jkn', 'lah', 'tapi', 'dipakai', 'saja', 'banyak', 'masalah']","['tahu', 'sih', 'dananya', 'besar', 'buat', 'membuat', 'aplikasi', 'ujung', 'ujungnya', 'uang', 'vendor', 'sedikit', 'makanya', 'banyak', 'benar', 'gangguan', 'sistem', 'error', 'aplikasi', 'jangan', 'menyulitkan', 'orang', 'niat', 'berobat', 'menyuruh', 'daftar', 'pakai', 'jkn', 'lah', 'dipakai', 'banyak', 'masalah']","['tahu', 'sih', 'dananya', 'besar', 'buat', 'membuat', 'aplikasi', 'ujung', 'ujungnya', 'uang', 'vendor', 'sedikit', 'makanya', 'banyak', 'benar', 'gangguan', 'sistem', 'error', 'aplikasi', 'jangan', 'menyulitkan', 'orang', 'niat', 'berobat', 'menyuruh', 'daftar', 'pakai', 'jkn', 'lah', 'dipakai', 'banyak', 'masalah']","['tahu', 'sih', 'dana', 'besar', 'buat', 'buat', 'aplikasi', 'ujung', 'ujung', 'uang', 'vendor', 'sedikit', 'makanya', 'banyak', 'benar', 'ganggu', 'sistem', 'error', 'aplikasi', 'jangan', 'sulit', 'orang', 'niat', 'obat', 'suruh', 'daftar', 'pakai', 'jkn', 'lah', 'pakai', 'banyak', 'masalah']",tahu sih dana besar buat buat aplikasi ujung ujung uang vendor sedikit makanya banyak benar ganggu sistem error aplikasi jangan sulit orang niat obat suruh daftar pakai jkn lah pakai banyak masalah
281ea6d8-0b89-4bfd-8b61-f229a7df53c1,apk yg sangat membantu dan mudah.tks,5,2026-06-04,19,Juni,positif,apk yg sangat membantu dan mudah tks,aplikasi yang sangat membantu dan mudah terima kasih,"['aplikasi', 'yang', 'sangat', 'membantu', 'dan', 'mudah', 'terima', 'kasih']","['aplikasi', 'sangat', 'membantu', 'mudah', 'terima', 'kasih']","['aplikasi', 'sangat', 'membantu', 'mudah', 'terima', 'kasih']","['aplikasi', 'sangat', 'bantu', 'mudah', 'terima', 'kasih']",aplikasi sangat bantu mudah terima kasih
28481ecc-6ce7-4e14-a258-ed0d4156d602,tidak bisa saya install,5,2026-06-30,17,Juni,negatif,tidak bisa saya install,tidak bisa saya instal,"['tidak', 'bisa', 'saya', 'instal']","['tidak', 'instal']","['tidak', 'tidak_instal']","['tidak', 'tidak_instal']",tidak tidak_instal
28b0bfd8-02f4-4f5d-b6d7-716a00ec6a06,kenapa jelek banget jaringan mobile jkn ini susah kali buka nya,1,2026-07-01,2,Juli,negatif,kenapa jelek banget jaringan mobile jkn ini susah kali buka nya,kenapa jelek sangat jaringan mobile jkn ini susah kali buka nya,"['kenapa', 'jelek', 'sangat', 'jaringan', 'mobile', 'jkn', 'ini', 'susah', 'kali', 'buka', 'nya']","['jelek', 'sangat', 'jaringan', 'mobile', 'jkn', 'susah', 'kali', 'buka']","['jelek', 'sangat', 'jaringan', 'mobile', 'jkn', 'susah', 'kali', 'buka']","['jelek', 'sangat', 'jaring', 'mobile', 'jkn', 'susah', 'kali', 'buka']",jelek sangat jaring mobile jkn susah kali buka
28d82675-afa7-4bdb-ac69-4017aaf89f17,bagus,5,2026-07-20,13,Juli,positif,bagus,bagus,['bagus'],['bagus'],['bagus'],['bagus'],bagus
291242d4-89d1-460a-ad22-68e430ab2315,"Layanan kesehatan prima, terimakasih",5,2026-08-03,5,Agustus,positif,layanan kesehatan prima terimakasih,layanan kesehatan prima terima kasih,"['layanan', 'kesehatan', 'prima', 'terima', 'kasih']","['layanan', 'kesehatan', 'prima', 'terima', 'kasih']","['layanan', 'kesehatan', 'prima', 'terima', 'kasih']","['layan', 'sehat', 'prima', 'terima', 'kasih']",layan sehat prima terima kasih
2938d327-763e-499f-a8b2-4e5b71bf256f,aplikasi bosok,1,2026-06-07,13,Juni,negatif,aplikasi bosok,aplikasi busuk,"['aplikasi', 'busuk']","['aplikasi', 'busuk']","['aplikasi', 'busuk']","['aplikasi', 'busuk']",aplikasi busuk
29421f51-7811-4eb2-bb4e-9ecdbc0bfb2d,sangat susah mencari surat rujukan digital,2,2026-06-03,20,Juni,negatif,sangat susah mencari surat rujukan digital,sangat susah mencari surat rujukan digital,"['sangat', 'susah', 'mencari', 'surat', 'rujukan', 'digital']","['sangat', 'susah', 'mencari', 'surat', 'rujukan', 'digital']","['sangat', 'susah', 'mencari', 'surat', 'rujukan', 'digital']","['sangat', 'susah', 'cari', 'surat', 'rujuk', 'digital']",sangat susah cari surat rujuk digital
294c5376-e29d-4411-9872-cca89c6c9a48,sangat membantu,5,2026-06-16,16,Juni,positif,sangat membantu,sangat membantu,"['sangat', 'membantu']","['sangat', 'membantu']","['sangat', 'membantu']","['sangat', 'bantu']",sangat bantu
294cc488-e352-4ce5-aa9f-62f0b7325285,saya sebagai pengggunaan selalu bayar coba klw kartu nya itu di bedakan yg bayar sama yg gratis supaya keliatan fasilitas nyaa gtu,5,2026-07-07,17,Juli,netral,saya sebagai pengggunaan selalu bayar coba klw kartu nya itu di bedakan yg bayar sama yg gratis supaya keliatan fasilitas nyaa gtu,saya sebagai penggunaan selalu bayar coba kalau kartu nya itu di bedakan yang bayar sama yang gratis supaya terlihat fasilitas nya begitu,"['saya', 'sebagai', 'penggunaan', 'selalu', 'bayar', 'coba', 'kalau', 'kartu', 'nya', 'itu', 'di', 'bedakan', 'yang', 'bayar', 'sama', 'yang', 'gratis', 'supaya', 'terlihat', 'fasilitas', 'nya', 'begitu']","['penggunaan', 'selalu', 'bayar', 'coba', 'kalau', 'kartu', 'bedakan', 'bayar', 'sama', 'gratis', 'terlihat', 'fasilitas']","['penggunaan', 'selalu', 'bayar', 'coba', 'kalau', 'kartu', 'bedakan', 'bayar', 'sama', 'gratis', 'terlihat', 'fasilitas']","['guna', 'selalu', 'bayar', 'coba', 'kalau', 'kartu', 'beda', 'bayar', 'sama', 'gratis', 'lihat', 'fasilitas']",guna selalu bayar coba kalau kartu beda bayar sama gratis lihat fasilitas
297a2992-4fc9-469c-b1cb-80a2f5833cda,system berjalan dengan baik,5,2026-07-02,0,Juli,positif,system berjalan dengan baik,sistem berjalan dengan baik,"['sistem', 'berjalan', 'dengan', 'baik']","['sistem', 'berjalan', 'baik']","['sistem', 'berjalan', 'baik']","['sistem', 'jalan', 'baik']",sistem jalan baik
29cdcd2f-b9f3-42a4-ad29-68e86428a3d4,dibantu pembuatannya oleh staff puskesmas Leuwiliang,5,2026-06-19,9,Juni,netral,dibantu pembuatannya oleh staff puskesmas leuwiliang,dibantu pembuatannya oleh staf puskesmas leuwiliang,"['dibantu', 'pembuatannya', 'oleh', 'staf', 'puskesmas', 'leuwiliang']","['dibantu', 'pembuatannya', 'staf', 'puskesmas', 'leuwiliang']","['dibantu', 'pembuatannya', 'staf', 'puskesmas', 'leuwiliang']","['bantu', 'buat', 'staf', 'puskesmas', 'leuwiliang']",bantu buat staf puskesmas leuwiliang
29e247c8-2ad1-496c-8b0b-3e121617a75d,kadang akun nya bisa keluar sendiri jadi harus masuk daftar ulangg,5,2026-06-03,17,Juni,negatif,kadang akun nya bisa keluar sendiri jadi harus masuk daftar ulangg,kadang akun nya bisa keluar sendiri jadi harus masuk daftar ulang,"['kadang', 'akun', 'nya', 'bisa', 'keluar', 'sendiri', 'jadi', 'harus', 'masuk', 'daftar', 'ulang']","['kadang', 'akun', 'keluar', 'sendiri', 'jadi', 'masuk', 'daftar', 'ulang']","['kadang', 'akun', 'keluar', 'sendiri', 'jadi', 'masuk', 'daftar', 'ulang']","['kadang', 'akun', 'keluar', 'sendiri', 'jadi', 'masuk', 'daftar', 'ulang']",kadang akun keluar sendiri jadi masuk daftar ulang
2a10c3ba-dfaa-4a0b-908e-35084b056346,"aplikasi taiiiik, untuk daftar aja susah nya kayak mau masuk akmil, aplikasi cacat",1,2026-07-30,10,Juli,negatif,aplikasi taiiiik untuk daftar aja susah nya kayak mau masuk akmil aplikasi cacat,aplikasi tahi untuk daftar saja susah nya kayak mau masuk akmil aplikasi cacat,"['aplikasi', 'tahi', 'untuk', 'daftar', 'saja', 'susah', 'nya', 'kayak', 'mau', 'masuk', 'akmil', 'aplikasi', 'cacat']","['aplikasi', 'tahi', 'daftar', 'susah', 'kayak', 'mau', 'masuk', 'akmil', 'aplikasi', 'cacat']","['aplikasi', 'tahi', 'daftar', 'susah', 'kayak', 'mau', 'masuk', 'akmil', 'aplikasi', 'cacat']","['aplikasi', 'tahi', 'daftar', 'susah', 'kayak', 'mau', 'masuk', 'akmil', 'aplikasi', 'cacat']",aplikasi tahi daftar susah kayak mau masuk akmil aplikasi cacat
2a39203f-0923-4d97-9eab-363f0e0f5c97,terbaik,5,2026-07-15,11,Juli,positif,terbaik,terbaik,['terbaik'],['terbaik'],['terbaik'],['baik'],baik
2a3c8612-9448-41d3-8845-1f52eae5887f,mau daftar susahnya minta ampun verifikasi nomer telpon gagal terus apk apaan ini,2,2026-07-17,17,Juli,negatif,mau daftar susahnya minta ampun verifikasi nomer telpon gagal terus apk apaan ini,mau daftar susah minta ampun verifikasi nomor telepon gagal terus aplikasi apa ini,"['mau', 'daftar', 'susah', 'minta', 'ampun', 'verifikasi', 'nomor', 'telepon', 'gagal', 'terus', 'aplikasi', 'apa', 'ini']","['mau', 'daftar', 'susah', 'minta', 'ampun', 'verifikasi', 'nomor', 'telepon', 'gagal', 'terus', 'aplikasi', 'apa']","['mau', 'daftar', 'susah', 'minta', 'ampun', 'verifikasi', 'nomor', 'telepon', 'gagal', 'terus', 'aplikasi', 'apa']","['mau', 'daftar', 'susah', 'minta', 'ampun', 'verifikasi', 'nomor', 'telepon', 'gagal', 'terus', 'aplikasi', 'apa']",mau daftar susah minta ampun verifikasi nomor telepon gagal terus aplikasi apa
2a52b494-64f2-48d3-a803-166d8297535b,ok,5,2026-06-04,13,Juni,positif,ok,oke,['oke'],['oke'],['oke'],['oke'],oke
2a6d725a-0279-41eb-b58e-68140074c88e,coba perbaikin dulu sistem captcah nya jelas2 sudah seusai malah di baca salah mulu.,1,2026-07-06,10,Juli,negatif,coba perbaikin dulu sistem captcah nya jelas2 sudah seusai malah di baca salah mulu,coba memperbaiki dulu sistem captcha nya jelas-jelas sudah seusai malah di baca salah terus-menerus,"['coba', 'memperbaiki', 'dulu', 'sistem', 'captcha', 'nya', 'jelas-jelas', 'sudah', 'seusai', 'malah', 'di', 'baca', 'salah', 'terus-menerus']","['coba', 'memperbaiki', 'dulu', 'sistem', 'captcha', 'jelas-jelas', 'seusai', 'malah', 'baca', 'salah', 'terus-menerus']","['coba', 'memperbaiki', 'dulu', 'sistem', 'captcha', 'jelas-jelas', 'seusai', 'malah', 'baca', 'salah', 'terus-menerus']","['coba', 'perbaiki', 'dulu', 'sistem', 'captcha', 'jelas', 'usai', 'malah', 'baca', 'salah', 'terus']",coba perbaiki dulu sistem captcha jelas usai malah baca salah terus
2a739fb8-a893-496a-966e-066d4f0f5968,bagus,5,2026-08-14,20,Agustus,positif,bagus,bagus,['bagus'],['bagus'],['bagus'],['bagus'],bagus
2aa82716-b7c0-4125-8912-28f593fe2ad0,sehat,5,2026-06-26,17,Juni,netral,sehat,sehat,['sehat'],['sehat'],['sehat'],['sehat'],sehat
2b6cec47-80e1-4845-a149-50065dbfdbcd,Lumayan cepat dan mudah,5,2026-08-08,9,Agustus,positif,lumayan cepat dan mudah,lumayan cepat dan mudah,"['lumayan', 'cepat', 'dan', 'mudah']","['lumayan', 'cepat', 'mudah']","['lumayan', 'cepat', 'mudah']","['lumayan', 'cepat', 'mudah']",lumayan cepat mudah
2ba1e101-70e2-433a-ab54-9e613f5d49e5,semoga kedepan semakin bagus dan mudah,5,2026-08-31,18,Agustus,netral,semoga kedepan semakin bagus dan mudah,semoga ke depan semakin bagus dan mudah,"['semoga', 'ke', 'depan', 'semakin', 'bagus', 'dan', 'mudah']","['semoga', 'depan', 'semakin', 'bagus', 'mudah']","['semoga', 'depan', 'semakin', 'bagus', 'mudah']","['moga', 'depan', 'makin', 'bagus', 'mudah']",moga depan makin bagus mudah
2bffa0c4-142d-465d-ba47-c98b13cbfd5c,"susah login, aplikasi gak bisa 7x24 jam padahal pelayanan masyarakat tapi harus sesuai jam operasional kantor AAANNNEEEHHH GGAAKK LLLOOOGGGIISSS!!!!",1,2026-07-22,10,Juli,negatif,susah login aplikasi gak bisa 7x24 jam padahal pelayanan masyarakat tapi harus sesuai jam operasional kantor aaannneeehhh ggaakk lllooogggiisss,susah login aplikasi tidak bisa 7 x 24 jam padahal pelayanan masyarakat tapi harus sesuai jam operasional kantor aneh tidak logis,"['susah', 'login', 'aplikasi', 'tidak', 'bisa', '7', 'x', '24', 'jam', 'padahal', 'pelayanan', 'masyarakat', 'tapi', 'harus', 'sesuai', 'jam', 'operasional', 'kantor', 'aneh', 'tidak', 'logis']","['susah', 'login', 'aplikasi', 'tidak', '7', 'x', '24', 'jam', 'padahal', 'pelayanan', 'masyarakat', 'sesuai', 'jam', 'operasional', 'kantor', 'aneh', 'tidak', 'logis']","['susah', 'login', 'aplikasi', 'tidak', 'tidak_7', 'x', '24', 'jam', 'padahal', 'pelayanan', 'masyarakat', 'sesuai', 'jam', 'operasional', 'kantor', 'aneh', 'tidak', 'tidak_logis']","['susah', 'login', 'aplikasi', 'tidak', 'tidak_7', 'x', '24', 'jam', 'padahal', 'layan', 'masyarakat', 'sesuai', 'jam', 'operasional', 'kantor', 'aneh', 'tidak', 'tidak_logis']",susah login aplikasi tidak tidak_7 x 24 jam padahal layan masyarakat sesuai jam operasional kantor aneh tidak tidak_logis
2c0cad25-e24f-478b-8248-7e16c3acdf57,tolong lebih dipermudah,5,2026-06-08,5,Juni,netral,tolong lebih dipermudah,tolong lebih dipermudah,"['tolong', 'lebih', 'dipermudah']","['lebih', 'dipermudah']","['lebih', 'dipermudah']","['lebih', 'mudah']",lebih mudah
2c31fb27-2f08-4c06-8e69-786d50ef1c53,"Sangat membantu dan bermanfaat banget buat kalangan rakyat kelas menengah kebawah, sukses terus BPJS ❤️❤️❤️",5,2026-07-10,11,Juli,positif,sangat membantu dan bermanfaat banget buat kalangan rakyat kelas menengah kebawah sukses terus bpjs,sangat membantu dan bermanfaat sangat buat kalangan rakyat kelas menengah ke bawah sukses terus bpjs,"['sangat', 'membantu', 'dan', 'bermanfaat', 'sangat', 'buat', 'kalangan', 'rakyat', 'kelas', 'menengah', 'ke', 'bawah', 'sukses', 'terus', 'bpjs']","['sangat', 'membantu', 'bermanfaat', 'sangat', 'buat', 'kalangan', 'rakyat', 'kelas', 'menengah', 'bawah', 'sukses', 'terus', 'bpjs']","['sangat', 'membantu', 'bermanfaat', 'sangat', 'buat', 'kalangan', 'rakyat', 'kelas', 'menengah', 'bawah', 'sukses', 'terus', 'bpjs']","['sangat', 'bantu', 'manfaat', 'sangat', 'buat', 'kalang', 'rakyat', 'kelas', 'tengah', 'bawah', 'sukses', 'terus', 'bpjs']",sangat bantu manfaat sangat buat kalang rakyat kelas tengah bawah sukses terus bpjs
2c564911-664a-4cd4-9746-33b89b2729ea,Beri fitur surat keterangan sehat maupun surat keterangan istirahat di aplikasi. Jadi biar ngga ribet bawa berkas dari faskes.,3,2026-06-24,8,Juni,netral,beri fitur surat keterangan sehat maupun surat keterangan istirahat di aplikasi jadi biar ngga ribet bawa berkas dari faskes,beri fitur surat keterangan sehat maupun surat keterangan istirahat di aplikasi jadi agar tidak rumit bawa berkas dari faskes,"['beri', 'fitur', 'surat', 'keterangan', 'sehat', 'maupun', 'surat', 'keterangan', 'istirahat', 'di', 'aplikasi', 'jadi', 'agar', 'tidak', 'rumit', 'bawa', 'berkas', 'dari', 'faskes']","['beri', 'fitur', 'surat', 'keterangan', 'sehat', 'maupun', 'surat', 'keterangan', 'istirahat', 'aplikasi', 'jadi', 'tidak', 'rumit', 'bawa', 'berkas', 'faskes']","['beri', 'fitur', 'surat', 'keterangan', 'sehat', 'maupun', 'surat', 'keterangan', 'istirahat', 'aplikasi', 'jadi', 'tidak', 'tidak_rumit', 'bawa', 'berkas', 'faskes']","['beri', 'fitur', 'surat', 'terang', 'sehat', 'maupun', 'surat', 'terang', 'istirahat', 'aplikasi', 'jadi', 'tidak', 'tidak_rumit', 'bawa', 'berkas', 'faskes']",beri fitur surat terang sehat maupun surat terang istirahat aplikasi jadi tidak tidak_rumit bawa berkas faskes
2c6a0d4e-07fc-4378-85ae-551d1503bfa4,APK JELEK!!!.,1,2026-07-20,16,Juli,negatif,apk jelek,aplikasi jelek,"['aplikasi', 'jelek']","['aplikasi', 'jelek']","['aplikasi', 'jelek']","['aplikasi', 'jelek']",aplikasi jelek
2c81d020-2c2b-46f7-bed8-6767d427f9a9,"MEMPERSULIT BUKAN MEMPERMUDAH MAU DAFTAR AJA RIBET BENER.. SAMPAI SKRNG BELUM BISA MASUK, TBTB KELUAR APLIKASI, KODE TIDAK TERKIRIM KAN!!!",1,2026-06-02,14,Juni,negatif,mempersulit bukan mempermudah mau daftar aja ribet bener sampai skrng belum bisa masuk tbtb keluar aplikasi kode tidak terkirim kan,mempersulit bukan mempermudah mau daftar saja rumit benar sampai sekarang belum bisa masuk tiba-tiba keluar aplikasi kode tidak terkirim kan,"['mempersulit', 'bukan', 'mempermudah', 'mau', 'daftar', 'saja', 'rumit', 'benar', 'sampai', 'sekarang', 'belum', 'bisa', 'masuk', 'tiba-tiba', 'keluar', 'aplikasi', 'kode', 'tidak', 'terkirim', 'kan']","['mempersulit', 'bukan', 'mempermudah', 'mau', 'daftar', 'rumit', 'benar', 'sekarang', 'masuk', 'tiba-tiba', 'keluar', 'aplikasi', 'kode', 'tidak', 'terkirim', 'kan']","['mempersulit', 'bukan', 'mempermudah', 'mau', 'daftar', 'rumit', 'benar', 'sekarang', 'masuk', 'tiba-tiba', 'keluar', 'aplikasi', 'kode', 'tidak', 'tidak_terkirim', 'kan']","['sulit', 'bukan', 'mudah', 'mau', 'daftar', 'rumit', 'benar', 'sekarang', 'masuk', 'tiba', 'keluar', 'aplikasi', 'kode', 'tidak', 'tidak_kirim', 'kan']",sulit bukan mudah mau daftar rumit benar sekarang masuk tiba keluar aplikasi kode tidak tidak_kirim kan
2cb3702b-5e02-4ba8-91d1-1e2660357a5c,"saya mengusulkan untuk info riwayat kesehatan jangan hanya satu orang saja, tapi harus yang ada diaplikasi di diberikan skrining kesehatan biar tahu riwayat penyakitnya semua anggota keluarga yang ada di aplikasi BPJS JKN",5,2026-08-19,16,Agustus,netral,saya mengusulkan untuk info riwayat kesehatan jangan hanya satu orang saja tapi harus yang ada diaplikasi di diberikan skrining kesehatan biar tahu riwayat penyakitnya semua anggota keluarga yang ada di aplikasi bpjs jkn,saya mengusulkan untuk info riwayat kesehatan jangan hanya satu orang saja tapi harus yang ada di aplikasi di diberikan skrining kesehatan agar tahu riwayat penyakitnya semua anggota keluarga yang ada di aplikasi bpjs jkn,"['saya', 'mengusulkan', 'untuk', 'info', 'riwayat', 'kesehatan', 'jangan', 'hanya', 'satu', 'orang', 'saja', 'tapi', 'harus', 'yang', 'ada', 'di', 'aplikasi', 'di', 'diberikan', 'skrining', 'kesehatan', 'agar', 'tahu', 'riwayat', 'penyakitnya', 'semua', 'anggota', 'keluarga', 'yang', 'ada', 'di', 'aplikasi', 'bpjs', 'jkn']","['mengusulkan', 'info', 'riwayat', 'kesehatan', 'jangan', 'satu', 'orang', 'aplikasi', 'diberikan', 'skrining', 'kesehatan', 'tahu', 'riwayat', 'penyakitnya', 'semua', 'anggota', 'keluarga', 'aplikasi', 'bpjs', 'jkn']","['mengusulkan', 'info', 'riwayat', 'kesehatan', 'jangan', 'satu', 'orang', 'aplikasi', 'diberikan', 'skrining', 'kesehatan', 'tahu', 'riwayat', 'penyakitnya', 'semua', 'anggota', 'keluarga', 'aplikasi', 'bpjs', 'jkn']","['usul', 'info', 'riwayat', 'sehat', 'jangan', 'satu', 'orang', 'aplikasi', 'beri', 'skrining', 'sehat', 'tahu', 'riwayat', 'sakit', 'semua', 'anggota', 'keluarga', 'aplikasi', 'bpjs', 'jkn']",usul info riwayat sehat jangan satu orang aplikasi beri skrining sehat tahu riwayat sakit semua anggota keluarga aplikasi bpjs jkn
2d0db8bc-e854-485f-8a16-53fd334028c6,semoga lebih baik pagi,5,2026-08-13,10,Agustus,netral,semoga lebih baik pagi,semoga lebih baik pagi,"['semoga', 'lebih', 'baik', 'pagi']","['semoga', 'lebih', 'baik', 'pagi']","['semoga', 'lebih', 'baik', 'pagi']","['moga', 'lebih', 'baik', 'pagi']",moga lebih baik pagi
2da8bc33-aea8-4acb-9ef1-23c02595432b,"apk rusak, lelet kalo ambil antrian. kalo ganti pas udah kasi masuk nomor verifikasi malah minta lagi mana nungguinnya harus nunggu waktu tunggu di verifikasi pertama",1,2026-06-16,0,Juni,negatif,apk rusak lelet kalo ambil antrian kalo ganti pas udah kasi masuk nomor verifikasi malah minta lagi mana nungguinnya harus nunggu waktu tunggu di verifikasi pertama,aplikasi rusak lambat kalau ambil antrean kalau ganti pas sudah beri masuk nomor verifikasi malah minta lagi mana menunggunya harus menunggu waktu tunggu di verifikasi pertama,"['aplikasi', 'rusak', 'lambat', 'kalau', 'ambil', 'antrean', 'kalau', 'ganti', 'pas', 'sudah', 'beri', 'masuk', 'nomor', 'verifikasi', 'malah', 'minta', 'lagi', 'mana', 'menunggunya', 'harus', 'menunggu', 'waktu', 'tunggu', 'di', 'verifikasi', 'pertama']","['aplikasi', 'rusak', 'lambat', 'kalau', 'ambil', 'antrean', 'kalau', 'ganti', 'pas', 'beri', 'masuk', 'nomor', 'verifikasi', 'malah', 'minta', 'mana', 'menunggunya', 'menunggu', 'waktu', 'tunggu', 'verifikasi', 'pertama']","['aplikasi', 'rusak', 'lambat', 'kalau', 'ambil', 'antrean', 'kalau', 'ganti', 'pas', 'beri', 'masuk', 'nomor', 'verifikasi', 'malah', 'minta', 'mana', 'menunggunya', 'menunggu', 'waktu', 'tunggu', 'verifikasi', 'pertama']","['aplikasi', 'rusak', 'lambat', 'kalau', 'ambil', 'antre', 'kalau', 'ganti', 'pas', 'beri', 'masuk', 'nomor', 'verifikasi', 'malah', 'minta', 'mana', 'tunggu', 'tunggu', 'waktu', 'tunggu', 'verifikasi', 'pertama']",aplikasi rusak lambat kalau ambil antre kalau ganti pas beri masuk nomor verifikasi malah minta mana tunggu tunggu waktu tunggu verifikasi pertama
2de6b811-5445-4736-95d8-1c26315ca66f,mantap betul,5,2026-06-27,10,Juni,positif,mantap betul,mantap betul,"['mantap', 'betul']","['mantap', 'betul']","['mantap', 'betul']","['mantap', 'betul']",mantap betul
2ec25f7e-37c0-4ecc-bb0d-901aa92d41b9,susah ah aksesnya. lemot juga. mau daftar mobile lama bener responnya,2,2026-06-09,8,Juni,negatif,susah ah aksesnya lemot juga mau daftar mobile lama bener responnya,susah ah aksesnya lambat juga mau daftar mobile lama benar responsnya,"['susah', 'ah', 'aksesnya', 'lambat', 'juga', 'mau', 'daftar', 'mobile', 'lama', 'benar', 'responsnya']","['susah', 'ah', 'aksesnya', 'lambat', 'mau', 'daftar', 'mobile', 'lama', 'benar', 'responsnya']","['susah', 'ah', 'aksesnya', 'lambat', 'mau', 'daftar', 'mobile', 'lama', 'benar', 'responsnya']","['susah', 'ah', 'akses', 'lambat', 'mau', 'daftar', 'mobile', 'lama', 'benar', 'respons']",susah ah akses lambat mau daftar mobile lama benar respons
2ecb6917-d85d-45f9-a0a6-3dbef884833c,baru mencoba,4,2026-06-13,18,Juni,netral,baru mencoba,baru mencoba,"['baru', 'mencoba']","['baru', 'mencoba']","['baru', 'mencoba']","['baru', 'coba']",baru coba
2ed264e3-ca9d-4fee-a76b-518894d0ba11,"disuruh cek kondisi sinyal , padahal wifi internet ada butut",1,2026-06-12,0,Juni,negatif,disuruh cek kondisi sinyal padahal wifi internet ada butut,disuruh cek kondisi sinyal padahal wifi internet ada butut,"['disuruh', 'cek', 'kondisi', 'sinyal', 'padahal', 'wifi', 'internet', 'ada', 'butut']","['disuruh', 'cek', 'kondisi', 'sinyal', 'padahal', 'wifi', 'internet', 'butut']","['disuruh', 'cek', 'kondisi', 'sinyal', 'padahal', 'wifi', 'internet', 'butut']","['suruh', 'cek', 'kondisi', 'sinyal', 'padahal', 'wifi', 'internet', 'butut']",suruh cek kondisi sinyal padahal wifi internet butut
2f1daece-1cbd-4c22-8c90-f6b2cc6ed238,sangat bermanfaat,5,2026-07-10,16,Juli,positif,sangat bermanfaat,sangat bermanfaat,"['sangat', 'bermanfaat']","['sangat', 'bermanfaat']","['sangat', 'bermanfaat']","['sangat', 'manfaat']",sangat manfaat
2f2b779b-e91f-4f4e-9788-8988c8df58ab,"error terus, merugikan waktu tenaga dan hal lainnya",1,2026-06-19,8,Juni,negatif,error terus merugikan waktu tenaga dan hal lainnya,error terus merugikan waktu tenaga dan hal lainnya,"['error', 'terus', 'merugikan', 'waktu', 'tenaga', 'dan', 'hal', 'lainnya']","['error', 'terus', 'merugikan', 'waktu', 'tenaga', 'lainnya']","['error', 'terus', 'merugikan', 'waktu', 'tenaga', 'lainnya']","['error', 'terus', 'rugi', 'waktu', 'tenaga', 'lain']",error terus rugi waktu tenaga lain
2f65b581-6a26-41bf-ac10-bbf001caf498,made in Konoha selalu aja app nya ngaco hahaha..,1,2026-07-07,5,Juli,negatif,made in konoha selalu aja app nya ngaco hahaha,buatan konoha selalu saja aplikasi nya kacau hahaha,"['buatan', 'konoha', 'selalu', 'saja', 'aplikasi', 'nya', 'kacau', 'hahaha']","['buatan', 'konoha', 'selalu', 'aplikasi', 'kacau', 'hahaha']","['buatan', 'konoha', 'selalu', 'aplikasi', 'kacau', 'hahaha']","['buat', 'konoha', 'selalu', 'aplikasi', 'kacau', 'hahaha']",buat konoha selalu aplikasi kacau hahaha
2fc9e711-160b-4c66-a685-11082a28b21f,"terimakasih, prosesnya sangat cepat!",5,2026-08-20,17,Agustus,positif,terimakasih prosesnya sangat cepat,terima kasih prosesnya sangat cepat,"['terima', 'kasih', 'prosesnya', 'sangat', 'cepat']","['terima', 'kasih', 'prosesnya', 'sangat', 'cepat']","['terima', 'kasih', 'prosesnya', 'sangat', 'cepat']","['terima', 'kasih', 'proses', 'sangat', 'cepat']",terima kasih proses sangat cepat
2fcb5af8-3bfa-4737-8789-84790ef7f063,sangat membantu,5,2026-08-03,11,Agustus,positif,sangat membantu,sangat membantu,"['sangat', 'membantu']","['sangat', 'membantu']","['sangat', 'membantu']","['sangat', 'bantu']",sangat bantu
30023d8d-6819-423b-99ef-0f81ed2ef473,"bener bener aplikasi ga jelas, lemot, kadang tiba tiba gabisa login, pliss deh tingkatin lagi sistemnya, lemot parah kadang",2,2026-06-08,20,Juni,negatif,bener bener aplikasi ga jelas lemot kadang tiba tiba gabisa login pliss deh tingkatin lagi sistemnya lemot parah kadang,benar benar aplikasi tidak jelas lambat kadang tiba tiba tidak bisa login tolong deh tingkatkan lagi sistemnya lambat parah kadang,"['benar', 'benar', 'aplikasi', 'tidak', 'jelas', 'lambat', 'kadang', 'tiba', 'tiba', 'tidak', 'bisa', 'login', 'tolong', 'deh', 'tingkatkan', 'lagi', 'sistemnya', 'lambat', 'parah', 'kadang']","['benar', 'benar', 'aplikasi', 'tidak', 'jelas', 'lambat', 'kadang', 'tiba', 'tiba', 'tidak', 'login', 'deh', 'tingkatkan', 'sistemnya', 'lambat', 'parah', 'kadang']","['benar', 'benar', 'aplikasi', 'tidak', 'tidak_jelas', 'lambat', 'kadang', 'tiba', 'tiba', 'tidak', 'tidak_login', 'deh', 'tingkatkan', 'sistemnya', 'lambat', 'parah', 'kadang']","['benar', 'benar', 'aplikasi', 'tidak', 'tidak_jelas', 'lambat', 'kadang', 'tiba', 'tiba', 'tidak', 'tidak_login', 'deh', 'tingkat', 'sistem', 'lambat', 'parah', 'kadang']",benar benar aplikasi tidak tidak_jelas lambat kadang tiba tiba tidak tidak_login deh tingkat sistem lambat parah kadang
3010bd7c-3d8a-4bac-abb4-d1cc6f70e62d,terlalu banyak masalah setiap mau masuk aplikasi selalu terjadi kesalahan mohon untuk lebih diperbaiki lagi,1,2026-08-18,21,Agustus,negatif,terlalu banyak masalah setiap mau masuk aplikasi selalu terjadi kesalahan mohon untuk lebih diperbaiki lagi,terlalu banyak masalah setiap mau masuk aplikasi selalu terjadi kesalahan mohon untuk lebih diperbaiki lagi,"['terlalu', 'banyak', 'masalah', 'setiap', 'mau', 'masuk', 'aplikasi', 'selalu', 'terjadi', 'kesalahan', 'mohon', 'untuk', 'lebih', 'diperbaiki', 'lagi']","['terlalu', 'banyak', 'masalah', 'mau', 'masuk', 'aplikasi', 'selalu', 'terjadi', 'kesalahan', 'mohon', 'lebih', 'diperbaiki']","['terlalu', 'banyak', 'masalah', 'mau', 'masuk', 'aplikasi', 'selalu', 'terjadi', 'kesalahan', 'mohon', 'lebih', 'diperbaiki']","['terlalu', 'banyak', 'masalah', 'mau', 'masuk', 'aplikasi', 'selalu', 'jadi', 'salah', 'mohon', 'lebih', 'perbaiki']",terlalu banyak masalah mau masuk aplikasi selalu jadi salah mohon lebih perbaiki
3088378a-3c47-461a-b313-05b90bb86a59,bagus,5,2026-08-11,9,Agustus,positif,bagus,bagus,['bagus'],['bagus'],['bagus'],['bagus'],bagus
30c0d703-2ef5-4976-bc3c-0d11fcb27097,tingkat pelayanan utk kelas 1,5,2026-07-08,11,Juli,netral,tingkat pelayanan utk kelas 1,tingkat pelayanan untuk kelas 1,"['tingkat', 'pelayanan', 'untuk', 'kelas', '1']","['tingkat', 'pelayanan', 'kelas', '1']","['tingkat', 'pelayanan', 'kelas', '1']","['tingkat', 'layan', 'kelas', '1']",tingkat layan kelas 1
30d9c013-a60b-4fb1-8790-0e8b0a41cfca,assalamualaikum,5,2026-08-21,15,Agustus,netral,assalamualaikum,assalamualaikum,['assalamualaikum'],['assalamualaikum'],['assalamualaikum'],['assalamualaikum'],assalamualaikum
316e3a16-8972-40db-92ef-2a03aaddd29c,kburu mati org' nunggu kode OTP masuk,1,2026-07-04,8,Juli,negatif,kburu mati org nunggu kode otp masuk,keburu mati orang menunggu kode otp masuk,"['keburu', 'mati', 'orang', 'menunggu', 'kode', 'otp', 'masuk']","['keburu', 'mati', 'orang', 'menunggu', 'kode', 'otp', 'masuk']","['keburu', 'mati', 'orang', 'menunggu', 'kode', 'otp', 'masuk']","['keburu', 'mati', 'orang', 'tunggu', 'kode', 'otp', 'masuk']",keburu mati orang tunggu kode otp masuk
316ea245-990c-4e0d-8d3d-55405e39be6e,"untuk aplikasi JKN di menu info pelayanan kesehatan, semua anggota yang ada di aplikasi nya kebuka semua donk jangan cuman 1orang utama nya aja ,.misalkan sekeluarga tampilkan riwayat semua keluarga nya.. klo updet terbaru semoga berubah...",3,2026-07-24,8,Juli,netral,untuk aplikasi jkn di menu info pelayanan kesehatan semua anggota yang ada di aplikasi nya kebuka semua donk jangan cuman 1orang utama nya aja misalkan sekeluarga tampilkan riwayat semua keluarga nya klo updet terbaru semoga berubah,untuk aplikasi jkn di menu info pelayanan kesehatan semua anggota yang ada di aplikasi nya kebuka semua donk jangan hanya 1orang utama nya saja misalkan sekeluarga tampilkan riwayat semua keluarga nya kalau pembaruan terbaru semoga berubah,"['untuk', 'aplikasi', 'jkn', 'di', 'menu', 'info', 'pelayanan', 'kesehatan', 'semua', 'anggota', 'yang', 'ada', 'di', 'aplikasi', 'nya', 'kebuka', 'semua', 'donk', 'jangan', 'hanya', '1orang', 'utama', 'nya', 'saja', 'misalkan', 'sekeluarga', 'tampilkan', 'riwayat', 'semua', 'keluarga', 'nya', 'kalau', 'pembaruan', 'terbaru', 'semoga', 'berubah']","['aplikasi', 'jkn', 'menu', 'info', 'pelayanan', 'kesehatan', 'semua', 'anggota', 'aplikasi', 'kebuka', 'semua', 'donk', 'jangan', '1orang', 'utama', 'misalkan', 'sekeluarga', 'tampilkan', 'riwayat', 'semua', 'keluarga', 'kalau', 'pembaruan', 'terbaru', 'semoga', 'berubah']","['aplikasi', 'jkn', 'menu', 'info', 'pelayanan', 'kesehatan', 'semua', 'anggota', 'aplikasi', 'kebuka', 'semua', 'donk', 'jangan', '1orang', 'utama', 'misalkan', 'sekeluarga', 'tampilkan', 'riwayat', 'semua', 'keluarga', 'kalau', 'pembaruan', 'terbaru', 'semoga', 'berubah']","['aplikasi', 'jkn', 'menu', 'info', 'layan', 'sehat', 'semua', 'anggota', 'aplikasi', 'buka', 'semua', 'donk', 'jangan', '1orang', 'utama', 'misal', 'keluarga', 'tampil', 'riwayat', 'semua', 'keluarga', 'kalau', 'baru', 'baru', 'moga', 'ubah']",aplikasi jkn menu info layan sehat semua anggota aplikasi buka semua donk jangan 1orang utama misal keluarga tampil riwayat semua keluarga kalau baru baru moga ubah
317fc749-1ecb-44b6-9e57-d87c65dd1a77,koq udah d batalkan nggk bisa ambil jadwal lagi dan nggk bisa ubah jadwal nya,1,2026-06-04,0,Juni,negatif,koq udah d batalkan nggk bisa ambil jadwal lagi dan nggk bisa ubah jadwal nya,kok sudah dibatalkan tidak bisa ambil jadwal lagi dan tidak bisa ubah jadwal nya,"['kok', 'sudah', 'dibatalkan', 'tidak', 'bisa', 'ambil', 'jadwal', 'lagi', 'dan', 'tidak', 'bisa', 'ubah', 'jadwal', 'nya']","['kok', 'dibatalkan', 'tidak', 'ambil', 'jadwal', 'tidak', 'ubah', 'jadwal']","['kok', 'dibatalkan', 'tidak', 'tidak_ambil', 'jadwal', 'tidak', 'tidak_ubah', 'jadwal']","['kok', 'batal', 'tidak', 'tidak_ambil', 'jadwal', 'tidak', 'tidak_ubah', 'jadwal']",kok batal tidak tidak_ambil jadwal tidak tidak_ubah jadwal
3180d40d-88d5-4383-aad3-168dff6cc60e,"sering masalah appnya, dr tidak muncul no diantrianya, antrian dibatalkan tdk bisa reschedule, admin di rs tidk menguasai aplikasi, admin rs suruh lwt mjkn, mjkn no antrian tdk bs batal. call center bpjs bilang hrs dari admin rs rujukan. saling lempar tidak ada solusi, paraaaaah",1,2026-07-08,8,Juli,negatif,sering masalah appnya dr tidak muncul no diantrianya antrian dibatalkan tdk bisa reschedule admin di rs tidk menguasai aplikasi admin rs suruh lwt mjkn mjkn no antrian tdk bs batal call center bpjs bilang hrs dari admin rs rujukan saling lempar tidak ada solusi paraaaaah,sering masalah aplikasinya dari tidak muncul nomor di antreannya antrean dibatalkan tidak bisa jadwal ulang admin di rumah sakit tidak menguasai aplikasi admin rumah sakit menyuruh lewat mobile jkn mobile jkn nomor antrean tidak bisa batal pusat panggilan bpjs bilang harus dari admin rumah sakit rujukan saling lempar tidak ada solusi parah,"['sering', 'masalah', 'aplikasinya', 'dari', 'tidak', 'muncul', 'nomor', 'di', 'antreannya', 'antrean', 'dibatalkan', 'tidak', 'bisa', 'jadwal', 'ulang', 'admin', 'di', 'rumah', 'sakit', 'tidak', 'menguasai', 'aplikasi', 'admin', 'rumah', 'sakit', 'menyuruh', 'lewat', 'mobile', 'jkn', 'mobile', 'jkn', 'nomor', 'antrean', 'tidak', 'bisa', 'batal', 'pusat', 'panggilan', 'bpjs', 'bilang', 'harus', 'dari', 'admin', 'rumah', 'sakit', 'rujukan', 'saling', 'lempar', 'tidak', 'ada', 'solusi', 'parah']","['sering', 'masalah', 'aplikasinya', 'tidak', 'muncul', 'nomor', 'antreannya', 'antrean', 'dibatalkan', 'tidak', 'jadwal', 'ulang', 'admin', 'rumah', 'sakit', 'tidak', 'menguasai', 'aplikasi', 'admin', 'rumah', 'sakit', 'menyuruh', 'lewat', 'mobile', 'jkn', 'mobile', 'jkn', 'nomor', 'antrean', 'tidak', 'batal', 'pusat', 'panggilan', 'bpjs', 'bilang', 'admin', 'rumah', 'sakit', 'rujukan', 'saling', 'lempar', 'tidak', 'solusi', 'parah']","['sering', 'masalah', 'aplikasinya', 'tidak', 'tidak_muncul', 'nomor', 'antreannya', 'antrean', 'dibatalkan', 'tidak', 'tidak_jadwal', 'ulang', 'admin', 'rumah', 'sakit', 'tidak', 'tidak_menguasai', 'aplikasi', 'admin', 'rumah', 'sakit', 'menyuruh', 'lewat', 'mobile', 'jkn', 'mobile', 'jkn', 'nomor', 'antrean', 'tidak', 'tidak_batal', 'pusat', 'panggilan', 'bpjs', 'bilang', 'admin', 'rumah', 'sakit', 'rujukan', 'saling', 'lempar', 'tidak', 'tidak_solusi', 'parah']","['sering', 'masalah', 'aplikasi', 'tidak', 'tidak_muncul', 'nomor', 'antre', 'antre', 'batal', 'tidak', 'tidak_jadwal', 'ulang', 'admin', 'rumah', 'sakit', 'tidak', 'tidak_kuasa', 'aplikasi', 'admin', 'rumah', 'sakit', 'suruh', 'lewat', 'mobile', 'jkn', 'mobile', 'jkn', 'nomor', 'antre', 'tidak', 'tidak_batal', 'pusat', 'panggil', 'bpjs', 'bilang', 'admin', 'rumah', 'sakit', 'rujuk', 'saling', 'lempar', 'tidak', 'tidak_solusi', 'parah']",sering masalah aplikasi tidak tidak_muncul nomor antre antre batal tidak tidak_jadwal ulang admin rumah sakit tidak tidak_kuasa aplikasi admin rumah sakit suruh lewat mobile jkn mobile jkn nomor antre tidak tidak_batal pusat panggil bpjs bilang admin rumah sakit rujuk saling lempar tidak tidak_solusi parah
31a1f3c2-49fe-4298-8979-595d711d91af,sebenernya bagus tapi kenapa klau mau cicil program rehab selalu ga bisa,5,2026-08-08,11,Agustus,negatif,sebenernya bagus tapi kenapa klau mau cicil program rehab selalu ga bisa,sebenarnya bagus tapi kenapa kalau mau cicil program rehabilitasi selalu tidak bisa,"['sebenarnya', 'bagus', 'tapi', 'kenapa', 'kalau', 'mau', 'cicil', 'program', 'rehabilitasi', 'selalu', 'tidak', 'bisa']","['sebenarnya', 'bagus', 'kalau', 'mau', 'cicil', 'program', 'rehabilitasi', 'selalu', 'tidak']","['sebenarnya', 'bagus', 'kalau', 'mau', 'cicil', 'program', 'rehabilitasi', 'selalu', 'tidak']","['benar', 'bagus', 'kalau', 'mau', 'cicil', 'program', 'rehabilitasi', 'selalu', 'tidak']",benar bagus kalau mau cicil program rehabilitasi selalu tidak
31cbf5e5-ad76-4099-8495-dea3490c1ab5,mempermudah pengurusan perubahan dan aktivasi bpjs kesehatan,5,2026-07-31,16,Juli,positif,mempermudah pengurusan perubahan dan aktivasi bpjs kesehatan,mempermudah pengurusan perubahan dan aktivasi bpjs kesehatan,"['mempermudah', 'pengurusan', 'perubahan', 'dan', 'aktivasi', 'bpjs', 'kesehatan']","['mempermudah', 'pengurusan', 'perubahan', 'aktivasi', 'bpjs', 'kesehatan']","['mempermudah', 'pengurusan', 'perubahan', 'aktivasi', 'bpjs', 'kesehatan']","['mudah', 'urus', 'ubah', 'aktivasi', 'bpjs', 'sehat']",mudah urus ubah aktivasi bpjs sehat
31db7647-5632-4b60-80fd-4e7c85cf6f23,sangat membantu,5,2026-06-13,20,Juni,positif,sangat membantu,sangat membantu,"['sangat', 'membantu']","['sangat', 'membantu']","['sangat', 'membantu']","['sangat', 'bantu']",sangat bantu
31e664ba-c7f5-4a0c-808b-699b6fcc260c,apan sih suka logout melulu ribet,3,2026-06-08,10,Juni,negatif,apan sih suka logout melulu ribet,apan sih suka logout melulu rumit,"['apan', 'sih', 'suka', 'logout', 'melulu', 'rumit']","['apan', 'sih', 'suka', 'logout', 'melulu', 'rumit']","['apan', 'sih', 'suka', 'logout', 'melulu', 'rumit']","['apan', 'sih', 'suka', 'logout', 'melulu', 'rumit']",apan sih suka logout melulu rumit
3241edda-09a3-416f-aeb4-6c96f0973b36,"sangant membantu , trimakasih🙏🏻🙏🏻",5,2026-08-01,16,Agustus,positif,sangant membantu trimakasih,sangat membantu terima kasih,"['sangat', 'membantu', 'terima', 'kasih']","['sangat', 'membantu', 'terima', 'kasih']","['sangat', 'membantu', 'terima', 'kasih']","['sangat', 'bantu', 'terima', 'kasih']",sangat bantu terima kasih
3265e83c-d366-4c02-8d2b-053a84b98edd,mantap,5,2026-08-21,19,Agustus,positif,mantap,mantap,['mantap'],['mantap'],['mantap'],['mantap'],mantap
3279cdd5-337e-4bbe-9f99-0b55c2035f4c,lebih praktis ngak perlu kepjsnya sekedar ubah data .melalui mobile jkn,5,2026-06-19,18,Juni,positif,lebih praktis ngak perlu kepjsnya sekedar ubah data melalui mobile jkn,lebih praktis tidak perlu kepjsnya sekadar ubah data melalui mobile jkn,"['lebih', 'praktis', 'tidak', 'perlu', 'kepjsnya', 'sekadar', 'ubah', 'data', 'melalui', 'mobile', 'jkn']","['lebih', 'praktis', 'tidak', 'perlu', 'kepjsnya', 'sekadar', 'ubah', 'data', 'melalui', 'mobile', 'jkn']","['lebih', 'praktis', 'tidak', 'tidak_perlu', 'kepjsnya', 'sekadar', 'ubah', 'data', 'melalui', 'mobile', 'jkn']","['lebih', 'praktis', 'tidak', 'tidak_perlu', 'kepjsnya', 'sekadar', 'ubah', 'data', 'lalu', 'mobile', 'jkn']",lebih praktis tidak tidak_perlu kepjsnya sekadar ubah data lalu mobile jkn
3293a9a5-c696-4aa8-a4fb-d47ef76a389c,"Aplikasi rusak, banyak Bug nya, Responnya lambat.",1,2026-08-11,12,Agustus,negatif,aplikasi rusak banyak bug nya responnya lambat,aplikasi rusak banyak gangguan sistem nya responsnya lambat,"['aplikasi', 'rusak', 'banyak', 'gangguan', 'sistem', 'nya', 'responsnya', 'lambat']","['aplikasi', 'rusak', 'banyak', 'gangguan', 'sistem', 'responsnya', 'lambat']","['aplikasi', 'rusak', 'banyak', 'gangguan', 'sistem', 'responsnya', 'lambat']","['aplikasi', 'rusak', 'banyak', 'ganggu', 'sistem', 'respons', 'lambat']",aplikasi rusak banyak ganggu sistem respons lambat
32bf06fa-d8cd-4f86-9b68-fcbbeda96e5d,sangat puas,5,2026-06-26,11,Juni,positif,sangat puas,sangat puas,"['sangat', 'puas']","['sangat', 'puas']","['sangat', 'puas']","['sangat', 'puas']",sangat puas
32d00d31-9a77-421a-a180-973f15e3f7c7,sangat membantu,5,2026-07-06,20,Juli,positif,sangat membantu,sangat membantu,"['sangat', 'membantu']","['sangat', 'membantu']","['sangat', 'membantu']","['sangat', 'bantu']",sangat bantu
32d5ef31-1eae-48c1-a09a-34966a97ec88,layanan terburuk yang pernah diciptakan.,1,2026-08-14,21,Agustus,negatif,layanan terburuk yang pernah diciptakan,layanan terburuk yang pernah diciptakan,"['layanan', 'terburuk', 'yang', 'pernah', 'diciptakan']","['layanan', 'terburuk', 'pernah', 'diciptakan']","['layanan', 'terburuk', 'pernah', 'diciptakan']","['layan', 'buruk', 'pernah', 'cipta']",layan buruk pernah cipta
330d45cb-ff2d-4a28-8c61-f9d54a1bb173,good semoga keluarga semua di berikan kesehatan,5,2026-07-25,12,Juli,netral,good semoga keluarga semua di berikan kesehatan,bagus semoga keluarga semua di berikan kesehatan,"['bagus', 'semoga', 'keluarga', 'semua', 'di', 'berikan', 'kesehatan']","['bagus', 'semoga', 'keluarga', 'semua', 'berikan', 'kesehatan']","['bagus', 'semoga', 'keluarga', 'semua', 'berikan', 'kesehatan']","['bagus', 'moga', 'keluarga', 'semua', 'ikan', 'sehat']",bagus moga keluarga semua ikan sehat
33313dc7-0854-44cd-9c47-ee57425285a9,alhamdulilah,5,2026-08-05,20,Agustus,netral,alhamdulilah,alhamdulillah,['alhamdulillah'],['alhamdulillah'],['alhamdulillah'],['alhamdulillah'],alhamdulillah
3379097a-79fc-4690-b281-2ac2d43ce08b,puas banget,5,2026-08-17,18,Agustus,positif,puas banget,puas sangat,"['puas', 'sangat']","['puas', 'sangat']","['puas', 'sangat']","['puas', 'sangat']",puas sangat
338a1d3d-3f05-42c6-ab3f-fd2220ab8afa,mudah dah tidak repot,5,2026-07-21,7,Juli,positif,mudah dah tidak repot,mudah sudah tidak repot,"['mudah', 'sudah', 'tidak', 'repot']","['mudah', 'tidak', 'repot']","['mudah', 'tidak', 'tidak_repot']","['mudah', 'tidak', 'tidak_repot']",mudah tidak tidak_repot
33f47a95-1a4b-4fd0-be12-9ccd5047e77c,Saya Sebagai PESERTA BARU BPJS Semoga Bisa ada Manfaat nya untuk KESEHATAN.,5,2026-07-17,18,Juli,positif,saya sebagai peserta baru bpjs semoga bisa ada manfaat nya untuk kesehatan,saya sebagai peserta baru bpjs semoga bisa ada manfaat nya untuk kesehatan,"['saya', 'sebagai', 'peserta', 'baru', 'bpjs', 'semoga', 'bisa', 'ada', 'manfaat', 'nya', 'untuk', 'kesehatan']","['peserta', 'baru', 'bpjs', 'semoga', 'manfaat', 'kesehatan']","['peserta', 'baru', 'bpjs', 'semoga', 'manfaat', 'kesehatan']","['serta', 'baru', 'bpjs', 'moga', 'manfaat', 'sehat']",serta baru bpjs moga manfaat sehat
3417c1d3-6df5-4643-852b-2f6a58231a80,terimakasih,5,2026-06-11,10,Juni,positif,terimakasih,terima kasih,"['terima', 'kasih']","['terima', 'kasih']","['terima', 'kasih']","['terima', 'kasih']",terima kasih
34187917-5faf-49f6-b2fe-baed4e111aa0,cuma mau input nomer hp udah 2 bulan ttp aja bug . capek kali lah,1,2026-06-24,17,Juni,negatif,cuma mau input nomer hp udah 2 bulan ttp aja bug capek kali lah,hanya mau input nomor ponsel sudah 2 bulan tetap saja gangguan sistem lelah kali lah,"['hanya', 'mau', 'input', 'nomor', 'ponsel', 'sudah', '2', 'bulan', 'tetap', 'saja', 'gangguan', 'sistem', 'lelah', 'kali', 'lah']","['mau', 'input', 'nomor', 'ponsel', '2', 'bulan', 'tetap', 'gangguan', 'sistem', 'lelah', 'kali', 'lah']","['mau', 'input', 'nomor', 'ponsel', '2', 'bulan', 'tetap', 'gangguan', 'sistem', 'lelah', 'kali', 'lah']","['mau', 'input', 'nomor', 'ponsel', '2', 'bulan', 'tetap', 'ganggu', 'sistem', 'lelah', 'kali', 'lah']",mau input nomor ponsel 2 bulan tetap ganggu sistem lelah kali lah
3464a4cb-7ab6-48f0-ac37-b7136d45e359,niat gak sih ini aplikasi masa mau minta kode otp ajaa lama betul anehh,1,2026-07-17,23,Juli,negatif,niat gak sih ini aplikasi masa mau minta kode otp ajaa lama betul anehh,niat tidak sih ini aplikasi masa mau minta kode otp saja lama betul aneh,"['niat', 'tidak', 'sih', 'ini', 'aplikasi', 'masa', 'mau', 'minta', 'kode', 'otp', 'saja', 'lama', 'betul', 'aneh']","['niat', 'tidak', 'sih', 'aplikasi', 'masa', 'mau', 'minta', 'kode', 'otp', 'lama', 'betul', 'aneh']","['niat', 'tidak', 'tidak_sih', 'aplikasi', 'masa', 'mau', 'minta', 'kode', 'otp', 'lama', 'betul', 'aneh']","['niat', 'tidak', 'tidak_sih', 'aplikasi', 'masa', 'mau', 'minta', 'kode', 'otp', 'lama', 'betul', 'aneh']",niat tidak tidak_sih aplikasi masa mau minta kode otp lama betul aneh
34777917-8f8d-4893-8096-795c181c4c18,mudah,5,2026-07-17,16,Juli,positif,mudah,mudah,['mudah'],['mudah'],['mudah'],['mudah'],mudah
34819c10-3c19-4149-91ac-56fed9fd3785,Usahakan masing2 NIK bisa login bersamaan karena itu lebih memudahkan,4,2026-08-03,11,Agustus,netral,usahakan masing2 nik bisa login bersamaan karena itu lebih memudahkan,usahakan masing2 nik bisa login bersamaan karena itu lebih memudahkan,"['usahakan', 'masing2', 'nik', 'bisa', 'login', 'bersamaan', 'karena', 'itu', 'lebih', 'memudahkan']","['usahakan', 'masing2', 'nik', 'login', 'bersamaan', 'lebih', 'memudahkan']","['usahakan', 'masing2', 'nik', 'login', 'bersamaan', 'lebih', 'memudahkan']","['usaha', 'masing2', 'nik', 'login', 'sama', 'lebih', 'mudah']",usaha masing2 nik login sama lebih mudah
3487bf0f-8750-4465-a8e2-b63da007c2b3,good,5,2026-06-10,14,Juni,positif,good,bagus,['bagus'],['bagus'],['bagus'],['bagus'],bagus
348dc967-166b-40a7-b5f9-b308692bf261,luar biasa mobile JKN semoga sukses selalu.,5,2026-07-06,20,Juli,netral,luar biasa mobile jkn semoga sukses selalu,luar biasa mobile jkn semoga sukses selalu,"['luar', 'biasa', 'mobile', 'jkn', 'semoga', 'sukses', 'selalu']","['luar', 'biasa', 'mobile', 'jkn', 'semoga', 'sukses', 'selalu']","['luar', 'biasa', 'mobile', 'jkn', 'semoga', 'sukses', 'selalu']","['luar', 'biasa', 'mobile', 'jkn', 'moga', 'sukses', 'selalu']",luar biasa mobile jkn moga sukses selalu
34bdbc20-dd37-49ce-a009-125bfce7ff52,"gk bisa verifikasi nomer telp, saran dong",2,2026-08-29,17,Agustus,negatif,gk bisa verifikasi nomer telp saran dong,tidak bisa verifikasi nomor telepon saran dong,"['tidak', 'bisa', 'verifikasi', 'nomor', 'telepon', 'saran', 'dong']","['tidak', 'verifikasi', 'nomor', 'telepon', 'saran', 'dong']","['tidak', 'tidak_verifikasi', 'nomor', 'telepon', 'saran', 'dong']","['tidak', 'tidak_verifikasi', 'nomor', 'telepon', 'saran', 'dong']",tidak tidak_verifikasi nomor telepon saran dong
34c8a241-2597-4203-b0e1-265a1471b09b,"kode otp nya ga masuk maasuk, udah nyoba berkali kali",1,2026-07-26,16,Juli,negatif,kode otp nya ga masuk maasuk udah nyoba berkali kali,kode otp nya tidak masuk sudah mencoba berkali kali,"['kode', 'otp', 'nya', 'tidak', 'masuk', 'sudah', 'mencoba', 'berkali', 'kali']","['kode', 'otp', 'tidak', 'masuk', 'mencoba', 'berkali', 'kali']","['kode', 'otp', 'tidak', 'tidak_masuk', 'mencoba', 'berkali', 'kali']","['kode', 'otp', 'tidak', 'tidak_masuk', 'coba', 'kali', 'kali']",kode otp tidak tidak_masuk coba kali kali
353a8e54-159b-45e1-88ef-bc58be99a4c4,sangat membantu,5,2026-08-01,12,Agustus,positif,sangat membantu,sangat membantu,"['sangat', 'membantu']","['sangat', 'membantu']","['sangat', 'membantu']","['sangat', 'bantu']",sangat bantu
35680a54-5da0-4826-b496-7143bee69c6a,"thanks walau masih ada kekurangan, sangat membantu",4,2026-07-21,14,Juli,positif,thanks walau masih ada kekurangan sangat membantu,terima kasih walau masih ada kekurangan sangat membantu,"['terima', 'kasih', 'walau', 'masih', 'ada', 'kekurangan', 'sangat', 'membantu']","['terima', 'kasih', 'kekurangan', 'sangat', 'membantu']","['terima', 'kasih', 'kekurangan', 'sangat', 'membantu']","['terima', 'kasih', 'kurang', 'sangat', 'bantu']",terima kasih kurang sangat bantu
35717ac5-6bad-4e0b-97ab-c68fb6a21a29,"Memudahkan dlm berobat info kesehatan, sangat membantu.",5,2026-08-02,10,Agustus,positif,memudahkan dlm berobat info kesehatan sangat membantu,memudahkan dalam berobat info kesehatan sangat membantu,"['memudahkan', 'dalam', 'berobat', 'info', 'kesehatan', 'sangat', 'membantu']","['memudahkan', 'berobat', 'info', 'kesehatan', 'sangat', 'membantu']","['memudahkan', 'berobat', 'info', 'kesehatan', 'sangat', 'membantu']","['mudah', 'obat', 'info', 'sehat', 'sangat', 'bantu']",mudah obat info sehat sangat bantu
357e800c-ed19-41e9-adad-29fed4e66bff,kode OTP sms tidak bisa terkirim,1,2026-08-10,13,Agustus,negatif,kode otp sms tidak bisa terkirim,kode otp sms tidak bisa terkirim,"['kode', 'otp', 'sms', 'tidak', 'bisa', 'terkirim']","['kode', 'otp', 'sms', 'tidak', 'terkirim']","['kode', 'otp', 'sms', 'tidak', 'tidak_terkirim']","['kode', 'otp', 'sms', 'tidak', 'tidak_kirim']",kode otp sms tidak tidak_kirim
35b50cad-a041-4018-b1e0-d549d9a360d4,bagus mudah GK ribet,5,2026-06-26,20,Juni,positif,bagus mudah gk ribet,bagus mudah tidak rumit,"['bagus', 'mudah', 'tidak', 'rumit']","['bagus', 'mudah', 'tidak', 'rumit']","['bagus', 'mudah', 'tidak', 'tidak_rumit']","['bagus', 'mudah', 'tidak', 'tidak_rumit']",bagus mudah tidak tidak_rumit
35d7261e-bc2f-498c-87e4-feca70f4b67f,Sangat baik,5,2026-07-20,6,Juli,positif,sangat baik,sangat baik,"['sangat', 'baik']","['sangat', 'baik']","['sangat', 'baik']","['sangat', 'baik']",sangat baik
35df71a3-5206-437a-a77f-aa3d08750647,Aplikasi sampah,1,2026-08-06,5,Agustus,negatif,aplikasi sampah,aplikasi sampah,"['aplikasi', 'sampah']","['aplikasi', 'sampah']","['aplikasi', 'sampah']","['aplikasi', 'sampah']",aplikasi sampah
35ef25f4-42e7-4a5d-a15e-dceba1218dab,aplikasi yang sangat membantu saya,5,2026-08-26,11,Agustus,positif,aplikasi yang sangat membantu saya,aplikasi yang sangat membantu saya,"['aplikasi', 'yang', 'sangat', 'membantu', 'saya']","['aplikasi', 'sangat', 'membantu']","['aplikasi', 'sangat', 'membantu']","['aplikasi', 'sangat', 'bantu']",aplikasi sangat bantu
36b9414f-b923-444d-9675-f8621b49d921,Mendaftar aplikasi sangat ribet ditinggal keluar cek email cek SMS pasti ngulang dari awal,1,2026-06-23,5,Juni,negatif,mendaftar aplikasi sangat ribet ditinggal keluar cek email cek sms pasti ngulang dari awal,mendaftar aplikasi sangat rumit ditinggal keluar cek email cek sms pasti mengulang dari awal,"['mendaftar', 'aplikasi', 'sangat', 'rumit', 'ditinggal', 'keluar', 'cek', 'email', 'cek', 'sms', 'pasti', 'mengulang', 'dari', 'awal']","['mendaftar', 'aplikasi', 'sangat', 'rumit', 'ditinggal', 'keluar', 'cek', 'email', 'cek', 'sms', 'mengulang', 'awal']","['mendaftar', 'aplikasi', 'sangat', 'rumit', 'ditinggal', 'keluar', 'cek', 'email', 'cek', 'sms', 'mengulang', 'awal']","['daftar', 'aplikasi', 'sangat', 'rumit', 'tinggal', 'keluar', 'cek', 'email', 'cek', 'sms', 'ulang', 'awal']",daftar aplikasi sangat rumit tinggal keluar cek email cek sms ulang awal
36e9e71e-c095-439b-9178-6760c32b961c,ga bisa di buka loading terus mau daftar gaga mulu,1,2026-07-15,8,Juli,negatif,ga bisa di buka loading terus mau daftar gaga mulu,tidak bisa dibuka memuat terus mau daftar gagal terus-menerus,"['tidak', 'bisa', 'dibuka', 'memuat', 'terus', 'mau', 'daftar', 'gagal', 'terus-menerus']","['tidak', 'dibuka', 'memuat', 'terus', 'mau', 'daftar', 'gagal', 'terus-menerus']","['tidak', 'tidak_dibuka', 'memuat', 'terus', 'mau', 'daftar', 'gagal', 'terus-menerus']","['tidak', 'tidak_buka', 'muat', 'terus', 'mau', 'daftar', 'gagal', 'terus']",tidak tidak_buka muat terus mau daftar gagal terus
3706ad24-b48f-44e0-84e4-9c0327a1634c,mudah dan sangat bermanfaat,5,2026-06-13,12,Juni,positif,mudah dan sangat bermanfaat,mudah dan sangat bermanfaat,"['mudah', 'dan', 'sangat', 'bermanfaat']","['mudah', 'sangat', 'bermanfaat']","['mudah', 'sangat', 'bermanfaat']","['mudah', 'sangat', 'manfaat']",mudah sangat manfaat
380a670c-d902-4728-809d-42bdf421cb55,tolong diperbaiki lagi untuk verifikasi wajah nya gagal trus,3,2026-08-06,11,Agustus,negatif,tolong diperbaiki lagi untuk verifikasi wajah nya gagal trus,tolong diperbaiki lagi untuk verifikasi wajah nya gagal terus,"['tolong', 'diperbaiki', 'lagi', 'untuk', 'verifikasi', 'wajah', 'nya', 'gagal', 'terus']","['diperbaiki', 'verifikasi', 'wajah', 'gagal', 'terus']","['diperbaiki', 'verifikasi', 'wajah', 'gagal', 'terus']","['perbaiki', 'verifikasi', 'wajah', 'gagal', 'terus']",perbaiki verifikasi wajah gagal terus
3838ab71-abcc-4249-a3de-61e0a36b18f1,sangat membantu,5,2026-06-02,10,Juni,positif,sangat membantu,sangat membantu,"['sangat', 'membantu']","['sangat', 'membantu']","['sangat', 'membantu']","['sangat', 'bantu']",sangat bantu
38abe462-ee1f-4cef-a3d0-1a2d0bc45b50,Tolong diperbaiki untuk verifikasi nomor HP nya. Kode OTP ke sms gamasukkk teruss,1,2026-07-18,12,Juli,negatif,tolong diperbaiki untuk verifikasi nomor hp nya kode otp ke sms gamasukkk teruss,tolong diperbaiki untuk verifikasi nomor ponsel nya kode otp ke sms tidak masuk terus,"['tolong', 'diperbaiki', 'untuk', 'verifikasi', 'nomor', 'ponsel', 'nya', 'kode', 'otp', 'ke', 'sms', 'tidak', 'masuk', 'terus']","['diperbaiki', 'verifikasi', 'nomor', 'ponsel', 'kode', 'otp', 'sms', 'tidak', 'masuk', 'terus']","['diperbaiki', 'verifikasi', 'nomor', 'ponsel', 'kode', 'otp', 'sms', 'tidak', 'tidak_masuk', 'terus']","['perbaiki', 'verifikasi', 'nomor', 'ponsel', 'kode', 'otp', 'sms', 'tidak', 'tidak_masuk', 'terus']",perbaiki verifikasi nomor ponsel kode otp sms tidak tidak_masuk terus
38cb73e0-2a78-47f5-b297-0c218576e8f7,sangat membantu,5,2026-06-24,17,Juni,positif,sangat membantu,sangat membantu,"['sangat', 'membantu']","['sangat', 'membantu']","['sangat', 'membantu']","['sangat', 'bantu']",sangat bantu
38cba5c8-1254-411b-adc2-ad18dbc00789,aplikasi nya bagus dan bermanfaat,5,2026-06-05,19,Juni,positif,aplikasi nya bagus dan bermanfaat,aplikasi nya bagus dan bermanfaat,"['aplikasi', 'nya', 'bagus', 'dan', 'bermanfaat']","['aplikasi', 'bagus', 'bermanfaat']","['aplikasi', 'bagus', 'bermanfaat']","['aplikasi', 'bagus', 'manfaat']",aplikasi bagus manfaat
38ed5b94-0139-4e6a-8f81-2966d530a6e8,mantap,5,2026-07-23,10,Juli,positif,mantap,mantap,['mantap'],['mantap'],['mantap'],['mantap'],mantap
39043c3b-103c-4108-8aad-f033d1eb67aa,ngasih pop up tagihan mulu....pelayanan pasien BPJS aja sepelekan mau bayar langsung dari aplikasi gk bisa ampas sekali apk ini,2,2026-08-10,14,Agustus,negatif,ngasih pop up tagihan mulu pelayanan pasien bpjs aja sepelekan mau bayar langsung dari aplikasi gk bisa ampas sekali apk ini,memberi jendela pop-up tagihan terus-menerus pelayanan pasien bpjs saja sepelekan mau bayar langsung dari aplikasi tidak bisa ampas sekali aplikasi ini,"['memberi', 'jendela', 'pop-up', 'tagihan', 'terus-menerus', 'pelayanan', 'pasien', 'bpjs', 'saja', 'sepelekan', 'mau', 'bayar', 'langsung', 'dari', 'aplikasi', 'tidak', 'bisa', 'ampas', 'sekali', 'aplikasi', 'ini']","['memberi', 'jendela', 'pop-up', 'tagihan', 'terus-menerus', 'pelayanan', 'pasien', 'bpjs', 'sepelekan', 'mau', 'bayar', 'langsung', 'aplikasi', 'tidak', 'ampas', 'sekali', 'aplikasi']","['memberi', 'jendela', 'pop-up', 'tagihan', 'terus-menerus', 'pelayanan', 'pasien', 'bpjs', 'sepelekan', 'mau', 'bayar', 'langsung', 'aplikasi', 'tidak', 'tidak_ampas', 'sekali', 'aplikasi']","['beri', 'jendela', 'pop-up', 'tagih', 'terus', 'layan', 'pasien', 'bpjs', 'sepele', 'mau', 'bayar', 'langsung', 'aplikasi', 'tidak', 'tidak_ampas', 'sekali', 'aplikasi']",beri jendela pop-up tagih terus layan pasien bpjs sepele mau bayar langsung aplikasi tidak tidak_ampas sekali aplikasi
393589bf-21c1-458e-beb1-0fa6dfffcaec,"Apps ga jelas, daftar masukin no hp ga bisa, giliran masukin email yg opsional malah bisa. Kocak! Minimal mah benerin bug kaya gini, sekelas apps pemerintah masa kaya gini",1,2026-06-12,10,Juni,negatif,apps ga jelas daftar masukin no hp ga bisa giliran masukin email yg opsional malah bisa kocak minimal mah benerin bug kaya gini sekelas apps pemerintah masa kaya gini,aplikasi tidak jelas daftar masukkan nomor ponsel tidak bisa giliran masukkan email yang opsional malah bisa kocak minimal mah memperbaiki gangguan sistem kaya begini sekelas aplikasi pemerintah masa kaya begini,"['aplikasi', 'tidak', 'jelas', 'daftar', 'masukkan', 'nomor', 'ponsel', 'tidak', 'bisa', 'giliran', 'masukkan', 'email', 'yang', 'opsional', 'malah', 'bisa', 'kocak', 'minimal', 'mah', 'memperbaiki', 'gangguan', 'sistem', 'kaya', 'begini', 'sekelas', 'aplikasi', 'pemerintah', 'masa', 'kaya', 'begini']","['aplikasi', 'tidak', 'jelas', 'daftar', 'masukkan', 'nomor', 'ponsel', 'tidak', 'giliran', 'masukkan', 'email', 'opsional', 'malah', 'kocak', 'minimal', 'mah', 'memperbaiki', 'gangguan', 'sistem', 'kaya', 'begini', 'sekelas', 'aplikasi', 'pemerintah', 'masa', 'kaya', 'begini']","['aplikasi', 'tidak', 'tidak_jelas', 'daftar', 'masukkan', 'nomor', 'ponsel', 'tidak', 'tidak_giliran', 'masukkan', 'email', 'opsional', 'malah', 'kocak', 'minimal', 'mah', 'memperbaiki', 'gangguan', 'sistem', 'kaya', 'begini', 'sekelas', 'aplikasi', 'pemerintah', 'masa', 'kaya', 'begini']","['aplikasi', 'tidak', 'tidak_jelas', 'daftar', 'masuk', 'nomor', 'ponsel', 'tidak', 'tidak_gilir', 'masuk', 'email', 'opsional', 'malah', 'kocak', 'minimal', 'mah', 'perbaiki', 'ganggu', 'sistem', 'kaya', 'begini', 'kelas', 'aplikasi', 'perintah', 'masa', 'kaya', 'begini']",aplikasi tidak tidak_jelas daftar masuk nomor ponsel tidak tidak_gilir masuk email opsional malah kocak minimal mah perbaiki ganggu sistem kaya begini kelas aplikasi perintah masa kaya begini
393601cf-b213-4b5c-9db7-79a2f4f88a55,mantap,5,2026-06-27,20,Juni,positif,mantap,mantap,['mantap'],['mantap'],['mantap'],['mantap'],mantap
3967aafe-22f8-44a0-a3c9-8791921e6004,leg parah,3,2026-06-05,17,Juni,negatif,leg parah,lambat parah,"['lambat', 'parah']","['lambat', 'parah']","['lambat', 'parah']","['lambat', 'parah']",lambat parah
3969364e-7b53-473d-ab49-38e21fb6b60a,aplikasi nya kurang bagus..masa susah amat daftar aja menerima kode OTP nya..padhal nomer yang di masukan aktif dan di pasang di hp nya,1,2026-07-26,18,Juli,negatif,aplikasi nya kurang bagus masa susah amat daftar aja menerima kode otp nya padhal nomer yang di masukan aktif dan di pasang di hp nya,aplikasi nya kurang bagus masa susah amat daftar saja menerima kode otp nya padahal nomor yang dimasukkan aktif dan di pasang di ponsel nya,"['aplikasi', 'nya', 'kurang', 'bagus', 'masa', 'susah', 'amat', 'daftar', 'saja', 'menerima', 'kode', 'otp', 'nya', 'padahal', 'nomor', 'yang', 'dimasukkan', 'aktif', 'dan', 'di', 'pasang', 'di', 'ponsel', 'nya']","['aplikasi', 'kurang', 'bagus', 'masa', 'susah', 'daftar', 'menerima', 'kode', 'otp', 'padahal', 'nomor', 'dimasukkan', 'aktif', 'pasang', 'ponsel']","['aplikasi', 'kurang', 'bagus', 'masa', 'susah', 'daftar', 'menerima', 'kode', 'otp', 'padahal', 'nomor', 'dimasukkan', 'aktif', 'pasang', 'ponsel']","['aplikasi', 'kurang', 'bagus', 'masa', 'susah', 'daftar', 'terima', 'kode', 'otp', 'padahal', 'nomor', 'masuk', 'aktif', 'pasang', 'ponsel']",aplikasi kurang bagus masa susah daftar terima kode otp padahal nomor masuk aktif pasang ponsel
396d3302-9340-4f39-b8f3-8f0129a808ab,untuk pemeriksaan,5,2026-07-22,9,Juli,netral,untuk pemeriksaan,untuk pemeriksaan,"['untuk', 'pemeriksaan']",['pemeriksaan'],['pemeriksaan'],['periksa'],periksa
396e49ca-7429-4110-a1db-157fe86a962a,semoga berkah buat semua nya,5,2026-06-09,8,Juni,positif,semoga berkah buat semua nya,semoga berkah buat semua nya,"['semoga', 'berkah', 'buat', 'semua', 'nya']","['semoga', 'berkah', 'buat', 'semua']","['semoga', 'berkah', 'buat', 'semua']","['moga', 'berkah', 'buat', 'semua']",moga berkah buat semua
39b34c4a-daa9-448b-b572-1e44d4f38a3e,mantap aplikasi nya cepat proses nya,5,2026-06-21,11,Juni,positif,mantap aplikasi nya cepat proses nya,mantap aplikasi nya cepat proses nya,"['mantap', 'aplikasi', 'nya', 'cepat', 'proses', 'nya']","['mantap', 'aplikasi', 'cepat', 'proses']","['mantap', 'aplikasi', 'cepat', 'proses']","['mantap', 'aplikasi', 'cepat', 'proses']",mantap aplikasi cepat proses
39dd60f3-d1a3-451a-a89e-2c88a3fd6e39,saya mau update nomer HP tidak bisa kira2 kenapa yah?ada keterangan pilih salah satu metode tapi ga muncul opsi pilihannya,4,2026-06-18,11,Juni,negatif,saya mau update nomer hp tidak bisa kira2 kenapa yah ada keterangan pilih salah satu metode tapi ga muncul opsi pilihannya,saya mau pembaruan nomor ponsel tidak bisa kira-kira kenapa ya ada keterangan pilih salah satu metode tapi tidak muncul opsi pilihannya,"['saya', 'mau', 'pembaruan', 'nomor', 'ponsel', 'tidak', 'bisa', 'kira-kira', 'kenapa', 'ya', 'ada', 'keterangan', 'pilih', 'salah', 'satu', 'metode', 'tapi', 'tidak', 'muncul', 'opsi', 'pilihannya']","['mau', 'pembaruan', 'nomor', 'ponsel', 'tidak', 'kira-kira', 'keterangan', 'pilih', 'salah', 'satu', 'metode', 'tidak', 'muncul', 'opsi', 'pilihannya']","['mau', 'pembaruan', 'nomor', 'ponsel', 'tidak', 'tidak_kira-kira', 'keterangan', 'pilih', 'salah', 'satu', 'metode', 'tidak', 'tidak_muncul', 'opsi', 'pilihannya']","['mau', 'baru', 'nomor', 'ponsel', 'tidak', 'tidak_kira', 'terang', 'pilih', 'salah', 'satu', 'metode', 'tidak', 'tidak_muncul', 'opsi', 'pilih']",mau baru nomor ponsel tidak tidak_kira terang pilih salah satu metode tidak tidak_muncul opsi pilih
39eeff9f-a3d1-40d7-9b55-cda925812dfe,semoga kedepan semakin baik terutama klo ada perubahan data🙏,4,2026-06-23,14,Juni,netral,semoga kedepan semakin baik terutama klo ada perubahan data,semoga ke depan semakin baik terutama kalau ada perubahan data,"['semoga', 'ke', 'depan', 'semakin', 'baik', 'terutama', 'kalau', 'ada', 'perubahan', 'data']","['semoga', 'depan', 'semakin', 'baik', 'terutama', 'kalau', 'perubahan', 'data']","['semoga', 'depan', 'semakin', 'baik', 'terutama', 'kalau', 'perubahan', 'data']","['moga', 'depan', 'makin', 'baik', 'utama', 'kalau', 'ubah', 'data']",moga depan makin baik utama kalau ubah data
39f28e4a-9b78-446e-978d-079c7f2b858c,Tingkatkan terus pelayanannya,5,2026-06-15,10,Juni,netral,tingkatkan terus pelayanannya,tingkatkan terus pelayanannya,"['tingkatkan', 'terus', 'pelayanannya']","['tingkatkan', 'terus', 'pelayanannya']","['tingkatkan', 'terus', 'pelayanannya']","['tingkat', 'terus', 'layan']",tingkat terus layan
3a2021e4-048e-4d27-8d61-733c3df21cb4,baru coba,5,2026-08-15,13,Agustus,netral,baru coba,baru coba,"['baru', 'coba']","['baru', 'coba']","['baru', 'coba']","['baru', 'coba']",baru coba
3a3b2f67-dbdb-46aa-b893-8be514c4ecdf,memudahkan urusan kesehatan,5,2026-06-21,9,Juni,positif,memudahkan urusan kesehatan,memudahkan urusan kesehatan,"['memudahkan', 'urusan', 'kesehatan']","['memudahkan', 'urusan', 'kesehatan']","['memudahkan', 'urusan', 'kesehatan']","['mudah', 'urus', 'sehat']",mudah urus sehat
3a5fa0df-27b2-43d9-b744-ecab975f4bfc,"Ngga Guna Jujur Di Apk Bukan nya Mempermudah Malah Mempersulit, udh Apk Bnyak bug , Baik in lg Apk Cs ngga guna , Cs Judol aj jawab cepat dan berguna dari pada apk ini Tolol",1,2026-08-18,10,Agustus,negatif,ngga guna jujur di apk bukan nya mempermudah malah mempersulit udh apk bnyak bug baik in lg apk cs ngga guna cs judol aj jawab cepat dan berguna dari pada apk ini tolol,tidak berguna jujur di aplikasi bukan nya mempermudah malah mempersulit sudah aplikasi banyak gangguan sistem baik in lagi aplikasi layanan pelanggan tidak berguna layanan pelanggan judol saja jawab cepat dan berguna dari pada aplikasi ini tolol,"['tidak', 'berguna', 'jujur', 'di', 'aplikasi', 'bukan', 'nya', 'mempermudah', 'malah', 'mempersulit', 'sudah', 'aplikasi', 'banyak', 'gangguan', 'sistem', 'baik', 'in', 'lagi', 'aplikasi', 'layanan', 'pelanggan', 'tidak', 'berguna', 'layanan', 'pelanggan', 'judol', 'saja', 'jawab', 'cepat', 'dan', 'berguna', 'dari', 'pada', 'aplikasi', 'ini', 'tolol']","['tidak', 'berguna', 'jujur', 'aplikasi', 'bukan', 'mempermudah', 'malah', 'mempersulit', 'aplikasi', 'banyak', 'gangguan', 'sistem', 'baik', 'in', 'aplikasi', 'layanan', 'pelanggan', 'tidak', 'berguna', 'layanan', 'pelanggan', 'judol', 'jawab', 'cepat', 'berguna', 'aplikasi', 'tolol']","['tidak', 'tidak_berguna', 'jujur', 'aplikasi', 'bukan', 'mempermudah', 'malah', 'mempersulit', 'aplikasi', 'banyak', 'gangguan', 'sistem', 'baik', 'in', 'aplikasi', 'layanan', 'pelanggan', 'tidak', 'tidak_berguna', 'layanan', 'pelanggan', 'judol', 'jawab', 'cepat', 'berguna', 'aplikasi', 'tolol']","['tidak', 'tidak_guna', 'jujur', 'aplikasi', 'bukan', 'mudah', 'malah', 'sulit', 'aplikasi', 'banyak', 'ganggu', 'sistem', 'baik', 'in', 'aplikasi', 'layan', 'langgan', 'tidak', 'tidak_guna', 'layan', 'langgan', 'judol', 'jawab', 'cepat', 'guna', 'aplikasi', 'tolol']",tidak tidak_guna jujur aplikasi bukan mudah malah sulit aplikasi banyak ganggu sistem baik in aplikasi layan langgan tidak tidak_guna layan langgan judol jawab cepat guna aplikasi tolol
3b6cba3b-68a0-4d15-8061-ddd4653b17de,Aplikasi Jkn tdk bisa di instal,4,2026-08-04,19,Agustus,negatif,aplikasi jkn tdk bisa di instal,aplikasi jkn tidak bisa diinstal,"['aplikasi', 'jkn', 'tidak', 'bisa', 'diinstal']","['aplikasi', 'jkn', 'tidak', 'diinstal']","['aplikasi', 'jkn', 'tidak', 'tidak_diinstal']","['aplikasi', 'jkn', 'tidak', 'tidak_diinstal']",aplikasi jkn tidak tidak_diinstal
3b6e102c-c10a-4f45-8f06-eb6d53275214,"lebih mudah, tapi tolong lebih cepat lagi pelayanannya ya... terimakasih",5,2026-07-17,11,Juli,positif,lebih mudah tapi tolong lebih cepat lagi pelayanannya ya terimakasih,lebih mudah tapi tolong lebih cepat lagi pelayanannya ya terima kasih,"['lebih', 'mudah', 'tapi', 'tolong', 'lebih', 'cepat', 'lagi', 'pelayanannya', 'ya', 'terima', 'kasih']","['lebih', 'mudah', 'lebih', 'cepat', 'pelayanannya', 'terima', 'kasih']","['lebih', 'mudah', 'lebih', 'cepat', 'pelayanannya', 'terima', 'kasih']","['lebih', 'mudah', 'lebih', 'cepat', 'layan', 'terima', 'kasih']",lebih mudah lebih cepat layan terima kasih
3b8da4ba-a3b5-4732-ab68-1e3796d1c380,"selamat pagi,,,saya terkendala pas masuk ke mobile JKN dari kemaren gak bisa aj buat daftar di faskes 1, hari ini saya coba daftar lansung ke faskes 1 pake nomor antrian sementara dan itu juga belum tentu bisa di periksa dokter nya. minta solusi terbaik, agar aplikasi bisa digunakan kembali, makasih",1,2026-08-28,9,Agustus,negatif,selamat pagi saya terkendala pas masuk ke mobile jkn dari kemaren gak bisa aj buat daftar di faskes 1 hari ini saya coba daftar lansung ke faskes 1 pake nomor antrian sementara dan itu juga belum tentu bisa di periksa dokter nya minta solusi terbaik agar aplikasi bisa digunakan kembali makasih,selamat pagi saya terkendala pas masuk ke mobile jkn dari kemarin tidak bisa saja buat daftar di faskes 1 hari ini saya coba daftar langsung ke faskes 1 pakai nomor antrean sementara dan itu juga belum tentu bisa di periksa dokter nya minta solusi terbaik agar aplikasi bisa digunakan kembali terima kasih,"['selamat', 'pagi', 'saya', 'terkendala', 'pas', 'masuk', 'ke', 'mobile', 'jkn', 'dari', 'kemarin', 'tidak', 'bisa', 'saja', 'buat', 'daftar', 'di', 'faskes', '1', 'hari', 'ini', 'saya', 'coba', 'daftar', 'langsung', 'ke', 'faskes', '1', 'pakai', 'nomor', 'antrean', 'sementara', 'dan', 'itu', 'juga', 'belum', 'tentu', 'bisa', 'di', 'periksa', 'dokter', 'nya', 'minta', 'solusi', 'terbaik', 'agar', 'aplikasi', 'bisa', 'digunakan', 'kembali', 'terima', 'kasih']","['selamat', 'pagi', 'terkendala', 'pas', 'masuk', 'mobile', 'jkn', 'kemarin', 'tidak', 'buat', 'daftar', 'faskes', '1', 'hari', 'coba', 'daftar', 'langsung', 'faskes', '1', 'pakai', 'nomor', 'antrean', 'periksa', 'dokter', 'minta', 'solusi', 'terbaik', 'aplikasi', 'digunakan', 'terima', 'kasih']","['selamat', 'pagi', 'terkendala', 'pas', 'masuk', 'mobile', 'jkn', 'kemarin', 'tidak', 'tidak_buat', 'daftar', 'faskes', '1', 'hari', 'coba', 'daftar', 'langsung', 'faskes', '1', 'pakai', 'nomor', 'antrean', 'periksa', 'dokter', 'minta', 'solusi', 'terbaik', 'aplikasi', 'digunakan', 'terima', 'kasih']","['selamat', 'pagi', 'kendala', 'pas', 'masuk', 'mobile', 'jkn', 'kemarin', 'tidak', 'tidak_buat', 'daftar', 'faskes', '1', 'hari', 'coba', 'daftar', 'langsung', 'faskes', '1', 'pakai', 'nomor', 'antre', 'periksa', 'dokter', 'minta', 'solusi', 'baik', 'aplikasi', 'guna', 'terima', 'kasih']",selamat pagi kendala pas masuk mobile jkn kemarin tidak tidak_buat daftar faskes 1 hari coba daftar langsung faskes 1 pakai nomor antre periksa dokter minta solusi baik aplikasi guna terima kasih
3bed3490-b33a-46bf-a2b5-cc92ba1f8a4d,mantap,5,2026-08-02,19,Agustus,positif,mantap,mantap,['mantap'],['mantap'],['mantap'],['mantap'],mantap
3c211e0c-fbb7-4a2d-9701-24b420007e16,sangat bermanfaat,5,2026-06-08,19,Juni,positif,sangat bermanfaat,sangat bermanfaat,"['sangat', 'bermanfaat']","['sangat', 'bermanfaat']","['sangat', 'bermanfaat']","['sangat', 'manfaat']",sangat manfaat
3c6f3e97-5df9-490f-ac2e-e249fb71980a,lama verifikasi ngga bisa² anak saya udah parah banget sakitnya🤦,1,2026-07-05,20,Juli,negatif,lama verifikasi ngga bisa2 anak saya udah parah banget sakitnya,lama verifikasi tidak bisa anak saya sudah parah sangat sakitnya,"['lama', 'verifikasi', 'tidak', 'bisa', 'anak', 'saya', 'sudah', 'parah', 'sangat', 'sakitnya']","['lama', 'verifikasi', 'tidak', 'anak', 'parah', 'sangat', 'sakitnya']","['lama', 'verifikasi', 'tidak', 'tidak_anak', 'parah', 'sangat', 'sakitnya']","['lama', 'verifikasi', 'tidak', 'tidak_anak', 'parah', 'sangat', 'sakit']",lama verifikasi tidak tidak_anak parah sangat sakit
3c9089aa-d095-4740-a2e4-bca65fbefcd0,mantap semoga pelayanan nya juga mantap,5,2026-07-15,16,Juli,netral,mantap semoga pelayanan nya juga mantap,mantap semoga pelayanan nya juga mantap,"['mantap', 'semoga', 'pelayanan', 'nya', 'juga', 'mantap']","['mantap', 'semoga', 'pelayanan', 'mantap']","['mantap', 'semoga', 'pelayanan', 'mantap']","['mantap', 'moga', 'layan', 'mantap']",mantap moga layan mantap
3d59837e-5f53-482f-9a48-61d55114f954,apk aneh,1,2026-06-12,0,Juni,negatif,apk aneh,aplikasi aneh,"['aplikasi', 'aneh']","['aplikasi', 'aneh']","['aplikasi', 'aneh']","['aplikasi', 'aneh']",aplikasi aneh
3d8cae73-10c7-4339-a815-8636194de598,"mantap,. semoga JKN sukses selalu,. dan mempermudah segala urusan, mksih",5,2026-07-03,16,Juli,netral,mantap semoga jkn sukses selalu dan mempermudah segala urusan mksih,mantap semoga jkn sukses selalu dan mempermudah segala urusan terima kasih,"['mantap', 'semoga', 'jkn', 'sukses', 'selalu', 'dan', 'mempermudah', 'segala', 'urusan', 'terima', 'kasih']","['mantap', 'semoga', 'jkn', 'sukses', 'selalu', 'mempermudah', 'segala', 'urusan', 'terima', 'kasih']","['mantap', 'semoga', 'jkn', 'sukses', 'selalu', 'mempermudah', 'segala', 'urusan', 'terima', 'kasih']","['mantap', 'moga', 'jkn', 'sukses', 'selalu', 'mudah', 'segala', 'urus', 'terima', 'kasih']",mantap moga jkn sukses selalu mudah segala urus terima kasih
3db87b93-63ce-4425-a236-31cf827bd910,sangat mudah digunakan..untuk pindah faskes bisa lewat aplikasi sehingga lebih efisien,5,2026-08-02,5,Agustus,positif,sangat mudah digunakan untuk pindah faskes bisa lewat aplikasi sehingga lebih efisien,sangat mudah digunakan untuk pindah faskes bisa lewat aplikasi sehingga lebih efisien,"['sangat', 'mudah', 'digunakan', 'untuk', 'pindah', 'faskes', 'bisa', 'lewat', 'aplikasi', 'sehingga', 'lebih', 'efisien']","['sangat', 'mudah', 'digunakan', 'pindah', 'faskes', 'lewat', 'aplikasi', 'lebih', 'efisien']","['sangat', 'mudah', 'digunakan', 'pindah', 'faskes', 'lewat', 'aplikasi', 'lebih', 'efisien']","['sangat', 'mudah', 'guna', 'pindah', 'faskes', 'lewat', 'aplikasi', 'lebih', 'efisien']",sangat mudah guna pindah faskes lewat aplikasi lebih efisien
3dd2d7f1-2fb9-403a-8433-72e21c1b2522,mantap,5,2026-08-03,16,Agustus,positif,mantap,mantap,['mantap'],['mantap'],['mantap'],['mantap'],mantap
3dff58d6-866f-4170-924f-e98f359115e6,mau verifikasi no tlp tidak bisa di klik padahal hp dalam kondisi normal. padahal mau ngambil no antrian buat berobat besok malah tidak bisa,1,2026-08-07,15,Agustus,negatif,mau verifikasi no tlp tidak bisa di klik padahal hp dalam kondisi normal padahal mau ngambil no antrian buat berobat besok malah tidak bisa,mau verifikasi nomor telepon tidak bisa diklik padahal ponsel dalam kondisi normal padahal mau mengambil nomor antrean buat berobat besok malah tidak bisa,"['mau', 'verifikasi', 'nomor', 'telepon', 'tidak', 'bisa', 'diklik', 'padahal', 'ponsel', 'dalam', 'kondisi', 'normal', 'padahal', 'mau', 'mengambil', 'nomor', 'antrean', 'buat', 'berobat', 'besok', 'malah', 'tidak', 'bisa']","['mau', 'verifikasi', 'nomor', 'telepon', 'tidak', 'diklik', 'padahal', 'ponsel', 'kondisi', 'normal', 'padahal', 'mau', 'mengambil', 'nomor', 'antrean', 'buat', 'berobat', 'besok', 'malah', 'tidak']","['mau', 'verifikasi', 'nomor', 'telepon', 'tidak', 'tidak_diklik', 'padahal', 'ponsel', 'kondisi', 'normal', 'padahal', 'mau', 'mengambil', 'nomor', 'antrean', 'buat', 'berobat', 'besok', 'malah', 'tidak']","['mau', 'verifikasi', 'nomor', 'telepon', 'tidak', 'tidak_klik', 'padahal', 'ponsel', 'kondisi', 'normal', 'padahal', 'mau', 'ambil', 'nomor', 'antre', 'buat', 'obat', 'besok', 'malah', 'tidak']",mau verifikasi nomor telepon tidak tidak_klik padahal ponsel kondisi normal padahal mau ambil nomor antre buat obat besok malah tidak
3e68127d-8054-4b84-a51a-871c45d1858e,Sanagat membantu,5,2026-08-20,12,Agustus,positif,sanagat membantu,sangat membantu,"['sangat', 'membantu']","['sangat', 'membantu']","['sangat', 'membantu']","['sangat', 'bantu']",sangat bantu
3ea54e3f-abb5-47bc-99d9-c4b710c8f6b2,"ternyata banyak keluhan yg sama, otp tidak masuk, ngambil antrai di rs jadi ribet karena 2 kali daftar antrian, bukankah teknologi ada untuk mempermudah?, semoga pihal developnya bisa memberpaiki sistemnya, jangan jadi era kemunduran terima kasih",2,2026-08-24,13,Agustus,negatif,ternyata banyak keluhan yg sama otp tidak masuk ngambil antrai di rs jadi ribet karena 2 kali daftar antrian bukankah teknologi ada untuk mempermudah semoga pihal developnya bisa memberpaiki sistemnya jangan jadi era kemunduran terima kasih,ternyata banyak keluhan yang sama otp tidak masuk mengambil antrean di rumah sakit jadi rumit karena 2 kali daftar antrean bukankah teknologi ada untuk mempermudah semoga pihak pengembangnya bisa memperbaiki sistemnya jangan jadi era kemunduran terima kasih,"['ternyata', 'banyak', 'keluhan', 'yang', 'sama', 'otp', 'tidak', 'masuk', 'mengambil', 'antrean', 'di', 'rumah', 'sakit', 'jadi', 'rumit', 'karena', '2', 'kali', 'daftar', 'antrean', 'bukankah', 'teknologi', 'ada', 'untuk', 'mempermudah', 'semoga', 'pihak', 'pengembangnya', 'bisa', 'memperbaiki', 'sistemnya', 'jangan', 'jadi', 'era', 'kemunduran', 'terima', 'kasih']","['ternyata', 'banyak', 'keluhan', 'sama', 'otp', 'tidak', 'masuk', 'mengambil', 'antrean', 'rumah', 'sakit', 'jadi', 'rumit', '2', 'kali', 'daftar', 'antrean', 'bukankah', 'teknologi', 'mempermudah', 'semoga', 'pihak', 'pengembangnya', 'memperbaiki', 'sistemnya', 'jangan', 'jadi', 'era', 'kemunduran', 'terima', 'kasih']","['ternyata', 'banyak', 'keluhan', 'sama', 'otp', 'tidak', 'tidak_masuk', 'mengambil', 'antrean', 'rumah', 'sakit', 'jadi', 'rumit', '2', 'kali', 'daftar', 'antrean', 'bukankah', 'teknologi', 'mempermudah', 'semoga', 'pihak', 'pengembangnya', 'memperbaiki', 'sistemnya', 'jangan', 'jadi', 'era', 'kemunduran', 'terima', 'kasih']","['nyata', 'banyak', 'keluh', 'sama', 'otp', 'tidak', 'tidak_masuk', 'ambil', 'antre', 'rumah', 'sakit', 'jadi', 'rumit', '2', 'kali', 'daftar', 'antre', 'bukankah', 'teknologi', 'mudah', 'moga', 'pihak', 'kembang', 'perbaiki', 'sistem', 'jangan', 'jadi', 'era', 'mundur', 'terima', 'kasih']",nyata banyak keluh sama otp tidak tidak_masuk ambil antre rumah sakit jadi rumit 2 kali daftar antre bukankah teknologi mudah moga pihak kembang perbaiki sistem jangan jadi era mundur terima kasih
3f179946-0086-4503-965a-95eb3942f6d2,Sangat membantu,5,2026-08-03,13,Agustus,positif,sangat membantu,sangat membantu,"['sangat', 'membantu']","['sangat', 'membantu']","['sangat', 'membantu']","['sangat', 'bantu']",sangat bantu
3f47a16b-539f-4eb2-b8b0-f18b55c7fda2,aplikasi apaan ga muncul kode verifikasi sms kocak,1,2026-06-24,22,Juni,negatif,aplikasi apaan ga muncul kode verifikasi sms kocak,aplikasi apa tidak muncul kode verifikasi sms kocak,"['aplikasi', 'apa', 'tidak', 'muncul', 'kode', 'verifikasi', 'sms', 'kocak']","['aplikasi', 'apa', 'tidak', 'muncul', 'kode', 'verifikasi', 'sms', 'kocak']","['aplikasi', 'apa', 'tidak', 'tidak_muncul', 'kode', 'verifikasi', 'sms', 'kocak']","['aplikasi', 'apa', 'tidak', 'tidak_muncul', 'kode', 'verifikasi', 'sms', 'kocak']",aplikasi apa tidak tidak_muncul kode verifikasi sms kocak
3f95955f-56df-4f93-98fb-ea1d2fc56882,"mengapa register saja sulit sekali? terutama pada bagian verifikasi nomor hp selalu muncul ""permintaan anda belum dapat diproses, silahkan coba beberapa saat lagi"". sudah dicoba berkali kali selalu keterangannya sama",1,2026-08-27,20,Agustus,negatif,mengapa register saja sulit sekali terutama pada bagian verifikasi nomor hp selalu muncul permintaan anda belum dapat diproses silahkan coba beberapa saat lagi sudah dicoba berkali kali selalu keterangannya sama,mengapa registrasi saja sulit sekali terutama pada bagian verifikasi nomor ponsel selalu muncul permintaan anda belum dapat diproses silakan coba beberapa saat lagi sudah dicoba berkali kali selalu keterangannya sama,"['mengapa', 'registrasi', 'saja', 'sulit', 'sekali', 'terutama', 'pada', 'bagian', 'verifikasi', 'nomor', 'ponsel', 'selalu', 'muncul', 'permintaan', 'anda', 'belum', 'dapat', 'diproses', 'silakan', 'coba', 'beberapa', 'saat', 'lagi', 'sudah', 'dicoba', 'berkali', 'kali', 'selalu', 'keterangannya', 'sama']","['registrasi', 'sulit', 'sekali', 'terutama', 'bagian', 'verifikasi', 'nomor', 'ponsel', 'selalu', 'muncul', 'permintaan', 'diproses', 'silakan', 'coba', 'beberapa', 'dicoba', 'berkali', 'kali', 'selalu', 'keterangannya', 'sama']","['registrasi', 'sulit', 'sekali', 'terutama', 'bagian', 'verifikasi', 'nomor', 'ponsel', 'selalu', 'muncul', 'permintaan', 'diproses', 'silakan', 'coba', 'beberapa', 'dicoba', 'berkali', 'kali', 'selalu', 'keterangannya', 'sama']","['registrasi', 'sulit', 'sekali', 'utama', 'bagi', 'verifikasi', 'nomor', 'ponsel', 'selalu', 'muncul', 'minta', 'proses', 'sila', 'coba', 'beberapa', 'coba', 'kali', 'kali', 'selalu', 'terang', 'sama']",registrasi sulit sekali utama bagi verifikasi nomor ponsel selalu muncul minta proses sila coba beberapa coba kali kali selalu terang sama
3fe28a94-b8c6-4d84-9537-bf0b03cab823,ga bisa masuk aplikasi tidak dapat memverifikasi data yang sudah benar tolong perbaiki,1,2026-07-05,21,Juli,negatif,ga bisa masuk aplikasi tidak dapat memverifikasi data yang sudah benar tolong perbaiki,tidak bisa masuk aplikasi tidak dapat memverifikasi data yang sudah benar tolong perbaiki,"['tidak', 'bisa', 'masuk', 'aplikasi', 'tidak', 'dapat', 'memverifikasi', 'data', 'yang', 'sudah', 'benar', 'tolong', 'perbaiki']","['tidak', 'masuk', 'aplikasi', 'tidak', 'memverifikasi', 'data', 'benar', 'perbaiki']","['tidak', 'tidak_masuk', 'aplikasi', 'tidak', 'tidak_memverifikasi', 'data', 'benar', 'perbaiki']","['tidak', 'tidak_masuk', 'aplikasi', 'tidak', 'tidak_verifikasi', 'data', 'benar', 'perbaiki']",tidak tidak_masuk aplikasi tidak tidak_verifikasi data benar perbaiki
4023608d-4a69-4f6b-bd7a-c68b9dfd06fa,"kenapa sih aplikasi punya pemerintah itu rata2 jelek, sulit sekali captca nya gk muncul2",1,2026-07-22,20,Juli,negatif,kenapa sih aplikasi punya pemerintah itu rata2 jelek sulit sekali captca nya gk muncul2,kenapa sih aplikasi punya pemerintah itu rata-rata jelek sulit sekali captcha nya tidak muncul,"['kenapa', 'sih', 'aplikasi', 'punya', 'pemerintah', 'itu', 'rata-rata', 'jelek', 'sulit', 'sekali', 'captcha', 'nya', 'tidak', 'muncul']","['sih', 'aplikasi', 'punya', 'pemerintah', 'rata-rata', 'jelek', 'sulit', 'sekali', 'captcha', 'tidak', 'muncul']","['sih', 'aplikasi', 'punya', 'pemerintah', 'rata-rata', 'jelek', 'sulit', 'sekali', 'captcha', 'tidak', 'tidak_muncul']","['sih', 'aplikasi', 'punya', 'perintah', 'rata', 'jelek', 'sulit', 'sekali', 'captcha', 'tidak', 'tidak_muncul']",sih aplikasi punya perintah rata jelek sulit sekali captcha tidak tidak_muncul
406e6230-883f-48a8-b6d6-78a8c7828808,Mudah sekali penggunaan nya,5,2026-07-08,8,Juli,positif,mudah sekali penggunaan nya,mudah sekali penggunaan nya,"['mudah', 'sekali', 'penggunaan', 'nya']","['mudah', 'sekali', 'penggunaan']","['mudah', 'sekali', 'penggunaan']","['mudah', 'sekali', 'guna']",mudah sekali guna
4098db0d-eb9e-4c09-97e6-9fe37acdd3bb,mantap,5,2026-07-10,11,Juli,positif,mantap,mantap,['mantap'],['mantap'],['mantap'],['mantap'],mantap
40ab8d66-9dd5-4f8f-8762-5b178c5fbb20,ketika login capctha slalu nge bug,2,2026-06-17,16,Juni,negatif,ketika login capctha slalu nge bug,ketika login captcha selalu mengalami gangguan sistem,"['ketika', 'login', 'captcha', 'selalu', 'mengalami', 'gangguan', 'sistem']","['login', 'captcha', 'selalu', 'mengalami', 'gangguan', 'sistem']","['login', 'captcha', 'selalu', 'mengalami', 'gangguan', 'sistem']","['login', 'captcha', 'selalu', 'alami', 'ganggu', 'sistem']",login captcha selalu alami ganggu sistem
40b3a5a5-bc45-4abb-b715-be2ae450034b,aplikasi JKN sangat membantu dalam hal kesehatan,5,2026-07-11,12,Juli,positif,aplikasi jkn sangat membantu dalam hal kesehatan,aplikasi jkn sangat membantu dalam hal kesehatan,"['aplikasi', 'jkn', 'sangat', 'membantu', 'dalam', 'hal', 'kesehatan']","['aplikasi', 'jkn', 'sangat', 'membantu', 'kesehatan']","['aplikasi', 'jkn', 'sangat', 'membantu', 'kesehatan']","['aplikasi', 'jkn', 'sangat', 'bantu', 'sehat']",aplikasi jkn sangat bantu sehat
40fb2f8e-316c-42f5-a2e5-6d094425d1e4,semoga selalu membantu masyarakat miskin indonesia dengan pelayanan yg baik dari pihak2 yang terkait,5,2026-08-11,15,Agustus,netral,semoga selalu membantu masyarakat miskin indonesia dengan pelayanan yg baik dari pihak2 yang terkait,semoga selalu membantu masyarakat miskin indonesia dengan pelayanan yang baik dari pihak-pihak yang terkait,"['semoga', 'selalu', 'membantu', 'masyarakat', 'miskin', 'indonesia', 'dengan', 'pelayanan', 'yang', 'baik', 'dari', 'pihak-pihak', 'yang', 'terkait']","['semoga', 'selalu', 'membantu', 'masyarakat', 'miskin', 'indonesia', 'pelayanan', 'baik', 'pihak-pihak', 'terkait']","['semoga', 'selalu', 'membantu', 'masyarakat', 'miskin', 'indonesia', 'pelayanan', 'baik', 'pihak-pihak', 'terkait']","['moga', 'selalu', 'bantu', 'masyarakat', 'miskin', 'indonesia', 'layan', 'baik', 'pihak', 'kait']",moga selalu bantu masyarakat miskin indonesia layan baik pihak kait
411c7f91-1797-42de-8496-df04b6f602bd,"aplikasi gak guna,masa mau perbaharui nomor sama email gak bisa,konyol banget apknya, verifikasi juga pke pulsa,gratis woi udah kena pajak malah dipajakin lagi",1,2026-06-28,15,Juni,negatif,aplikasi gak guna masa mau perbaharui nomor sama email gak bisa konyol banget apknya verifikasi juga pke pulsa gratis woi udah kena pajak malah dipajakin lagi,aplikasi tidak berguna masa mau perbarui nomor sama email tidak bisa konyol sangat aplikasinya verifikasi juga pakai pulsa gratis woi sudah kena pajak malah dipajaki lagi,"['aplikasi', 'tidak', 'berguna', 'masa', 'mau', 'perbarui', 'nomor', 'sama', 'email', 'tidak', 'bisa', 'konyol', 'sangat', 'aplikasinya', 'verifikasi', 'juga', 'pakai', 'pulsa', 'gratis', 'woi', 'sudah', 'kena', 'pajak', 'malah', 'dipajaki', 'lagi']","['aplikasi', 'tidak', 'berguna', 'masa', 'mau', 'perbarui', 'nomor', 'sama', 'email', 'tidak', 'konyol', 'sangat', 'aplikasinya', 'verifikasi', 'pakai', 'pulsa', 'gratis', 'woi', 'kena', 'pajak', 'malah', 'dipajaki']","['aplikasi', 'tidak', 'tidak_berguna', 'masa', 'mau', 'perbarui', 'nomor', 'sama', 'email', 'tidak', 'tidak_konyol', 'sangat', 'aplikasinya', 'verifikasi', 'pakai', 'pulsa', 'gratis', 'woi', 'kena', 'pajak', 'malah', 'dipajaki']","['aplikasi', 'tidak', 'tidak_guna', 'masa', 'mau', 'baru', 'nomor', 'sama', 'email', 'tidak', 'tidak_konyol', 'sangat', 'aplikasi', 'verifikasi', 'pakai', 'pulsa', 'gratis', 'woi', 'kena', 'pajak', 'malah', 'pajak']",aplikasi tidak tidak_guna masa mau baru nomor sama email tidak tidak_konyol sangat aplikasi verifikasi pakai pulsa gratis woi kena pajak malah pajak
41322e43-af07-4db5-b659-b1eac7d40e70,baik,5,2026-07-20,5,Juli,positif,baik,baik,['baik'],['baik'],['baik'],['baik'],baik
417bbbf2-f5d1-4436-905f-25d8ac2f4dc9,Lumayan update,4,2026-08-02,21,Agustus,positif,lumayan update,lumayan pembaruan,"['lumayan', 'pembaruan']","['lumayan', 'pembaruan']","['lumayan', 'pembaruan']","['lumayan', 'baru']",lumayan baru
418acc12-c1db-437b-b1e9-9c8f26b438d2,sangat membantu,5,2026-07-20,3,Juli,positif,sangat membantu,sangat membantu,"['sangat', 'membantu']","['sangat', 'membantu']","['sangat', 'membantu']","['sangat', 'bantu']",sangat bantu
41979750-d2e6-436e-bc9f-d1524480df02,"masih percobaan, hanya saja untuk ambil antrian kadang susah",4,2026-08-18,9,Agustus,negatif,masih percobaan hanya saja untuk ambil antrian kadang susah,masih percobaan hanya saja untuk ambil antrean kadang susah,"['masih', 'percobaan', 'hanya', 'saja', 'untuk', 'ambil', 'antrean', 'kadang', 'susah']","['percobaan', 'ambil', 'antrean', 'kadang', 'susah']","['percobaan', 'ambil', 'antrean', 'kadang', 'susah']","['coba', 'ambil', 'antre', 'kadang', 'susah']",coba ambil antre kadang susah
42058574-f624-4aac-89d6-f787aaa50921,bagus,5,2026-07-12,17,Juli,positif,bagus,bagus,['bagus'],['bagus'],['bagus'],['bagus'],bagus
421534d5-aa92-4bc0-8abc-6e8a13bbf2e9,good,5,2026-08-30,13,Agustus,positif,good,bagus,['bagus'],['bagus'],['bagus'],['bagus'],bagus
42675b69-0063-4ee3-8865-aebf8b3451f4,cepat d bagus gak ribet sangat menuaskan,5,2026-08-27,10,Agustus,positif,cepat d bagus gak ribet sangat menuaskan,cepat dan bagus tidak rumit sangat memuaskan,"['cepat', 'dan', 'bagus', 'tidak', 'rumit', 'sangat', 'memuaskan']","['cepat', 'bagus', 'tidak', 'rumit', 'sangat', 'memuaskan']","['cepat', 'bagus', 'tidak', 'tidak_rumit', 'sangat', 'memuaskan']","['cepat', 'bagus', 'tidak', 'tidak_rumit', 'sangat', 'muas']",cepat bagus tidak tidak_rumit sangat muas
427a4953-8540-4039-92eb-8bc5b76c6bad,"ribet bngt mau daftar doang, kebanyakan menu, develop nya siapa sih. itu menu berita dihilangkan saja, pngumuman layanan melalui notif saja",1,2026-07-04,11,Juli,negatif,ribet bngt mau daftar doang kebanyakan menu develop nya siapa sih itu menu berita dihilangkan saja pngumuman layanan melalui notif saja,rumit sangat mau daftar saja kebanyakan menu pengembang nya siapa sih itu menu berita dihilangkan saja pengumuman layanan melalui notifikasi saja,"['rumit', 'sangat', 'mau', 'daftar', 'saja', 'kebanyakan', 'menu', 'pengembang', 'nya', 'siapa', 'sih', 'itu', 'menu', 'berita', 'dihilangkan', 'saja', 'pengumuman', 'layanan', 'melalui', 'notifikasi', 'saja']","['rumit', 'sangat', 'mau', 'daftar', 'kebanyakan', 'menu', 'pengembang', 'siapa', 'sih', 'menu', 'berita', 'dihilangkan', 'pengumuman', 'layanan', 'melalui', 'notifikasi']","['rumit', 'sangat', 'mau', 'daftar', 'kebanyakan', 'menu', 'pengembang', 'siapa', 'sih', 'menu', 'berita', 'dihilangkan', 'pengumuman', 'layanan', 'melalui', 'notifikasi']","['rumit', 'sangat', 'mau', 'daftar', 'banyak', 'menu', 'kembang', 'siapa', 'sih', 'menu', 'berita', 'hilang', 'umum', 'layan', 'lalu', 'notifikasi']",rumit sangat mau daftar banyak menu kembang siapa sih menu berita hilang umum layan lalu notifikasi
428cbedd-2d75-4a73-b033-02ce6d763429,memperlancar wayberobat,5,2026-07-04,22,Juli,positif,memperlancar wayberobat,memperlancar cara berobat,"['memperlancar', 'cara', 'berobat']","['memperlancar', 'cara', 'berobat']","['memperlancar', 'cara', 'berobat']","['lancar', 'cara', 'obat']",lancar cara obat
42bd6af8-0e4d-4ec2-bd92-2ce92a74a6ed,mudah2an makin membaik apk ini membantu indonesia sehat,5,2026-06-03,11,Juni,netral,mudah2an makin membaik apk ini membantu indonesia sehat,mudah2an makin membaik aplikasi ini membantu indonesia sehat,"['mudah2an', 'makin', 'membaik', 'aplikasi', 'ini', 'membantu', 'indonesia', 'sehat']","['mudah2an', 'makin', 'membaik', 'aplikasi', 'membantu', 'indonesia', 'sehat']","['mudah2an', 'makin', 'membaik', 'aplikasi', 'membantu', 'indonesia', 'sehat']","['mudah2an', 'makin', 'baik', 'aplikasi', 'bantu', 'indonesia', 'sehat']",mudah2an makin baik aplikasi bantu indonesia sehat
431874a1-6c1c-43cb-8202-32577368f5bc,bagus,5,2026-07-06,13,Juli,positif,bagus,bagus,['bagus'],['bagus'],['bagus'],['bagus'],bagus
436b310b-ceb7-4c38-9392-c10b9b07a7bc,apk nya gak bisa di gunakan mau daftar aja susah banget ini yang rusak apknya apa gimana sih,1,2026-08-22,14,Agustus,negatif,apk nya gak bisa di gunakan mau daftar aja susah banget ini yang rusak apknya apa gimana sih,aplikasi nya tidak bisa digunakan mau daftar saja susah sangat ini yang rusak aplikasinya apa bagaimana sih,"['aplikasi', 'nya', 'tidak', 'bisa', 'digunakan', 'mau', 'daftar', 'saja', 'susah', 'sangat', 'ini', 'yang', 'rusak', 'aplikasinya', 'apa', 'bagaimana', 'sih']","['aplikasi', 'tidak', 'digunakan', 'mau', 'daftar', 'susah', 'sangat', 'rusak', 'aplikasinya', 'apa', 'bagaimana', 'sih']","['aplikasi', 'tidak', 'tidak_digunakan', 'mau', 'daftar', 'susah', 'sangat', 'rusak', 'aplikasinya', 'apa', 'bagaimana', 'sih']","['aplikasi', 'tidak', 'tidak_guna', 'mau', 'daftar', 'susah', 'sangat', 'rusak', 'aplikasi', 'apa', 'bagaimana', 'sih']",aplikasi tidak tidak_guna mau daftar susah sangat rusak aplikasi apa bagaimana sih
43dec49a-55cf-48e5-a157-e0a0917df459,aplikasi ruet kyok negorone,1,2026-06-27,21,Juni,negatif,aplikasi ruet kyok negorone,aplikasi rumit seperti negaranya,"['aplikasi', 'rumit', 'seperti', 'negaranya']","['aplikasi', 'rumit', 'negaranya']","['aplikasi', 'rumit', 'negaranya']","['aplikasi', 'rumit', 'negara']",aplikasi rumit negara
442cb47d-e2c6-445c-8515-44039b0db0ac,perubahan alamat faskes gampang sekali tapi tunggu 1 bln kedepan br bisa digunakam Terima kasih Mobile jkn,5,2026-08-01,7,Agustus,positif,perubahan alamat faskes gampang sekali tapi tunggu 1 bln kedepan br bisa digunakam terima kasih mobile jkn,perubahan alamat faskes mudah sekali tapi tunggu 1 bulan ke depan baru bisa digunakan terima kasih mobile jkn,"['perubahan', 'alamat', 'faskes', 'mudah', 'sekali', 'tapi', 'tunggu', '1', 'bulan', 'ke', 'depan', 'baru', 'bisa', 'digunakan', 'terima', 'kasih', 'mobile', 'jkn']","['perubahan', 'alamat', 'faskes', 'mudah', 'sekali', 'tunggu', '1', 'bulan', 'depan', 'baru', 'digunakan', 'terima', 'kasih', 'mobile', 'jkn']","['perubahan', 'alamat', 'faskes', 'mudah', 'sekali', 'tunggu', '1', 'bulan', 'depan', 'baru', 'digunakan', 'terima', 'kasih', 'mobile', 'jkn']","['ubah', 'alamat', 'faskes', 'mudah', 'sekali', 'tunggu', '1', 'bulan', 'depan', 'baru', 'guna', 'terima', 'kasih', 'mobile', 'jkn']",ubah alamat faskes mudah sekali tunggu 1 bulan depan baru guna terima kasih mobile jkn
447a587c-b832-4c8e-b7fe-4d686c815230,"lebih praktis, sangat membantu pasian rawat jalan.",5,2026-06-01,10,Juni,positif,lebih praktis sangat membantu pasian rawat jalan,lebih praktis sangat membantu pasien rawat jalan,"['lebih', 'praktis', 'sangat', 'membantu', 'pasien', 'rawat', 'jalan']","['lebih', 'praktis', 'sangat', 'membantu', 'pasien', 'rawat', 'jalan']","['lebih', 'praktis', 'sangat', 'membantu', 'pasien', 'rawat', 'jalan']","['lebih', 'praktis', 'sangat', 'bantu', 'pasien', 'rawat', 'jalan']",lebih praktis sangat bantu pasien rawat jalan
448d2397-743f-4311-962c-bf49691d13da,hp normal gak root kok dibilang root. kacau,1,2026-06-03,17,Juni,negatif,hp normal gak root kok dibilang root kacau,ponsel normal tidak root kok dibilang root kacau,"['ponsel', 'normal', 'tidak', 'root', 'kok', 'dibilang', 'root', 'kacau']","['ponsel', 'normal', 'tidak', 'root', 'kok', 'dibilang', 'root', 'kacau']","['ponsel', 'normal', 'tidak', 'tidak_root', 'kok', 'dibilang', 'root', 'kacau']","['ponsel', 'normal', 'tidak', 'tidak_root', 'kok', 'bilang', 'root', 'kacau']",ponsel normal tidak tidak_root kok bilang root kacau
44af5753-94e1-451d-917b-dc5a5865dddc,sangat membantu dan bermafaat,5,2026-08-08,5,Agustus,positif,sangat membantu dan bermafaat,sangat membantu dan bermanfaat,"['sangat', 'membantu', 'dan', 'bermanfaat']","['sangat', 'membantu', 'bermanfaat']","['sangat', 'membantu', 'bermanfaat']","['sangat', 'bantu', 'manfaat']",sangat bantu manfaat
44d984ff-0391-46ea-8478-31250154512b,bismillah,5,2026-08-07,20,Agustus,netral,bismillah,bismillah,['bismillah'],['bismillah'],['bismillah'],['bismillah'],bismillah
44ec66fa-0cbb-410c-be38-99c3b7beb9b7,mudah di gunakan,5,2026-08-20,7,Agustus,positif,mudah di gunakan,mudah digunakan,"['mudah', 'digunakan']","['mudah', 'digunakan']","['mudah', 'digunakan']","['mudah', 'guna']",mudah guna
45448d34-7a6c-486c-a604-cb029ae1d8d9,bagus... sangat membantu,5,2026-07-04,6,Juli,positif,bagus sangat membantu,bagus sangat membantu,"['bagus', 'sangat', 'membantu']","['bagus', 'sangat', 'membantu']","['bagus', 'sangat', 'membantu']","['bagus', 'sangat', 'bantu']",bagus sangat bantu
456cf8e6-e814-4e5b-b992-cc440e6e916d,Aplikasi sangat membantu dalam proses pendaftaran dll..makasih ya,5,2026-06-25,5,Juni,positif,aplikasi sangat membantu dalam proses pendaftaran dll makasih ya,aplikasi sangat membantu dalam proses pendaftaran dan lain-lain terima kasih ya,"['aplikasi', 'sangat', 'membantu', 'dalam', 'proses', 'pendaftaran', 'dan', 'lain-lain', 'terima', 'kasih', 'ya']","['aplikasi', 'sangat', 'membantu', 'proses', 'pendaftaran', 'lain-lain', 'terima', 'kasih']","['aplikasi', 'sangat', 'membantu', 'proses', 'pendaftaran', 'lain-lain', 'terima', 'kasih']","['aplikasi', 'sangat', 'bantu', 'proses', 'daftar', 'lain', 'terima', 'kasih']",aplikasi sangat bantu proses daftar lain terima kasih
45737e90-937b-4c10-bec3-352270275aa4,aplikasi susah,1,2026-07-31,19,Juli,negatif,aplikasi susah,aplikasi susah,"['aplikasi', 'susah']","['aplikasi', 'susah']","['aplikasi', 'susah']","['aplikasi', 'susah']",aplikasi susah
4582e8c9-de20-482b-8fd5-c2e7340aab53,memudahkan peserta bpjs,5,2026-08-29,17,Agustus,positif,memudahkan peserta bpjs,memudahkan peserta bpjs,"['memudahkan', 'peserta', 'bpjs']","['memudahkan', 'peserta', 'bpjs']","['memudahkan', 'peserta', 'bpjs']","['mudah', 'serta', 'bpjs']",mudah serta bpjs
458ca41e-a8d7-4d5e-9f28-a42fd1aa9d38,toling dongg diperbaiki apk nyaa nyusahin org mau periksa ajaaa,1,2026-06-24,20,Juni,negatif,toling dongg diperbaiki apk nyaa nyusahin org mau periksa ajaaa,tolong dong diperbaiki aplikasi nya menyusahkan orang mau periksa saja,"['tolong', 'dong', 'diperbaiki', 'aplikasi', 'nya', 'menyusahkan', 'orang', 'mau', 'periksa', 'saja']","['dong', 'diperbaiki', 'aplikasi', 'menyusahkan', 'orang', 'mau', 'periksa']","['dong', 'diperbaiki', 'aplikasi', 'menyusahkan', 'orang', 'mau', 'periksa']","['dong', 'perbaiki', 'aplikasi', 'susah', 'orang', 'mau', 'periksa']",dong perbaiki aplikasi susah orang mau periksa
460dc176-962e-4c8e-bf0e-0c676cb1c6de,Alhamdulillah apk ini sangat membantu,5,2026-06-13,6,Juni,positif,alhamdulillah apk ini sangat membantu,alhamdulillah aplikasi ini sangat membantu,"['alhamdulillah', 'aplikasi', 'ini', 'sangat', 'membantu']","['alhamdulillah', 'aplikasi', 'sangat', 'membantu']","['alhamdulillah', 'aplikasi', 'sangat', 'membantu']","['alhamdulillah', 'aplikasi', 'sangat', 'bantu']",alhamdulillah aplikasi sangat bantu
4673aac4-8166-403b-a498-4ba96e479881,sudah lebih baik,5,2026-06-01,12,Juni,positif,sudah lebih baik,sudah lebih baik,"['sudah', 'lebih', 'baik']","['lebih', 'baik']","['lebih', 'baik']","['lebih', 'baik']",lebih baik
4735efdf-5cce-4d0c-a9c7-197923f838ee,"kode otp gk masuk"" gila!!! stres aku gara"" aplikasi mobile jkn.",1,2026-08-06,15,Agustus,negatif,kode otp gk masuk gila stres aku gara aplikasi mobile jkn,kode otp tidak masuk gila stres aku gara aplikasi mobile jkn,"['kode', 'otp', 'tidak', 'masuk', 'gila', 'stres', 'aku', 'gara', 'aplikasi', 'mobile', 'jkn']","['kode', 'otp', 'tidak', 'masuk', 'gila', 'stres', 'aku', 'gara', 'aplikasi', 'mobile', 'jkn']","['kode', 'otp', 'tidak', 'tidak_masuk', 'gila', 'stres', 'aku', 'gara', 'aplikasi', 'mobile', 'jkn']","['kode', 'otp', 'tidak', 'tidak_masuk', 'gila', 'stres', 'aku', 'gara', 'aplikasi', 'mobile', 'jkn']",kode otp tidak tidak_masuk gila stres aku gara aplikasi mobile jkn
477f9383-5d14-45ea-971b-baf095c71044,apk rusak,1,2026-07-30,16,Juli,negatif,apk rusak,aplikasi rusak,"['aplikasi', 'rusak']","['aplikasi', 'rusak']","['aplikasi', 'rusak']","['aplikasi', 'rusak']",aplikasi rusak
479b6ee0-81b4-41ac-b92e-bebd5423e4d1,"muter"" terus. kekny lahan korupsi lgi aja ni app",1,2026-07-24,7,Juli,negatif,muter terus kekny lahan korupsi lgi aja ni app,berputar terus sepertinya lahan korupsi lagi saja ini aplikasi,"['berputar', 'terus', 'sepertinya', 'lahan', 'korupsi', 'lagi', 'saja', 'ini', 'aplikasi']","['berputar', 'terus', 'sepertinya', 'lahan', 'korupsi', 'aplikasi']","['berputar', 'terus', 'sepertinya', 'lahan', 'korupsi', 'aplikasi']","['putar', 'terus', 'seperti', 'lahan', 'korupsi', 'aplikasi']",putar terus seperti lahan korupsi aplikasi
47cc4fcf-2bc4-4800-a5ce-f8605d6a9313,pelayanam cepat dan mudah,5,2026-07-24,9,Juli,positif,pelayanam cepat dan mudah,pelayanan cepat dan mudah,"['pelayanan', 'cepat', 'dan', 'mudah']","['pelayanan', 'cepat', 'mudah']","['pelayanan', 'cepat', 'mudah']","['layan', 'cepat', 'mudah']",layan cepat mudah
47d24c18-5cd5-4047-aebd-983cb98d208a,terimakasih jkn sengat membantu,5,2026-07-17,6,Juli,positif,terimakasih jkn sengat membantu,terima kasih jkn sangat membantu,"['terima', 'kasih', 'jkn', 'sangat', 'membantu']","['terima', 'kasih', 'jkn', 'sangat', 'membantu']","['terima', 'kasih', 'jkn', 'sangat', 'membantu']","['terima', 'kasih', 'jkn', 'sangat', 'bantu']",terima kasih jkn sangat bantu
47d75ddf-4ba0-4d22-9a75-836673c5c923,"tolonglah diperbaiki lagi lah, erorr terus saja ngak bisa daftar online. mending offline ajalah cepat. online malah repot lama lagi.",3,2026-08-04,9,Agustus,negatif,tolonglah diperbaiki lagi lah erorr terus saja ngak bisa daftar online mending offline ajalah cepat online malah repot lama lagi,tolonglah diperbaiki lagi lah error terus saja tidak bisa daftar daring lebih baik luring saja cepat daring malah repot lama lagi,"['tolonglah', 'diperbaiki', 'lagi', 'lah', 'error', 'terus', 'saja', 'tidak', 'bisa', 'daftar', 'daring', 'lebih', 'baik', 'luring', 'saja', 'cepat', 'daring', 'malah', 'repot', 'lama', 'lagi']","['tolonglah', 'diperbaiki', 'lah', 'error', 'terus', 'tidak', 'daftar', 'daring', 'lebih', 'baik', 'luring', 'cepat', 'daring', 'malah', 'repot', 'lama']","['tolonglah', 'diperbaiki', 'lah', 'error', 'terus', 'tidak', 'tidak_daftar', 'daring', 'lebih', 'baik', 'luring', 'cepat', 'daring', 'malah', 'repot', 'lama']","['tolong', 'perbaiki', 'lah', 'error', 'terus', 'tidak', 'tidak_daftar', 'daring', 'lebih', 'baik', 'luring', 'cepat', 'daring', 'malah', 'repot', 'lama']",tolong perbaiki lah error terus tidak tidak_daftar daring lebih baik luring cepat daring malah repot lama
47fe1f31-7090-4b3a-94ce-018a49b3491a,terlalu banyak erornya bikin pusing 🫤,1,2026-08-05,19,Agustus,negatif,terlalu banyak erornya bikin pusing,terlalu banyak errornya membuat pusing,"['terlalu', 'banyak', 'errornya', 'membuat', 'pusing']","['terlalu', 'banyak', 'errornya', 'membuat', 'pusing']","['terlalu', 'banyak', 'errornya', 'membuat', 'pusing']","['terlalu', 'banyak', 'errornya', 'buat', 'pusing']",terlalu banyak errornya buat pusing
483de090-0ca6-4d0e-a246-5df879c6a6b8,identifikasi wajah sulit bikin software ny abal²,1,2026-06-03,17,Juni,negatif,identifikasi wajah sulit bikin software ny abal2,identifikasi wajah sulit membuat perangkat lunak nya abal-abal,"['identifikasi', 'wajah', 'sulit', 'membuat', 'perangkat', 'lunak', 'nya', 'abal-abal']","['identifikasi', 'wajah', 'sulit', 'membuat', 'perangkat', 'lunak', 'abal-abal']","['identifikasi', 'wajah', 'sulit', 'membuat', 'perangkat', 'lunak', 'abal-abal']","['identifikasi', 'wajah', 'sulit', 'buat', 'perangkat', 'lunak', 'abal-abal']",identifikasi wajah sulit buat perangkat lunak abal-abal
48c46036-ff37-4a1e-8e1b-a3620753427f,saya sangat merasakan manfaatnya..mudah digunakan. ikuti aja petujuk setiap langkahnya,5,2026-07-30,18,Juli,positif,saya sangat merasakan manfaatnya mudah digunakan ikuti aja petujuk setiap langkahnya,saya sangat merasakan manfaatnya mudah digunakan ikuti saja petunjuk setiap langkahnya,"['saya', 'sangat', 'merasakan', 'manfaatnya', 'mudah', 'digunakan', 'ikuti', 'saja', 'petunjuk', 'setiap', 'langkahnya']","['sangat', 'merasakan', 'manfaatnya', 'mudah', 'digunakan', 'ikuti', 'petunjuk', 'langkahnya']","['sangat', 'merasakan', 'manfaatnya', 'mudah', 'digunakan', 'ikuti', 'petunjuk', 'langkahnya']","['sangat', 'rasa', 'manfaat', 'mudah', 'guna', 'ikut', 'tunjuk', 'langkah']",sangat rasa manfaat mudah guna ikut tunjuk langkah
48e77fd1-e562-46ea-897a-de600294ebb7,semoga aja aplikasi nya cepat loding nya dan semakin canggih,5,2026-08-22,13,Agustus,netral,semoga aja aplikasi nya cepat loding nya dan semakin canggih,semoga saja aplikasi nya cepat memuat nya dan semakin canggih,"['semoga', 'saja', 'aplikasi', 'nya', 'cepat', 'memuat', 'nya', 'dan', 'semakin', 'canggih']","['semoga', 'aplikasi', 'cepat', 'memuat', 'semakin', 'canggih']","['semoga', 'aplikasi', 'cepat', 'memuat', 'semakin', 'canggih']","['moga', 'aplikasi', 'cepat', 'muat', 'makin', 'canggih']",moga aplikasi cepat muat makin canggih
49093953-d72b-4bbc-9031-d752e80a1c48,server sering ganguan. aplikasi sangat sulit merespon. sering error,1,2026-07-31,23,Juli,negatif,server sering ganguan aplikasi sangat sulit merespon sering error,server sering gangguan aplikasi sangat sulit merespons sering error,"['server', 'sering', 'gangguan', 'aplikasi', 'sangat', 'sulit', 'merespons', 'sering', 'error']","['server', 'sering', 'gangguan', 'aplikasi', 'sangat', 'sulit', 'merespons', 'sering', 'error']","['server', 'sering', 'gangguan', 'aplikasi', 'sangat', 'sulit', 'merespons', 'sering', 'error']","['server', 'sering', 'ganggu', 'aplikasi', 'sangat', 'sulit', 'respons', 'sering', 'error']",server sering ganggu aplikasi sangat sulit respons sering error
49289e88-53cc-4582-ad3b-b692d75224a0,"Sy coba donlod, ternyata terlalu ribed, Sy mengakses rehab cicilan gak bs!",1,2026-08-07,9,Agustus,negatif,sy coba donlod ternyata terlalu ribed sy mengakses rehab cicilan gak bs,saya coba unduh ternyata terlalu rumit saya mengakses rehabilitasi cicilan tidak bisa,"['saya', 'coba', 'unduh', 'ternyata', 'terlalu', 'rumit', 'saya', 'mengakses', 'rehabilitasi', 'cicilan', 'tidak', 'bisa']","['coba', 'unduh', 'ternyata', 'terlalu', 'rumit', 'mengakses', 'rehabilitasi', 'cicilan', 'tidak']","['coba', 'unduh', 'ternyata', 'terlalu', 'rumit', 'mengakses', 'rehabilitasi', 'cicilan', 'tidak']","['coba', 'unduh', 'nyata', 'terlalu', 'rumit', 'akses', 'rehabilitasi', 'cicil', 'tidak']",coba unduh nyata terlalu rumit akses rehabilitasi cicil tidak
4949e768-e80b-42da-8fe2-79773e1d8960,terima kasih sudah membantu saya.,5,2026-07-19,15,Juli,positif,terima kasih sudah membantu saya,terima kasih sudah membantu saya,"['terima', 'kasih', 'sudah', 'membantu', 'saya']","['terima', 'kasih', 'membantu']","['terima', 'kasih', 'membantu']","['terima', 'kasih', 'bantu']",terima kasih bantu
494e47f2-3a70-461f-8618-5bbef8937e61,top,5,2026-08-20,13,Agustus,positif,top,terbaik,['terbaik'],['terbaik'],['terbaik'],['baik'],baik
496a9680-7dfa-48e7-b150-b80e24171e04,terimakasih sudah sangat membantu,5,2026-08-07,1,Agustus,positif,terimakasih sudah sangat membantu,terima kasih sudah sangat membantu,"['terima', 'kasih', 'sudah', 'sangat', 'membantu']","['terima', 'kasih', 'sangat', 'membantu']","['terima', 'kasih', 'sangat', 'membantu']","['terima', 'kasih', 'sangat', 'bantu']",terima kasih sangat bantu
4970cfe8-3b8d-4e83-a4a3-cd0e8c339b16,Manteb bgt dah,5,2026-06-29,10,Juni,positif,manteb bgt dah,mantap sangat sudah,"['mantap', 'sangat', 'sudah']","['mantap', 'sangat']","['mantap', 'sangat']","['mantap', 'sangat']",mantap sangat
4a05d392-a0c1-4cf5-9085-068ba82aff62,the best,5,2026-08-15,8,Agustus,positif,the best,yang terbaik,"['yang', 'terbaik']",['terbaik'],['terbaik'],['baik'],baik
4a21ca5f-97c6-401c-8137-8748fec4c0b1,baik,5,2026-07-23,12,Juli,positif,baik,baik,['baik'],['baik'],['baik'],['baik'],baik
4a539a62-da3d-49d0-8b5c-6a3d98088643,lemot,3,2026-08-27,8,Agustus,negatif,lemot,lambat,['lambat'],['lambat'],['lambat'],['lambat'],lambat
4a7a8c85-7abd-494c-a38b-4f4bf5d9f6ee,"sangat buruk, verifikasi selalu gagal, aplikasi tidak berguna, hanya buat menyusahkan aja.",1,2026-07-21,12,Juli,negatif,sangat buruk verifikasi selalu gagal aplikasi tidak berguna hanya buat menyusahkan aja,sangat buruk verifikasi selalu gagal aplikasi tidak berguna hanya buat menyusahkan saja,"['sangat', 'buruk', 'verifikasi', 'selalu', 'gagal', 'aplikasi', 'tidak', 'berguna', 'hanya', 'buat', 'menyusahkan', 'saja']","['sangat', 'buruk', 'verifikasi', 'selalu', 'gagal', 'aplikasi', 'tidak', 'berguna', 'buat', 'menyusahkan']","['sangat', 'buruk', 'verifikasi', 'selalu', 'gagal', 'aplikasi', 'tidak', 'tidak_berguna', 'buat', 'menyusahkan']","['sangat', 'buruk', 'verifikasi', 'selalu', 'gagal', 'aplikasi', 'tidak', 'tidak_guna', 'buat', 'susah']",sangat buruk verifikasi selalu gagal aplikasi tidak tidak_guna buat susah
4a86f92a-204f-47f5-a3ad-1e0fb7e3931c,Server aman bang?,1,2026-08-05,8,Agustus,netral,server aman bang,server aman bang,"['server', 'aman', 'bang']","['server', 'aman', 'bang']","['server', 'aman', 'bang']","['server', 'aman', 'bang']",server aman bang
4a8c1797-e251-49ab-8279-d78dd4e6dce5,bagus,5,2026-07-14,4,Juli,positif,bagus,bagus,['bagus'],['bagus'],['bagus'],['bagus'],bagus
4ad0911d-7c22-4fb0-8d6b-8338d7185429,mantaap,5,2026-06-24,14,Juni,positif,mantaap,mantap,['mantap'],['mantap'],['mantap'],['mantap'],mantap
4b0c162f-4dc8-4869-81b4-6d220e7d6698,mantap,5,2026-07-30,16,Juli,positif,mantap,mantap,['mantap'],['mantap'],['mantap'],['mantap'],mantap
4b7693d3-1599-49e0-9bcd-18330e6a8151,sangat membantu jadi kita gak perlu repot lagih untuk ngantri,5,2026-06-09,7,Juni,positif,sangat membantu jadi kita gak perlu repot lagih untuk ngantri,sangat membantu jadi kita tidak perlu repot lagi untuk mengantre,"['sangat', 'membantu', 'jadi', 'kita', 'tidak', 'perlu', 'repot', 'lagi', 'untuk', 'mengantre']","['sangat', 'membantu', 'jadi', 'tidak', 'perlu', 'repot', 'mengantre']","['sangat', 'membantu', 'jadi', 'tidak', 'tidak_perlu', 'repot', 'mengantre']","['sangat', 'bantu', 'jadi', 'tidak', 'tidak_perlu', 'repot', 'antre']",sangat bantu jadi tidak tidak_perlu repot antre
4b9066dd-86f1-4650-83a6-a126f7756dfb,memudhkan pelayanan,5,2026-08-08,12,Agustus,positif,memudhkan pelayanan,memudahkan pelayanan,"['memudahkan', 'pelayanan']","['memudahkan', 'pelayanan']","['memudahkan', 'pelayanan']","['mudah', 'layan']",mudah layan
4be48fe6-f80a-4ee8-b4fd-640a40249fc6,"kenapa skrg mau dftr melalui JKN malah gagal2 terus?kepersertaan aktif, rujukan aktif, kuota memadai, internet bagus. SOLUSI nya apaaaaa???????",1,2026-08-02,20,Agustus,negatif,kenapa skrg mau dftr melalui jkn malah gagal2 terus kepersertaan aktif rujukan aktif kuota memadai internet bagus solusi nya apaaaaa,kenapa sekarang mau daftar melalui jkn malah gagal terus kepesertaan aktif rujukan aktif kuota memadai internet bagus solusi nya apa,"['kenapa', 'sekarang', 'mau', 'daftar', 'melalui', 'jkn', 'malah', 'gagal', 'terus', 'kepesertaan', 'aktif', 'rujukan', 'aktif', 'kuota', 'memadai', 'internet', 'bagus', 'solusi', 'nya', 'apa']","['sekarang', 'mau', 'daftar', 'melalui', 'jkn', 'malah', 'gagal', 'terus', 'kepesertaan', 'aktif', 'rujukan', 'aktif', 'kuota', 'memadai', 'internet', 'bagus', 'solusi', 'apa']","['sekarang', 'mau', 'daftar', 'melalui', 'jkn', 'malah', 'gagal', 'terus', 'kepesertaan', 'aktif', 'rujukan', 'aktif', 'kuota', 'memadai', 'internet', 'bagus', 'solusi', 'apa']","['sekarang', 'mau', 'daftar', 'lalu', 'jkn', 'malah', 'gagal', 'terus', 'serta', 'aktif', 'rujuk', 'aktif', 'kuota', 'pada', 'internet', 'bagus', 'solusi', 'apa']",sekarang mau daftar lalu jkn malah gagal terus serta aktif rujuk aktif kuota pada internet bagus solusi apa
4be7bd84-2901-4497-b577-b3f6bd881407,aplikasi goblokkk udah di download berkali kali tapi otp nya gamasuk masum,1,2026-06-15,11,Juni,negatif,aplikasi goblokkk udah di download berkali kali tapi otp nya gamasuk masum,aplikasi goblok sudah diunduh berkali kali tapi otp nya tidak masuk,"['aplikasi', 'goblok', 'sudah', 'diunduh', 'berkali', 'kali', 'tapi', 'otp', 'nya', 'tidak', 'masuk']","['aplikasi', 'goblok', 'diunduh', 'berkali', 'kali', 'otp', 'tidak', 'masuk']","['aplikasi', 'goblok', 'diunduh', 'berkali', 'kali', 'otp', 'tidak', 'tidak_masuk']","['aplikasi', 'goblok', 'unduh', 'kali', 'kali', 'otp', 'tidak', 'tidak_masuk']",aplikasi goblok unduh kali kali otp tidak tidak_masuk
4bfa979e-1be3-42ad-8571-7b274a6405ab,"apus aja aplikasi gk guna login gk bisa offline mulu katanya sinyal bagus padahal,tolonglah admin klo emng mau mempermudah pelayanan dengan aplikasi ya aplikasinya di perbaiki lah ini mlh mempersulit malahan lebih mudah datang langsung ke rs yg di tuju ,uang pajak buat bpjs tu di gunakan lah buat merawat sistem bukan masuk kantong",1,2026-07-01,0,Juli,negatif,apus aja aplikasi gk guna login gk bisa offline mulu katanya sinyal bagus padahal tolonglah admin klo emng mau mempermudah pelayanan dengan aplikasi ya aplikasinya di perbaiki lah ini mlh mempersulit malahan lebih mudah datang langsung ke rs yg di tuju uang pajak buat bpjs tu di gunakan lah buat merawat sistem bukan masuk kantong,hapus saja aplikasi tidak berguna login tidak bisa luring terus-menerus katanya sinyal bagus padahal tolonglah admin kalau memang mau mempermudah pelayanan dengan aplikasi ya aplikasinya diperbaiki lah ini malah mempersulit malahan lebih mudah datang langsung ke rumah sakit yang di tuju uang pajak buat bpjs itu digunakan lah buat merawat sistem bukan masuk kantong,"['hapus', 'saja', 'aplikasi', 'tidak', 'berguna', 'login', 'tidak', 'bisa', 'luring', 'terus-menerus', 'katanya', 'sinyal', 'bagus', 'padahal', 'tolonglah', 'admin', 'kalau', 'memang', 'mau', 'mempermudah', 'pelayanan', 'dengan', 'aplikasi', 'ya', 'aplikasinya', 'diperbaiki', 'lah', 'ini', 'malah', 'mempersulit', 'malahan', 'lebih', 'mudah', 'datang', 'langsung', 'ke', 'rumah', 'sakit', 'yang', 'di', 'tuju', 'uang', 'pajak', 'buat', 'bpjs', 'itu', 'digunakan', 'lah', 'buat', 'merawat', 'sistem', 'bukan', 'masuk', 'kantong']","['hapus', 'aplikasi', 'tidak', 'berguna', 'login', 'tidak', 'luring', 'terus-menerus', 'katanya', 'sinyal', 'bagus', 'padahal', 'tolonglah', 'admin', 'kalau', 'memang', 'mau', 'mempermudah', 'pelayanan', 'aplikasi', 'aplikasinya', 'diperbaiki', 'lah', 'malah', 'mempersulit', 'malahan', 'lebih', 'mudah', 'datang', 'langsung', 'rumah', 'sakit', 'tuju', 'uang', 'pajak', 'buat', 'bpjs', 'digunakan', 'lah', 'buat', 'merawat', 'sistem', 'bukan', 'masuk', 'kantong']","['hapus', 'aplikasi', 'tidak', 'tidak_berguna', 'login', 'tidak', 'tidak_luring', 'terus-menerus', 'katanya', 'sinyal', 'bagus', 'padahal', 'tolonglah', 'admin', 'kalau', 'memang', 'mau', 'mempermudah', 'pelayanan', 'aplikasi', 'aplikasinya', 'diperbaiki', 'lah', 'malah', 'mempersulit', 'malahan', 'lebih', 'mudah', 'datang', 'langsung', 'rumah', 'sakit', 'tuju', 'uang', 'pajak', 'buat', 'bpjs', 'digunakan', 'lah', 'buat', 'merawat', 'sistem', 'bukan', 'masuk', 'kantong']","['hapus', 'aplikasi', 'tidak', 'tidak_guna', 'login', 'tidak', 'tidak_luring', 'terus', 'kata', 'sinyal', 'bagus', 'padahal', 'tolong', 'admin', 'kalau', 'memang', 'mau', 'mudah', 'layan', 'aplikasi', 'aplikasi', 'perbaiki', 'lah', 'malah', 'sulit', 'malah', 'lebih', 'mudah', 'datang', 'langsung', 'rumah', 'sakit', 'tuju', 'uang', 'pajak', 'buat', 'bpjs', 'guna', 'lah', 'buat', 'rawat', 'sistem', 'bukan', 'masuk', 'kantong']",hapus aplikasi tidak tidak_guna login tidak tidak_luring terus kata sinyal bagus padahal tolong admin kalau memang mau mudah layan aplikasi aplikasi perbaiki lah malah sulit malah lebih mudah datang langsung rumah sakit tuju uang pajak buat bpjs guna lah buat rawat sistem bukan masuk kantong
4c5b6347-bc44-478e-9cf7-75e3d1fb7d4b,"proses mudah tidak ribet tidak ngantri yg penting punya kuota, makasih jkn",5,2026-08-26,10,Agustus,positif,proses mudah tidak ribet tidak ngantri yg penting punya kuota makasih jkn,proses mudah tidak rumit tidak mengantre yang penting punya kuota terima kasih jkn,"['proses', 'mudah', 'tidak', 'rumit', 'tidak', 'mengantre', 'yang', 'penting', 'punya', 'kuota', 'terima', 'kasih', 'jkn']","['proses', 'mudah', 'tidak', 'rumit', 'tidak', 'mengantre', 'penting', 'punya', 'kuota', 'terima', 'kasih', 'jkn']","['proses', 'mudah', 'tidak', 'tidak_rumit', 'tidak', 'tidak_mengantre', 'penting', 'punya', 'kuota', 'terima', 'kasih', 'jkn']","['proses', 'mudah', 'tidak', 'tidak_rumit', 'tidak', 'tidak_antre', 'penting', 'punya', 'kuota', 'terima', 'kasih', 'jkn']",proses mudah tidak tidak_rumit tidak tidak_antre penting punya kuota terima kasih jkn
4cbeaba5-5cba-416a-b3ce-723385d1e4f4,bisakah nnti penambahan peserta bisa lewat JKN juga,5,2026-06-08,1,Juni,netral,bisakah nnti penambahan peserta bisa lewat jkn juga,bisakah nanti penambahan peserta bisa lewat jkn juga,"['bisakah', 'nanti', 'penambahan', 'peserta', 'bisa', 'lewat', 'jkn', 'juga']","['bisakah', 'penambahan', 'peserta', 'lewat', 'jkn']","['bisakah', 'penambahan', 'peserta', 'lewat', 'jkn']","['bisa', 'tambah', 'serta', 'lewat', 'jkn']",bisa tambah serta lewat jkn
4cc9ffdb-bc84-4f57-8da7-90470298d8d4,hilangkan kebijakan yang memaksimalkan login di 1 hp hanya 3-4 NIK,1,2026-08-30,19,Agustus,netral,hilangkan kebijakan yang memaksimalkan login di 1 hp hanya 3 4 nik,hilangkan kebijakan yang memaksimalkan login di 1 ponsel hanya 3 4 nik,"['hilangkan', 'kebijakan', 'yang', 'memaksimalkan', 'login', 'di', '1', 'ponsel', 'hanya', '3', '4', 'nik']","['hilangkan', 'kebijakan', 'memaksimalkan', 'login', '1', 'ponsel', '3', '4', 'nik']","['hilangkan', 'kebijakan', 'memaksimalkan', 'login', '1', 'ponsel', '3', '4', 'nik']","['hilang', 'bijak', 'maksimal', 'login', '1', 'ponsel', '3', '4', 'nik']",hilang bijak maksimal login 1 ponsel 3 4 nik
4cce4311-787b-4a78-b6be-b6bb5ae87375,aplikasi ga jelas mau daftar aja di persulit muter terus,1,2026-06-02,23,Juni,negatif,aplikasi ga jelas mau daftar aja di persulit muter terus,aplikasi tidak jelas mau daftar saja dipersulit berputar terus,"['aplikasi', 'tidak', 'jelas', 'mau', 'daftar', 'saja', 'dipersulit', 'berputar', 'terus']","['aplikasi', 'tidak', 'jelas', 'mau', 'daftar', 'dipersulit', 'berputar', 'terus']","['aplikasi', 'tidak', 'tidak_jelas', 'mau', 'daftar', 'dipersulit', 'berputar', 'terus']","['aplikasi', 'tidak', 'tidak_jelas', 'mau', 'daftar', 'sulit', 'putar', 'terus']",aplikasi tidak tidak_jelas mau daftar sulit putar terus
4cd39cc8-9f83-4c32-9e63-d9a5aa63ca34,"tolong dong diperbaiki. susah bangett mau daftar aja ,",1,2026-06-03,17,Juni,negatif,tolong dong diperbaiki susah bangett mau daftar aja,tolong dong diperbaiki susah sangat mau daftar saja,"['tolong', 'dong', 'diperbaiki', 'susah', 'sangat', 'mau', 'daftar', 'saja']","['dong', 'diperbaiki', 'susah', 'sangat', 'mau', 'daftar']","['dong', 'diperbaiki', 'susah', 'sangat', 'mau', 'daftar']","['dong', 'perbaiki', 'susah', 'sangat', 'mau', 'daftar']",dong perbaiki susah sangat mau daftar
4ce5d7d7-b52e-4b56-8bfb-5df84d31b4a3,tingkatkan lagi sistemnya,1,2026-07-07,7,Juli,netral,tingkatkan lagi sistemnya,tingkatkan lagi sistemnya,"['tingkatkan', 'lagi', 'sistemnya']","['tingkatkan', 'sistemnya']","['tingkatkan', 'sistemnya']","['tingkat', 'sistem']",tingkat sistem
4ced6328-bb35-486a-b16a-e0644fb53f88,makin sini makin rusakk ini aplikasi. gak bisa daftar.scan wajah gagal . masukin nomor gak bisaa,1,2026-08-28,14,Agustus,negatif,makin sini makin rusakk ini aplikasi gak bisa daftar scan wajah gagal masukin nomor gak bisaa,makin sini makin rusak ini aplikasi tidak bisa daftar pindai wajah gagal masukkan nomor tidak bisa,"['makin', 'sini', 'makin', 'rusak', 'ini', 'aplikasi', 'tidak', 'bisa', 'daftar', 'pindai', 'wajah', 'gagal', 'masukkan', 'nomor', 'tidak', 'bisa']","['makin', 'sini', 'makin', 'rusak', 'aplikasi', 'tidak', 'daftar', 'pindai', 'wajah', 'gagal', 'masukkan', 'nomor', 'tidak']","['makin', 'sini', 'makin', 'rusak', 'aplikasi', 'tidak', 'tidak_daftar', 'pindai', 'wajah', 'gagal', 'masukkan', 'nomor', 'tidak']","['makin', 'sini', 'makin', 'rusak', 'aplikasi', 'tidak', 'tidak_daftar', 'pindai', 'wajah', 'gagal', 'masuk', 'nomor', 'tidak']",makin sini makin rusak aplikasi tidak tidak_daftar pindai wajah gagal masuk nomor tidak
4d16b6fd-ce3d-47b9-b7dd-cdac7516a13b,ok,5,2026-06-15,20,Juni,positif,ok,oke,['oke'],['oke'],['oke'],['oke'],oke
4d5279b5-1984-4253-be98-e2a85a7d8b12,"awesome, it's quite friendly application",5,2026-08-13,8,Agustus,positif,awesome it s quite friendly application,sangat bagus itu s cukup ramah aplikasi,"['sangat', 'bagus', 'itu', 's', 'cukup', 'ramah', 'aplikasi']","['sangat', 'bagus', 's', 'cukup', 'ramah', 'aplikasi']","['sangat', 'bagus', 's', 'cukup', 'ramah', 'aplikasi']","['sangat', 'bagus', 's', 'cukup', 'ramah', 'aplikasi']",sangat bagus s cukup ramah aplikasi
4d67e139-ec91-443d-ab00-a1392eb6299d,semoga semakin mempermudah layanan untuk kita sebagai masyarakat,5,2026-07-14,19,Juli,netral,semoga semakin mempermudah layanan untuk kita sebagai masyarakat,semoga semakin mempermudah layanan untuk kita sebagai masyarakat,"['semoga', 'semakin', 'mempermudah', 'layanan', 'untuk', 'kita', 'sebagai', 'masyarakat']","['semoga', 'semakin', 'mempermudah', 'layanan', 'masyarakat']","['semoga', 'semakin', 'mempermudah', 'layanan', 'masyarakat']","['moga', 'makin', 'mudah', 'layan', 'masyarakat']",moga makin mudah layan masyarakat
4d74d89e-f7ed-474e-923d-71e3b00a333a,macemana pula ini ternyta bukan cuman manusia aja yang nanti di sogok baru bisa di bantu aplikasi juga seperti itu di kasih bintang 5 dulu baru bisa regist...sunggu terlalu dunia ini🤭🤭,5,2026-06-04,7,Juni,negatif,macemana pula ini ternyta bukan cuman manusia aja yang nanti di sogok baru bisa di bantu aplikasi juga seperti itu di kasih bintang 5 dulu baru bisa regist sunggu terlalu dunia ini,bagaimana pula ini ternyata bukan hanya manusia saja yang nanti di sogok baru bisa di bantu aplikasi juga seperti itu diberi bintang 5 dulu baru bisa registrasi sungguh terlalu dunia ini,"['bagaimana', 'pula', 'ini', 'ternyata', 'bukan', 'hanya', 'manusia', 'saja', 'yang', 'nanti', 'di', 'sogok', 'baru', 'bisa', 'di', 'bantu', 'aplikasi', 'juga', 'seperti', 'itu', 'diberi', 'bintang', '5', 'dulu', 'baru', 'bisa', 'registrasi', 'sungguh', 'terlalu', 'dunia', 'ini']","['bagaimana', 'ternyata', 'bukan', 'manusia', 'sogok', 'baru', 'bantu', 'aplikasi', 'diberi', 'bintang', '5', 'dulu', 'baru', 'registrasi', 'sungguh', 'terlalu', 'dunia']","['bagaimana', 'ternyata', 'bukan', 'manusia', 'sogok', 'baru', 'bantu', 'aplikasi', 'diberi', 'bintang', '5', 'dulu', 'baru', 'registrasi', 'sungguh', 'terlalu', 'dunia']","['bagaimana', 'nyata', 'bukan', 'manusia', 'sogok', 'baru', 'bantu', 'aplikasi', 'beri', 'bintang', '5', 'dulu', 'baru', 'registrasi', 'sungguh', 'terlalu', 'dunia']",bagaimana nyata bukan manusia sogok baru bantu aplikasi beri bintang 5 dulu baru registrasi sungguh terlalu dunia
4d8d8abc-37dd-4a72-a569-ffc4f0514095,sangat bagus,5,2026-06-19,20,Juni,positif,sangat bagus,sangat bagus,"['sangat', 'bagus']","['sangat', 'bagus']","['sangat', 'bagus']","['sangat', 'bagus']",sangat bagus
4d965369-c554-4def-aee3-0eb13871f633,"mohon yh untuk BPJS mandiri kalau sudah tidak terpakai jangan sistem pembayaran harus berjalan terus, jadi bukan nya bantu malah sulitin untuk kedepannya tiba tiba harus bayar sebelumnya padahal udah GK pernah dipakai",2,2026-06-01,8,Juni,negatif,mohon yh untuk bpjs mandiri kalau sudah tidak terpakai jangan sistem pembayaran harus berjalan terus jadi bukan nya bantu malah sulitin untuk kedepannya tiba tiba harus bayar sebelumnya padahal udah gk pernah dipakai,mohon ya untuk bpjs mandiri kalau sudah tidak terpakai jangan sistem pembayaran harus berjalan terus jadi bukan nya bantu malah menyulitkan untuk ke depannya tiba tiba harus bayar sebelumnya padahal sudah tidak pernah dipakai,"['mohon', 'ya', 'untuk', 'bpjs', 'mandiri', 'kalau', 'sudah', 'tidak', 'terpakai', 'jangan', 'sistem', 'pembayaran', 'harus', 'berjalan', 'terus', 'jadi', 'bukan', 'nya', 'bantu', 'malah', 'menyulitkan', 'untuk', 'ke', 'depannya', 'tiba', 'tiba', 'harus', 'bayar', 'sebelumnya', 'padahal', 'sudah', 'tidak', 'pernah', 'dipakai']","['mohon', 'bpjs', 'mandiri', 'kalau', 'tidak', 'terpakai', 'jangan', 'sistem', 'pembayaran', 'berjalan', 'terus', 'jadi', 'bukan', 'bantu', 'malah', 'menyulitkan', 'depannya', 'tiba', 'tiba', 'bayar', 'sebelumnya', 'padahal', 'tidak', 'pernah', 'dipakai']","['mohon', 'bpjs', 'mandiri', 'kalau', 'tidak', 'tidak_terpakai', 'jangan', 'sistem', 'pembayaran', 'berjalan', 'terus', 'jadi', 'bukan', 'bantu', 'malah', 'menyulitkan', 'depannya', 'tiba', 'tiba', 'bayar', 'sebelumnya', 'padahal', 'tidak', 'tidak_pernah', 'dipakai']","['mohon', 'bpjs', 'mandiri', 'kalau', 'tidak', 'tidak_pakai', 'jangan', 'sistem', 'bayar', 'jalan', 'terus', 'jadi', 'bukan', 'bantu', 'malah', 'sulit', 'depan', 'tiba', 'tiba', 'bayar', 'belum', 'padahal', 'tidak', 'tidak_pernah', 'pakai']",mohon bpjs mandiri kalau tidak tidak_pakai jangan sistem bayar jalan terus jadi bukan bantu malah sulit depan tiba tiba bayar belum padahal tidak tidak_pernah pakai
4dda212f-047a-4063-81c9-bdfdd34a408f,alhamdulillah sekarang sudah di update semoga kedepannya dapat memudahkan peserta dan bisa membawa kebaikan bersama,5,2026-07-07,17,Juli,netral,alhamdulillah sekarang sudah di update semoga kedepannya dapat memudahkan peserta dan bisa membawa kebaikan bersama,alhamdulillah sekarang sudah di pembaruan semoga ke depannya dapat memudahkan peserta dan bisa membawa kebaikan bersama,"['alhamdulillah', 'sekarang', 'sudah', 'di', 'pembaruan', 'semoga', 'ke', 'depannya', 'dapat', 'memudahkan', 'peserta', 'dan', 'bisa', 'membawa', 'kebaikan', 'bersama']","['alhamdulillah', 'sekarang', 'pembaruan', 'semoga', 'depannya', 'memudahkan', 'peserta', 'membawa', 'kebaikan', 'bersama']","['alhamdulillah', 'sekarang', 'pembaruan', 'semoga', 'depannya', 'memudahkan', 'peserta', 'membawa', 'kebaikan', 'bersama']","['alhamdulillah', 'sekarang', 'baru', 'moga', 'depan', 'mudah', 'serta', 'bawa', 'baik', 'sama']",alhamdulillah sekarang baru moga depan mudah serta bawa baik sama
4e1ab32e-3fff-4bdd-845b-82937e473183,"aplikasi busuk pasword udh bener juga di bilng salah salah gapca padahal bener,nik bener di bilang salah bener""mempersulit orang",1,2026-08-02,8,Agustus,negatif,aplikasi busuk pasword udh bener juga di bilng salah salah gapca padahal bener nik bener di bilang salah bener mempersulit orang,aplikasi busuk kata sandi sudah benar juga di bilang salah salah captcha padahal benar nik benar di bilang salah benar mempersulit orang,"['aplikasi', 'busuk', 'kata', 'sandi', 'sudah', 'benar', 'juga', 'di', 'bilang', 'salah', 'salah', 'captcha', 'padahal', 'benar', 'nik', 'benar', 'di', 'bilang', 'salah', 'benar', 'mempersulit', 'orang']","['aplikasi', 'busuk', 'kata', 'sandi', 'benar', 'bilang', 'salah', 'salah', 'captcha', 'padahal', 'benar', 'nik', 'benar', 'bilang', 'salah', 'benar', 'mempersulit', 'orang']","['aplikasi', 'busuk', 'kata', 'sandi', 'benar', 'bilang', 'salah', 'salah', 'captcha', 'padahal', 'benar', 'nik', 'benar', 'bilang', 'salah', 'benar', 'mempersulit', 'orang']","['aplikasi', 'busuk', 'kata', 'sandi', 'benar', 'bilang', 'salah', 'salah', 'captcha', 'padahal', 'benar', 'nik', 'benar', 'bilang', 'salah', 'benar', 'sulit', 'orang']",aplikasi busuk kata sandi benar bilang salah salah captcha padahal benar nik benar bilang salah benar sulit orang
4e420dc6-4003-465b-abca-59f731e80749,"aplikasi apa ini, kalo pagi buat scan chek in malah loading ga biisa masuk, server ga kuat. malah menyusahkan. tolong kalo niat upgrade kualitas yg serius jangan setengah2.",1,2026-07-16,7,Juli,negatif,aplikasi apa ini kalo pagi buat scan chek in malah loading ga biisa masuk server ga kuat malah menyusahkan tolong kalo niat upgrade kualitas yg serius jangan setengah2,aplikasi apa ini kalau pagi buat pindai cek in malah memuat tidak bisa masuk server tidak kuat malah menyusahkan tolong kalau niat upgrade kualitas yang serius jangan setengah-setengah,"['aplikasi', 'apa', 'ini', 'kalau', 'pagi', 'buat', 'pindai', 'cek', 'in', 'malah', 'memuat', 'tidak', 'bisa', 'masuk', 'server', 'tidak', 'kuat', 'malah', 'menyusahkan', 'tolong', 'kalau', 'niat', 'upgrade', 'kualitas', 'yang', 'serius', 'jangan', 'setengah-setengah']","['aplikasi', 'apa', 'kalau', 'pagi', 'buat', 'pindai', 'cek', 'in', 'malah', 'memuat', 'tidak', 'masuk', 'server', 'tidak', 'kuat', 'malah', 'menyusahkan', 'kalau', 'niat', 'upgrade', 'kualitas', 'serius', 'jangan', 'setengah-setengah']","['aplikasi', 'apa', 'kalau', 'pagi', 'buat', 'pindai', 'cek', 'in', 'malah', 'memuat', 'tidak', 'tidak_masuk', 'server', 'tidak', 'tidak_kuat', 'malah', 'menyusahkan', 'kalau', 'niat', 'upgrade', 'kualitas', 'serius', 'jangan', 'setengah-setengah']","['aplikasi', 'apa', 'kalau', 'pagi', 'buat', 'pindai', 'cek', 'in', 'malah', 'muat', 'tidak', 'tidak_masuk', 'server', 'tidak', 'tidak_kuat', 'malah', 'susah', 'kalau', 'niat', 'upgrade', 'kualitas', 'serius', 'jangan', 'tengah']",aplikasi apa kalau pagi buat pindai cek in malah muat tidak tidak_masuk server tidak tidak_kuat malah susah kalau niat upgrade kualitas serius jangan tengah
4ea07d7a-e5bc-4c8d-9995-791d5b3d6ac8,Ga bisa masuk terus aplikasi payah. mau daftar berobat aja susah orang keburu mati sebelum berobat,1,2026-08-31,9,Agustus,negatif,ga bisa masuk terus aplikasi payah mau daftar berobat aja susah orang keburu mati sebelum berobat,tidak bisa masuk terus aplikasi payah mau daftar berobat saja susah orang keburu mati sebelum berobat,"['tidak', 'bisa', 'masuk', 'terus', 'aplikasi', 'payah', 'mau', 'daftar', 'berobat', 'saja', 'susah', 'orang', 'keburu', 'mati', 'sebelum', 'berobat']","['tidak', 'masuk', 'terus', 'aplikasi', 'payah', 'mau', 'daftar', 'berobat', 'susah', 'orang', 'keburu', 'mati', 'berobat']","['tidak', 'tidak_masuk', 'terus', 'aplikasi', 'payah', 'mau', 'daftar', 'berobat', 'susah', 'orang', 'keburu', 'mati', 'berobat']","['tidak', 'tidak_masuk', 'terus', 'aplikasi', 'payah', 'mau', 'daftar', 'obat', 'susah', 'orang', 'keburu', 'mati', 'obat']",tidak tidak_masuk terus aplikasi payah mau daftar obat susah orang keburu mati obat
4eb18825-3e41-4ba1-a657-8e0190df204f,ok,5,2026-08-17,21,Agustus,positif,ok,oke,['oke'],['oke'],['oke'],['oke'],oke
4ec2a87a-9fe4-4d77-80a8-8b54c750a626,"Hai, apakah aplikasi ini bisa memberikan data riwayat pemeriksaan kesehatan pasien pada saat menggunakan aplikasi dihanfphone yang lama sebelum aplikasi dipindahkan ke handphone yang baru",5,2026-07-18,18,Juli,netral,hai apakah aplikasi ini bisa memberikan data riwayat pemeriksaan kesehatan pasien pada saat menggunakan aplikasi dihanfphone yang lama sebelum aplikasi dipindahkan ke handphone yang baru,hai apakah aplikasi ini bisa memberikan data riwayat pemeriksaan kesehatan pasien pada saat menggunakan aplikasi di ponsel yang lama sebelum aplikasi dipindahkan ke ponsel yang baru,"['hai', 'apakah', 'aplikasi', 'ini', 'bisa', 'memberikan', 'data', 'riwayat', 'pemeriksaan', 'kesehatan', 'pasien', 'pada', 'saat', 'menggunakan', 'aplikasi', 'di', 'ponsel', 'yang', 'lama', 'sebelum', 'aplikasi', 'dipindahkan', 'ke', 'ponsel', 'yang', 'baru']","['hai', 'aplikasi', 'memberikan', 'data', 'riwayat', 'pemeriksaan', 'kesehatan', 'pasien', 'menggunakan', 'aplikasi', 'ponsel', 'lama', 'aplikasi', 'dipindahkan', 'ponsel', 'baru']","['hai', 'aplikasi', 'memberikan', 'data', 'riwayat', 'pemeriksaan', 'kesehatan', 'pasien', 'menggunakan', 'aplikasi', 'ponsel', 'lama', 'aplikasi', 'dipindahkan', 'ponsel', 'baru']","['hai', 'aplikasi', 'beri', 'data', 'riwayat', 'periksa', 'sehat', 'pasien', 'guna', 'aplikasi', 'ponsel', 'lama', 'aplikasi', 'pindah', 'ponsel', 'baru']",hai aplikasi beri data riwayat periksa sehat pasien guna aplikasi ponsel lama aplikasi pindah ponsel baru
4ef2d9e7-65e8-44f7-ad4f-bcb0dc62a785,baru di info untuk pindah faskes 1,5,2026-07-31,11,Juli,netral,baru di info untuk pindah faskes 1,baru di info untuk pindah faskes 1,"['baru', 'di', 'info', 'untuk', 'pindah', 'faskes', '1']","['baru', 'info', 'pindah', 'faskes', '1']","['baru', 'info', 'pindah', 'faskes', '1']","['baru', 'info', 'pindah', 'faskes', '1']",baru info pindah faskes 1
4f2dbbdd-d55c-4d6c-b20c-2ae32afc0718,Semoga sehat selalu,1,2026-07-03,6,Juli,netral,semoga sehat selalu,semoga sehat selalu,"['semoga', 'sehat', 'selalu']","['semoga', 'sehat', 'selalu']","['semoga', 'sehat', 'selalu']","['moga', 'sehat', 'selalu']",moga sehat selalu
4f632d85-f1f9-4ac7-8a7a-982b4792bdb9,tetap menjadi perioritas,5,2026-06-28,8,Juni,netral,tetap menjadi perioritas,tetap menjadi prioritas,"['tetap', 'menjadi', 'prioritas']","['tetap', 'menjadi', 'prioritas']","['tetap', 'menjadi', 'prioritas']","['tetap', 'jadi', 'prioritas']",tetap jadi prioritas
4f77372a-ff4d-4b53-8766-531b1d626a55,hari ini lagi error kah JKN mobile??,1,2026-08-31,22,Agustus,netral,hari ini lagi error kah jkn mobile,hari ini lagi error kah jkn mobile,"['hari', 'ini', 'lagi', 'error', 'kah', 'jkn', 'mobile']","['hari', 'error', 'jkn', 'mobile']","['hari', 'error', 'jkn', 'mobile']","['hari', 'error', 'jkn', 'mobile']",hari error jkn mobile
4f7764fe-c7fb-4361-8d2c-7ba35dc79ab5,mudah digunakan,5,2026-07-28,10,Juli,positif,mudah digunakan,mudah digunakan,"['mudah', 'digunakan']","['mudah', 'digunakan']","['mudah', 'digunakan']","['mudah', 'guna']",mudah guna
4fa3cba2-0999-4181-b937-d0ac7c139183,"aplikasi ini sungguh sangat bermanfaat,karena untuk merubah faskes aja bisa dilakukan dengan jari dari rumah,tanpa harus melalui birokrasi yg sangat rumit.",5,2026-06-16,5,Juni,positif,aplikasi ini sungguh sangat bermanfaat karena untuk merubah faskes aja bisa dilakukan dengan jari dari rumah tanpa harus melalui birokrasi yg sangat rumit,aplikasi ini sungguh sangat bermanfaat karena untuk mengubah faskes saja bisa dilakukan dengan jari dari rumah tanpa harus melalui birokrasi yang sangat rumit,"['aplikasi', 'ini', 'sungguh', 'sangat', 'bermanfaat', 'karena', 'untuk', 'mengubah', 'faskes', 'saja', 'bisa', 'dilakukan', 'dengan', 'jari', 'dari', 'rumah', 'tanpa', 'harus', 'melalui', 'birokrasi', 'yang', 'sangat', 'rumit']","['aplikasi', 'sungguh', 'sangat', 'bermanfaat', 'mengubah', 'faskes', 'dilakukan', 'jari', 'rumah', 'melalui', 'birokrasi', 'sangat', 'rumit']","['aplikasi', 'sungguh', 'sangat', 'bermanfaat', 'mengubah', 'faskes', 'dilakukan', 'jari', 'rumah', 'melalui', 'birokrasi', 'sangat', 'rumit']","['aplikasi', 'sungguh', 'sangat', 'manfaat', 'ubah', 'faskes', 'laku', 'jari', 'rumah', 'lalu', 'birokrasi', 'sangat', 'rumit']",aplikasi sungguh sangat manfaat ubah faskes laku jari rumah lalu birokrasi sangat rumit
4fc67167-d59e-4912-9358-6da0739964da,"Saya mengusulkan penambahan tombol “Hapus Riwayat” pada menu “Pengaduan Layanan JKN” di aplikasi Mobile JKN yang memungkinkan pengguna menghapus riwayat pengaduan dari tampilan akun agar lebih rapi dan nyaman digunakan, dengan ketentuan data tetap dapat disimpan pada sistem internal BPJS Kesehatan untuk keperluan administrasi dan audit.",3,2026-07-11,11,Juli,netral,saya mengusulkan penambahan tombol hapus riwayat pada menu pengaduan layanan jkn di aplikasi mobile jkn yang memungkinkan pengguna menghapus riwayat pengaduan dari tampilan akun agar lebih rapi dan nyaman digunakan dengan ketentuan data tetap dapat disimpan pada sistem internal bpjs kesehatan untuk keperluan administrasi dan audit,saya mengusulkan penambahan tombol hapus riwayat pada menu pengaduan layanan jkn di aplikasi mobile jkn yang memungkinkan pengguna menghapus riwayat pengaduan dari tampilan akun agar lebih rapi dan nyaman digunakan dengan ketentuan data tetap dapat disimpan pada sistem internal bpjs kesehatan untuk keperluan administrasi dan audit,"['saya', 'mengusulkan', 'penambahan', 'tombol', 'hapus', 'riwayat', 'pada', 'menu', 'pengaduan', 'layanan', 'jkn', 'di', 'aplikasi', 'mobile', 'jkn', 'yang', 'memungkinkan', 'pengguna', 'menghapus', 'riwayat', 'pengaduan', 'dari', 'tampilan', 'akun', 'agar', 'lebih', 'rapi', 'dan', 'nyaman', 'digunakan', 'dengan', 'ketentuan', 'data', 'tetap', 'dapat', 'disimpan', 'pada', 'sistem', 'internal', 'bpjs', 'kesehatan', 'untuk', 'keperluan', 'administrasi', 'dan', 'audit']","['mengusulkan', 'penambahan', 'tombol', 'hapus', 'riwayat', 'menu', 'pengaduan', 'layanan', 'jkn', 'aplikasi', 'mobile', 'jkn', 'memungkinkan', 'pengguna', 'menghapus', 'riwayat', 'pengaduan', 'tampilan', 'akun', 'lebih', 'rapi', 'nyaman', 'digunakan', 'ketentuan', 'data', 'tetap', 'disimpan', 'sistem', 'internal', 'bpjs', 'kesehatan', 'keperluan', 'administrasi', 'audit']","['mengusulkan', 'penambahan', 'tombol', 'hapus', 'riwayat', 'menu', 'pengaduan', 'layanan', 'jkn', 'aplikasi', 'mobile', 'jkn', 'memungkinkan', 'pengguna', 'menghapus', 'riwayat', 'pengaduan', 'tampilan', 'akun', 'lebih', 'rapi', 'nyaman', 'digunakan', 'ketentuan', 'data', 'tetap', 'disimpan', 'sistem', 'internal', 'bpjs', 'kesehatan', 'keperluan', 'administrasi', 'audit']","['usul', 'tambah', 'tombol', 'hapus', 'riwayat', 'menu', 'adu', 'layan', 'jkn', 'aplikasi', 'mobile', 'jkn', 'mungkin', 'guna', 'hapus', 'riwayat', 'adu', 'tampil', 'akun', 'lebih', 'rapi', 'nyaman', 'guna', 'tentu', 'data', 'tetap', 'simpan', 'sistem', 'internal', 'bpjs', 'sehat', 'perlu', 'administrasi', 'audit']",usul tambah tombol hapus riwayat menu adu layan jkn aplikasi mobile jkn mungkin guna hapus riwayat adu tampil akun lebih rapi nyaman guna tentu data tetap simpan sistem internal bpjs sehat perlu administrasi audit
4fd50d9b-5081-487d-87b1-87af84a1f84c,tolong sy mau maaukan nmer hp di perubahan data agar bisa di perbaiki di bahian verifikaai nya selalu terkendala ntuk verifikaai,4,2026-06-16,22,Juni,negatif,tolong sy mau maaukan nmer hp di perubahan data agar bisa di perbaiki di bahian verifikaai nya selalu terkendala ntuk verifikaai,tolong saya mau masukkan nomor ponsel di perubahan data agar bisa diperbaiki di bagian verifikasi nya selalu terkendala untuk verifikasi,"['tolong', 'saya', 'mau', 'masukkan', 'nomor', 'ponsel', 'di', 'perubahan', 'data', 'agar', 'bisa', 'diperbaiki', 'di', 'bagian', 'verifikasi', 'nya', 'selalu', 'terkendala', 'untuk', 'verifikasi']","['mau', 'masukkan', 'nomor', 'ponsel', 'perubahan', 'data', 'diperbaiki', 'bagian', 'verifikasi', 'selalu', 'terkendala', 'verifikasi']","['mau', 'masukkan', 'nomor', 'ponsel', 'perubahan', 'data', 'diperbaiki', 'bagian', 'verifikasi', 'selalu', 'terkendala', 'verifikasi']","['mau', 'masuk', 'nomor', 'ponsel', 'ubah', 'data', 'perbaiki', 'bagi', 'verifikasi', 'selalu', 'kendala', 'verifikasi']",mau masuk nomor ponsel ubah data perbaiki bagi verifikasi selalu kendala verifikasi
4ffadfca-e59e-4d26-88a2-d2c1e0f11d18,tolong sesuaikan aplikasinya klo rusak jangan di pake lagi,1,2026-06-03,7,Juni,negatif,tolong sesuaikan aplikasinya klo rusak jangan di pake lagi,tolong sesuaikan aplikasinya kalau rusak jangan dipakai lagi,"['tolong', 'sesuaikan', 'aplikasinya', 'kalau', 'rusak', 'jangan', 'dipakai', 'lagi']","['sesuaikan', 'aplikasinya', 'kalau', 'rusak', 'jangan', 'dipakai']","['sesuaikan', 'aplikasinya', 'kalau', 'rusak', 'jangan', 'dipakai']","['sesuai', 'aplikasi', 'kalau', 'rusak', 'jangan', 'pakai']",sesuai aplikasi kalau rusak jangan pakai
504531a3-43d1-457d-a298-80e470bf0ee1,coba tambahin fitur biar bisa offline,5,2026-07-24,8,Juli,netral,coba tambahin fitur biar bisa offline,coba tambahin fitur agar bisa luring,"['coba', 'tambahin', 'fitur', 'agar', 'bisa', 'luring']","['coba', 'tambahin', 'fitur', 'luring']","['coba', 'tambahin', 'fitur', 'luring']","['coba', 'tambahin', 'fitur', 'luring']",coba tambahin fitur luring
50658ee7-be4a-4c6e-9714-983c8249fab2,data yg diinput tdk sesuai dgn di server,1,2026-06-20,12,Juni,negatif,data yg diinput tdk sesuai dgn di server,data yang dimasukkan tidak sesuai dengan di server,"['data', 'yang', 'dimasukkan', 'tidak', 'sesuai', 'dengan', 'di', 'server']","['data', 'dimasukkan', 'tidak', 'sesuai', 'server']","['data', 'dimasukkan', 'tidak', 'tidak_sesuai', 'server']","['data', 'masuk', 'tidak', 'tidak_sesuai', 'server']",data masuk tidak tidak_sesuai server
5067d1c7-bd36-427d-9960-2ef61613d9ac,"RIBET BANGET LOGINNYA, KAMERA NYA AJA MIRROR SUSAH BGT ANJIR, DISURUH MASUKIN KODE OTP LEWAT SMS TAPI GA MASUK MASUK PADAHAL NOMOR UDAH BENER, JARINGAN BAGUS, KOUTA BARU DI ISI. KODE OTP NYA CMN BERHASIL DI BAGIAN EMAIL. CAPE NUNGGUINNYA",1,2026-06-14,13,Juni,negatif,ribet banget loginnya kamera nya aja mirror susah bgt anjir disuruh masukin kode otp lewat sms tapi ga masuk masuk padahal nomor udah bener jaringan bagus kouta baru di isi kode otp nya cmn berhasil di bagian email cape nungguinnya,rumit sangat login kamera nya saja mirror susah sangat anjing disuruh masukkan kode otp lewat sms tapi tidak masuk padahal nomor sudah benar jaringan bagus kuota baru diisi kode otp nya hanya berhasil di bagian email lelah menunggunya,"['rumit', 'sangat', 'login', 'kamera', 'nya', 'saja', 'mirror', 'susah', 'sangat', 'anjing', 'disuruh', 'masukkan', 'kode', 'otp', 'lewat', 'sms', 'tapi', 'tidak', 'masuk', 'padahal', 'nomor', 'sudah', 'benar', 'jaringan', 'bagus', 'kuota', 'baru', 'diisi', 'kode', 'otp', 'nya', 'hanya', 'berhasil', 'di', 'bagian', 'email', 'lelah', 'menunggunya']","['rumit', 'sangat', 'login', 'kamera', 'mirror', 'susah', 'sangat', 'anjing', 'disuruh', 'masukkan', 'kode', 'otp', 'lewat', 'sms', 'tidak', 'masuk', 'padahal', 'nomor', 'benar', 'jaringan', 'bagus', 'kuota', 'baru', 'diisi', 'kode', 'otp', 'berhasil', 'bagian', 'email', 'lelah', 'menunggunya']","['rumit', 'sangat', 'login', 'kamera', 'mirror', 'susah', 'sangat', 'anjing', 'disuruh', 'masukkan', 'kode', 'otp', 'lewat', 'sms', 'tidak', 'tidak_masuk', 'padahal', 'nomor', 'benar', 'jaringan', 'bagus', 'kuota', 'baru', 'diisi', 'kode', 'otp', 'berhasil', 'bagian', 'email', 'lelah', 'menunggunya']","['rumit', 'sangat', 'login', 'kamera', 'mirror', 'susah', 'sangat', 'anjing', 'suruh', 'masuk', 'kode', 'otp', 'lewat', 'sms', 'tidak', 'tidak_masuk', 'padahal', 'nomor', 'benar', 'jaring', 'bagus', 'kuota', 'baru', 'isi', 'kode', 'otp', 'hasil', 'bagi', 'email', 'lelah', 'tunggu']",rumit sangat login kamera mirror susah sangat anjing suruh masuk kode otp lewat sms tidak tidak_masuk padahal nomor benar jaring bagus kuota baru isi kode otp hasil bagi email lelah tunggu
509e23af-fc58-4ca2-8cf5-7b4051e7e12b,"verifikasi gak jelas, busuk",1,2026-07-08,21,Juli,negatif,verifikasi gak jelas busuk,verifikasi tidak jelas busuk,"['verifikasi', 'tidak', 'jelas', 'busuk']","['verifikasi', 'tidak', 'jelas', 'busuk']","['verifikasi', 'tidak', 'tidak_jelas', 'busuk']","['verifikasi', 'tidak', 'tidak_jelas', 'busuk']",verifikasi tidak tidak_jelas busuk
50b7be75-c05b-43f6-9421-e8282c5a8090,semoga indonesia ttap sehat dangan adanya jkn ini,5,2026-07-02,1,Juli,netral,semoga indonesia ttap sehat dangan adanya jkn ini,semoga indonesia tetap sehat dengan adanya jkn ini,"['semoga', 'indonesia', 'tetap', 'sehat', 'dengan', 'adanya', 'jkn', 'ini']","['semoga', 'indonesia', 'tetap', 'sehat', 'adanya', 'jkn']","['semoga', 'indonesia', 'tetap', 'sehat', 'adanya', 'jkn']","['moga', 'indonesia', 'tetap', 'sehat', 'ada', 'jkn']",moga indonesia tetap sehat ada jkn
50f9b181-20e6-4635-9201-d7d951d156c4,Aplikasi yang baik dan bermanfaat untuk kesehatan 👍,5,2026-07-01,12,Juli,positif,aplikasi yang baik dan bermanfaat untuk kesehatan,aplikasi yang baik dan bermanfaat untuk kesehatan,"['aplikasi', 'yang', 'baik', 'dan', 'bermanfaat', 'untuk', 'kesehatan']","['aplikasi', 'baik', 'bermanfaat', 'kesehatan']","['aplikasi', 'baik', 'bermanfaat', 'kesehatan']","['aplikasi', 'baik', 'manfaat', 'sehat']",aplikasi baik manfaat sehat
51358fc7-7848-43f7-90c8-ece89bbb3930,JKN online sangat membantu saya,5,2026-06-05,8,Juni,positif,jkn online sangat membantu saya,jkn daring sangat membantu saya,"['jkn', 'daring', 'sangat', 'membantu', 'saya']","['jkn', 'daring', 'sangat', 'membantu']","['jkn', 'daring', 'sangat', 'membantu']","['jkn', 'daring', 'sangat', 'bantu']",jkn daring sangat bantu
5167bd11-8a5e-4533-81cc-c7f703332992,"potongan langsung gila , orang uang segitu"" nya langsung kepotong",1,2026-06-20,13,Juni,negatif,potongan langsung gila orang uang segitu nya langsung kepotong,potongan langsung gila orang uang segitu nya langsung kepotong,"['potongan', 'langsung', 'gila', 'orang', 'uang', 'segitu', 'nya', 'langsung', 'kepotong']","['potongan', 'langsung', 'gila', 'orang', 'uang', 'segitu', 'langsung', 'kepotong']","['potongan', 'langsung', 'gila', 'orang', 'uang', 'segitu', 'langsung', 'kepotong']","['potong', 'langsung', 'gila', 'orang', 'uang', 'segitu', 'langsung', 'potong']",potong langsung gila orang uang segitu langsung potong
51c9ed3c-cc5c-45cf-b1c3-4a1bcf0d8107,semoga BPJS bisa gratis untuk seluruh masyarakat indonesia tanpa terkecuali,5,2026-07-29,21,Juli,netral,semoga bpjs bisa gratis untuk seluruh masyarakat indonesia tanpa terkecuali,semoga bpjs bisa gratis untuk seluruh masyarakat indonesia tanpa terkecuali,"['semoga', 'bpjs', 'bisa', 'gratis', 'untuk', 'seluruh', 'masyarakat', 'indonesia', 'tanpa', 'terkecuali']","['semoga', 'bpjs', 'gratis', 'seluruh', 'masyarakat', 'indonesia', 'terkecuali']","['semoga', 'bpjs', 'gratis', 'seluruh', 'masyarakat', 'indonesia', 'terkecuali']","['moga', 'bpjs', 'gratis', 'seluruh', 'masyarakat', 'indonesia', 'kecuali']",moga bpjs gratis seluruh masyarakat indonesia kecuali
51d8b97a-c0d1-40c9-9fed-b276de178cb9,boleh²,3,2026-07-30,6,Juli,positif,boleh2,boleh-boleh,['boleh-boleh'],['boleh-boleh'],['boleh-boleh'],['boleh'],boleh
522c1f23-74e8-405c-97f4-c9a29e93e96b,simpel praktis dan mudah digunakan,5,2026-07-01,14,Juli,positif,simpel praktis dan mudah digunakan,sederhana praktis dan mudah digunakan,"['sederhana', 'praktis', 'dan', 'mudah', 'digunakan']","['sederhana', 'praktis', 'mudah', 'digunakan']","['sederhana', 'praktis', 'mudah', 'digunakan']","['sederhana', 'praktis', 'mudah', 'guna']",sederhana praktis mudah guna
527f008f-2fe1-4b69-805d-9ba736fa5d4e,Lebih praktis dan mudah,5,2026-07-26,9,Juli,positif,lebih praktis dan mudah,lebih praktis dan mudah,"['lebih', 'praktis', 'dan', 'mudah']","['lebih', 'praktis', 'mudah']","['lebih', 'praktis', 'mudah']","['lebih', 'praktis', 'mudah']",lebih praktis mudah
52844591-77b6-4c49-9516-c58c92fe9c7e,susah untuk daftar,1,2026-07-09,11,Juli,negatif,susah untuk daftar,susah untuk daftar,"['susah', 'untuk', 'daftar']","['susah', 'daftar']","['susah', 'daftar']","['susah', 'daftar']",susah daftar
529f7deb-bb8c-432b-bdc7-b36a18b50a27,sangat membantu,5,2026-06-07,16,Juni,positif,sangat membantu,sangat membantu,"['sangat', 'membantu']","['sangat', 'membantu']","['sangat', 'membantu']","['sangat', 'bantu']",sangat bantu
52be23f5-ed1c-4cb5-b466-939989a178a9,"TERIMAKASIH BPJS, BANGGA MENJADI RAKYAT INDONESIA...",5,2026-06-25,9,Juni,positif,terimakasih bpjs bangga menjadi rakyat indonesia,terima kasih bpjs bangga menjadi rakyat indonesia,"['terima', 'kasih', 'bpjs', 'bangga', 'menjadi', 'rakyat', 'indonesia']","['terima', 'kasih', 'bpjs', 'bangga', 'menjadi', 'rakyat', 'indonesia']","['terima', 'kasih', 'bpjs', 'bangga', 'menjadi', 'rakyat', 'indonesia']","['terima', 'kasih', 'bpjs', 'bangga', 'jadi', 'rakyat', 'indonesia']",terima kasih bpjs bangga jadi rakyat indonesia
52d51fa2-07d5-4ef6-aaf1-8f28a974e36c,gagal mulu kirim virtual account nya !!!,1,2026-07-27,12,Juli,negatif,gagal mulu kirim virtual account nya,gagal terus-menerus kirim virtual akun nya,"['gagal', 'terus-menerus', 'kirim', 'virtual', 'akun', 'nya']","['gagal', 'terus-menerus', 'kirim', 'virtual', 'akun']","['gagal', 'terus-menerus', 'kirim', 'virtual', 'akun']","['gagal', 'terus', 'kirim', 'virtual', 'akun']",gagal terus kirim virtual akun
52f7cc79-d17d-4f2d-8c55-18808fea2d5b,mobil jekn knp sih udah 2 bulanan ini aku mau login tp g bisa2 katanya no ktpku salah pdhl bener g jls bngt bikin ribet,1,2026-06-09,6,Juni,negatif,mobil jekn knp sih udah 2 bulanan ini aku mau login tp g bisa2 katanya no ktpku salah pdhl bener g jls bngt bikin ribet,mobil jkn kenapa sih sudah 2 bulanan ini aku mau login tapi tidak bisa katanya nomor ktpku salah padahal benar tidak jelas sangat membuat rumit,"['mobil', 'jkn', 'kenapa', 'sih', 'sudah', '2', 'bulanan', 'ini', 'aku', 'mau', 'login', 'tapi', 'tidak', 'bisa', 'katanya', 'nomor', 'ktpku', 'salah', 'padahal', 'benar', 'tidak', 'jelas', 'sangat', 'membuat', 'rumit']","['mobil', 'jkn', 'sih', '2', 'bulanan', 'aku', 'mau', 'login', 'tidak', 'katanya', 'nomor', 'ktpku', 'salah', 'padahal', 'benar', 'tidak', 'jelas', 'sangat', 'membuat', 'rumit']","['mobil', 'jkn', 'sih', '2', 'bulanan', 'aku', 'mau', 'login', 'tidak', 'tidak_katanya', 'nomor', 'ktpku', 'salah', 'padahal', 'benar', 'tidak', 'tidak_jelas', 'sangat', 'membuat', 'rumit']","['mobil', 'jkn', 'sih', '2', 'bulan', 'aku', 'mau', 'login', 'tidak', 'tidak_kata', 'nomor', 'ktpku', 'salah', 'padahal', 'benar', 'tidak', 'tidak_jelas', 'sangat', 'buat', 'rumit']",mobil jkn sih 2 bulan aku mau login tidak tidak_kata nomor ktpku salah padahal benar tidak tidak_jelas sangat buat rumit
53d789cb-47df-4f43-815e-cc7d98b99127,"sejadul itukah hp saya sampe system nya ga suport, sedih amat yg punya hp jadul kudu beli hp baru ,ga merakyat amat ni aplikasi",1,2026-08-07,20,Agustus,negatif,sejadul itukah hp saya sampe system nya ga suport sedih amat yg punya hp jadul kudu beli hp baru ga merakyat amat ni aplikasi,sejadul itukah ponsel saya sampai sistem nya tidak mendukung sedih amat yang punya ponsel jadul harus beli ponsel baru tidak merakyat amat ini aplikasi,"['sejadul', 'itukah', 'ponsel', 'saya', 'sampai', 'sistem', 'nya', 'tidak', 'mendukung', 'sedih', 'amat', 'yang', 'punya', 'ponsel', 'jadul', 'harus', 'beli', 'ponsel', 'baru', 'tidak', 'merakyat', 'amat', 'ini', 'aplikasi']","['sejadul', 'itukah', 'ponsel', 'sistem', 'tidak', 'mendukung', 'sedih', 'punya', 'ponsel', 'jadul', 'beli', 'ponsel', 'baru', 'tidak', 'merakyat', 'aplikasi']","['sejadul', 'itukah', 'ponsel', 'sistem', 'tidak', 'tidak_mendukung', 'sedih', 'punya', 'ponsel', 'jadul', 'beli', 'ponsel', 'baru', 'tidak', 'tidak_merakyat', 'aplikasi']","['sejadul', 'itu', 'ponsel', 'sistem', 'tidak', 'tidak_dukung', 'sedih', 'punya', 'ponsel', 'jadul', 'beli', 'ponsel', 'baru', 'tidak', 'tidak_rakyat', 'aplikasi']",sejadul itu ponsel sistem tidak tidak_dukung sedih punya ponsel jadul beli ponsel baru tidak tidak_rakyat aplikasi
53f16e4d-9309-43a8-a746-447d71ba972a,mudah untuk melakukan perubahan data,5,2026-06-21,19,Juni,positif,mudah untuk melakukan perubahan data,mudah untuk melakukan perubahan data,"['mudah', 'untuk', 'melakukan', 'perubahan', 'data']","['mudah', 'melakukan', 'perubahan', 'data']","['mudah', 'melakukan', 'perubahan', 'data']","['mudah', 'laku', 'ubah', 'data']",mudah laku ubah data
5415b095-3b2a-42d3-b2eb-bf0192c33d17,good,5,2026-08-12,8,Agustus,positif,good,bagus,['bagus'],['bagus'],['bagus'],['bagus'],bagus
544da5c9-a742-43bf-80ff-be290cdd3dcf,"gajelas otp nya ngga ke kirim""",1,2026-06-16,22,Juni,negatif,gajelas otp nya ngga ke kirim,tidak jelas otp nya tidak ke kirim,"['tidak', 'jelas', 'otp', 'nya', 'tidak', 'ke', 'kirim']","['tidak', 'jelas', 'otp', 'tidak', 'kirim']","['tidak', 'tidak_jelas', 'otp', 'tidak', 'tidak_kirim']","['tidak', 'tidak_jelas', 'otp', 'tidak', 'tidak_kirim']",tidak tidak_jelas otp tidak tidak_kirim
5476bcdf-7f04-4464-9e10-da7e92938629,dengan adanya aplikasi ini membuat saya lebih mudah melakukan pemindahan data atau antrian dalam pelayanan kesehatan,5,2026-06-27,13,Juni,positif,dengan adanya aplikasi ini membuat saya lebih mudah melakukan pemindahan data atau antrian dalam pelayanan kesehatan,dengan adanya aplikasi ini membuat saya lebih mudah melakukan pemindahan data atau antrean dalam pelayanan kesehatan,"['dengan', 'adanya', 'aplikasi', 'ini', 'membuat', 'saya', 'lebih', 'mudah', 'melakukan', 'pemindahan', 'data', 'atau', 'antrean', 'dalam', 'pelayanan', 'kesehatan']","['adanya', 'aplikasi', 'membuat', 'lebih', 'mudah', 'melakukan', 'pemindahan', 'data', 'antrean', 'pelayanan', 'kesehatan']","['adanya', 'aplikasi', 'membuat', 'lebih', 'mudah', 'melakukan', 'pemindahan', 'data', 'antrean', 'pelayanan', 'kesehatan']","['ada', 'aplikasi', 'buat', 'lebih', 'mudah', 'laku', 'pindah', 'data', 'antre', 'layan', 'sehat']",ada aplikasi buat lebih mudah laku pindah data antre layan sehat
54857b3b-564e-4908-b093-fe440608d735,konsisten,5,2026-06-02,15,Juni,netral,konsisten,konsisten,['konsisten'],['konsisten'],['konsisten'],['konsisten'],konsisten
54e899cc-bed9-41b2-9d88-2734fdff4da3,bikin pusing aplikasi nya udh di ulang2 ttp ga bisa😡😡😡,1,2026-07-26,13,Juli,negatif,bikin pusing aplikasi nya udh di ulang2 ttp ga bisa,membuat pusing aplikasi nya sudah di berulang-ulang tetap tidak bisa,"['membuat', 'pusing', 'aplikasi', 'nya', 'sudah', 'di', 'berulang-ulang', 'tetap', 'tidak', 'bisa']","['membuat', 'pusing', 'aplikasi', 'berulang-ulang', 'tetap', 'tidak']","['membuat', 'pusing', 'aplikasi', 'berulang-ulang', 'tetap', 'tidak']","['buat', 'pusing', 'aplikasi', 'ulang', 'tetap', 'tidak']",buat pusing aplikasi ulang tetap tidak
552543db-db12-4ad6-a7ec-05a5d691a32e,otpnya belum di kirim kirim,2,2026-06-15,13,Juni,negatif,otpnya belum di kirim kirim,otp belum dikirim kirim,"['otp', 'belum', 'dikirim', 'kirim']","['otp', 'dikirim', 'kirim']","['otp', 'dikirim', 'kirim']","['otp', 'kirim', 'kirim']",otp kirim kirim
55481c45-4339-4ccc-9923-fa3e911de460,tolong bantu saya enggak bisa lagi ambil nomer antrian online di faskes tingkat lanjut lagi sekarang,5,2026-08-01,10,Agustus,negatif,tolong bantu saya enggak bisa lagi ambil nomer antrian online di faskes tingkat lanjut lagi sekarang,tolong bantu saya tidak bisa lagi ambil nomor antrean daring di faskes tingkat lanjut lagi sekarang,"['tolong', 'bantu', 'saya', 'tidak', 'bisa', 'lagi', 'ambil', 'nomor', 'antrean', 'daring', 'di', 'faskes', 'tingkat', 'lanjut', 'lagi', 'sekarang']","['bantu', 'tidak', 'ambil', 'nomor', 'antrean', 'daring', 'faskes', 'tingkat', 'lanjut', 'sekarang']","['bantu', 'tidak', 'tidak_ambil', 'nomor', 'antrean', 'daring', 'faskes', 'tingkat', 'lanjut', 'sekarang']","['bantu', 'tidak', 'tidak_ambil', 'nomor', 'antre', 'daring', 'faskes', 'tingkat', 'lanjut', 'sekarang']",bantu tidak tidak_ambil nomor antre daring faskes tingkat lanjut sekarang
55ce3f8b-51d6-4e03-bc95-7c6f9fba5951,"kenapa setiap mau daftar antrian selalu tulisannya gagal,dan sedang offline,mohon di perbaiki,udahdi unintal pun sama aja,sedangkan jaringan internet ga bermasalah",3,2026-07-08,13,Juli,negatif,kenapa setiap mau daftar antrian selalu tulisannya gagal dan sedang offline mohon di perbaiki udahdi unintal pun sama aja sedangkan jaringan internet ga bermasalah,kenapa setiap mau daftar antrean selalu tulisannya gagal dan sedang luring mohon diperbaiki sudah dihapus instalasinya pun sama saja sedangkan jaringan internet tidak bermasalah,"['kenapa', 'setiap', 'mau', 'daftar', 'antrean', 'selalu', 'tulisannya', 'gagal', 'dan', 'sedang', 'luring', 'mohon', 'diperbaiki', 'sudah', 'dihapus', 'instalasinya', 'pun', 'sama', 'saja', 'sedangkan', 'jaringan', 'internet', 'tidak', 'bermasalah']","['mau', 'daftar', 'antrean', 'selalu', 'tulisannya', 'gagal', 'sedang', 'luring', 'mohon', 'diperbaiki', 'dihapus', 'instalasinya', 'sama', 'jaringan', 'internet', 'tidak', 'bermasalah']","['mau', 'daftar', 'antrean', 'selalu', 'tulisannya', 'gagal', 'sedang', 'luring', 'mohon', 'diperbaiki', 'dihapus', 'instalasinya', 'sama', 'jaringan', 'internet', 'tidak', 'tidak_bermasalah']","['mau', 'daftar', 'antre', 'selalu', 'tulis', 'gagal', 'sedang', 'luring', 'mohon', 'perbaiki', 'hapus', 'instalasi', 'sama', 'jaring', 'internet', 'tidak', 'tidak_masalah']",mau daftar antre selalu tulis gagal sedang luring mohon perbaiki hapus instalasi sama jaring internet tidak tidak_masalah
55f36869-1d24-4801-a41c-e23b6b43bb5b,sangat memuaskan,5,2026-07-28,21,Juli,positif,sangat memuaskan,sangat memuaskan,"['sangat', 'memuaskan']","['sangat', 'memuaskan']","['sangat', 'memuaskan']","['sangat', 'muas']",sangat muas
560645eb-466e-45df-ad65-8c6687e8b8db,apk gagal total. login tidak bisa2. verifikasi nunggu sampai 3 menit sampai 5 menit tp tidak bisa login jg. apk tolol.,1,2026-06-09,10,Juni,negatif,apk gagal total login tidak bisa2 verifikasi nunggu sampai 3 menit sampai 5 menit tp tidak bisa login jg apk tolol,aplikasi gagal total login tidak bisa verifikasi menunggu sampai 3 menit sampai 5 menit tapi tidak bisa login juga aplikasi tolol,"['aplikasi', 'gagal', 'total', 'login', 'tidak', 'bisa', 'verifikasi', 'menunggu', 'sampai', '3', 'menit', 'sampai', '5', 'menit', 'tapi', 'tidak', 'bisa', 'login', 'juga', 'aplikasi', 'tolol']","['aplikasi', 'gagal', 'total', 'login', 'tidak', 'verifikasi', 'menunggu', '3', 'menit', '5', 'menit', 'tidak', 'login', 'aplikasi', 'tolol']","['aplikasi', 'gagal', 'total', 'login', 'tidak', 'tidak_verifikasi', 'menunggu', '3', 'menit', '5', 'menit', 'tidak', 'tidak_login', 'aplikasi', 'tolol']","['aplikasi', 'gagal', 'total', 'login', 'tidak', 'tidak_verifikasi', 'tunggu', '3', 'menit', '5', 'menit', 'tidak', 'tidak_login', 'aplikasi', 'tolol']",aplikasi gagal total login tidak tidak_verifikasi tunggu 3 menit 5 menit tidak tidak_login aplikasi tolol
56237004-ca29-4a31-94a4-da00d8e021a4,"saya TIDAK PUAS. kenapa sih ini Jkn? waktu saya mau log in, captcha nya tidak muncul hanya muter2 aja. sudah 2 hari seperti ini sedangkan saya perlu mendaftarkan ibu saya!",5,2026-06-08,14,Juni,negatif,saya tidak puas kenapa sih ini jkn waktu saya mau log in captcha nya tidak muncul hanya muter2 aja sudah 2 hari seperti ini sedangkan saya perlu mendaftarkan ibu saya,saya tidak puas kenapa sih ini jkn waktu saya mau login captcha nya tidak muncul hanya berputar-putar saja sudah 2 hari seperti ini sedangkan saya perlu mendaftarkan ibu saya,"['saya', 'tidak', 'puas', 'kenapa', 'sih', 'ini', 'jkn', 'waktu', 'saya', 'mau', 'login', 'captcha', 'nya', 'tidak', 'muncul', 'hanya', 'berputar-putar', 'saja', 'sudah', '2', 'hari', 'seperti', 'ini', 'sedangkan', 'saya', 'perlu', 'mendaftarkan', 'ibu', 'saya']","['tidak', 'puas', 'sih', 'jkn', 'waktu', 'mau', 'login', 'captcha', 'tidak', 'muncul', 'berputar-putar', '2', 'hari', 'perlu', 'mendaftarkan', 'ibu']","['tidak', 'tidak_puas', 'sih', 'jkn', 'waktu', 'mau', 'login', 'captcha', 'tidak', 'tidak_muncul', 'berputar-putar', '2', 'hari', 'perlu', 'mendaftarkan', 'ibu']","['tidak', 'tidak_puas', 'sih', 'jkn', 'waktu', 'mau', 'login', 'captcha', 'tidak', 'tidak_muncul', 'putar', '2', 'hari', 'perlu', 'daftar', 'ibu']",tidak tidak_puas sih jkn waktu mau login captcha tidak tidak_muncul putar 2 hari perlu daftar ibu
562978ef-234a-4777-8e41-b3289500aa9e,tolong perbaiki aplikasinya masak setiap ambil antrian online dgn data yg benar selalu gagal alias Can't,1,2026-08-29,6,Agustus,negatif,tolong perbaiki aplikasinya masak setiap ambil antrian online dgn data yg benar selalu gagal alias can t,tolong perbaiki aplikasinya masak setiap ambil antrean daring dengan data yang benar selalu gagal alias can t,"['tolong', 'perbaiki', 'aplikasinya', 'masak', 'setiap', 'ambil', 'antrean', 'daring', 'dengan', 'data', 'yang', 'benar', 'selalu', 'gagal', 'alias', 'can', 't']","['perbaiki', 'aplikasinya', 'masak', 'ambil', 'antrean', 'daring', 'data', 'benar', 'selalu', 'gagal', 'alias', 'can', 't']","['perbaiki', 'aplikasinya', 'masak', 'ambil', 'antrean', 'daring', 'data', 'benar', 'selalu', 'gagal', 'alias', 'can', 't']","['perbaiki', 'aplikasi', 'masak', 'ambil', 'antre', 'daring', 'data', 'benar', 'selalu', 'gagal', 'alias', 'can', 't']",perbaiki aplikasi masak ambil antre daring data benar selalu gagal alias can t
563cfd71-a6dc-44f4-8d49-2125d315b1f7,saya sangat terbantu,5,2026-08-07,15,Agustus,positif,saya sangat terbantu,saya sangat terbantu,"['saya', 'sangat', 'terbantu']","['sangat', 'terbantu']","['sangat', 'terbantu']","['sangat', 'bantu']",sangat bantu
5646a3e1-aa32-4eb0-9699-5e1fbcd25362,sangat membantu,5,2026-06-11,9,Juni,positif,sangat membantu,sangat membantu,"['sangat', 'membantu']","['sangat', 'membantu']","['sangat', 'membantu']","['sangat', 'bantu']",sangat bantu
5697dc84-7bff-4d6e-94db-f0a1a673fa17,baru pertama menggunakan jadi belum tau.,4,2026-07-22,10,Juli,netral,baru pertama menggunakan jadi belum tau,baru pertama menggunakan jadi belum tahu,"['baru', 'pertama', 'menggunakan', 'jadi', 'belum', 'tahu']","['baru', 'pertama', 'menggunakan', 'jadi', 'tahu']","['baru', 'pertama', 'menggunakan', 'jadi', 'tahu']","['baru', 'pertama', 'guna', 'jadi', 'tahu']",baru pertama guna jadi tahu
56a0fb04-19af-40af-b4ed-176a63840a44,aplikasi sering error dan susah untuk mendaftar,4,2026-07-28,20,Juli,negatif,aplikasi sering error dan susah untuk mendaftar,aplikasi sering error dan susah untuk mendaftar,"['aplikasi', 'sering', 'error', 'dan', 'susah', 'untuk', 'mendaftar']","['aplikasi', 'sering', 'error', 'susah', 'mendaftar']","['aplikasi', 'sering', 'error', 'susah', 'mendaftar']","['aplikasi', 'sering', 'error', 'susah', 'daftar']",aplikasi sering error susah daftar
56a7bba9-b2b7-4f7f-bca7-fc2b01add232,mudah dioperasikan,5,2026-08-25,16,Agustus,positif,mudah dioperasikan,mudah dioperasikan,"['mudah', 'dioperasikan']","['mudah', 'dioperasikan']","['mudah', 'dioperasikan']","['mudah', 'operasi']",mudah operasi
56fa1ec8-0187-4a96-8aba-86096364067d,semoga semakin bagus dan tidak di persulit,5,2026-06-03,17,Juni,netral,semoga semakin bagus dan tidak di persulit,semoga semakin bagus dan tidak dipersulit,"['semoga', 'semakin', 'bagus', 'dan', 'tidak', 'dipersulit']","['semoga', 'semakin', 'bagus', 'tidak', 'dipersulit']","['semoga', 'semakin', 'bagus', 'tidak', 'tidak_dipersulit']","['moga', 'makin', 'bagus', 'tidak', 'tidak_sulit']",moga makin bagus tidak tidak_sulit
5751e852-e38b-4bdb-b0e9-46b1aed32ac9,keluar sebentar untk liat kode aja gak bisa? buka aplikasi selalu kembali dari awal gimana mau masukin kode,1,2026-06-21,14,Juni,negatif,keluar sebentar untk liat kode aja gak bisa buka aplikasi selalu kembali dari awal gimana mau masukin kode,keluar sebentar untuk lihat kode saja tidak bisa buka aplikasi selalu kembali dari awal bagaimana mau masukkan kode,"['keluar', 'sebentar', 'untuk', 'lihat', 'kode', 'saja', 'tidak', 'bisa', 'buka', 'aplikasi', 'selalu', 'kembali', 'dari', 'awal', 'bagaimana', 'mau', 'masukkan', 'kode']","['keluar', 'sebentar', 'lihat', 'kode', 'tidak', 'buka', 'aplikasi', 'selalu', 'awal', 'bagaimana', 'mau', 'masukkan', 'kode']","['keluar', 'sebentar', 'lihat', 'kode', 'tidak', 'tidak_buka', 'aplikasi', 'selalu', 'awal', 'bagaimana', 'mau', 'masukkan', 'kode']","['keluar', 'sebentar', 'lihat', 'kode', 'tidak', 'tidak_buka', 'aplikasi', 'selalu', 'awal', 'bagaimana', 'mau', 'masuk', 'kode']",keluar sebentar lihat kode tidak tidak_buka aplikasi selalu awal bagaimana mau masuk kode
57645a94-7403-4403-99e8-5b2a836d7316,"Gampang mau rubah faskes, sangat membantu buat daftar/ambil antri an",5,2026-08-17,19,Agustus,positif,gampang mau rubah faskes sangat membantu buat daftar ambil antri an,mudah mau ubah faskes sangat membantu buat daftar ambil antrean,"['mudah', 'mau', 'ubah', 'faskes', 'sangat', 'membantu', 'buat', 'daftar', 'ambil', 'antrean']","['mudah', 'mau', 'ubah', 'faskes', 'sangat', 'membantu', 'buat', 'daftar', 'ambil', 'antrean']","['mudah', 'mau', 'ubah', 'faskes', 'sangat', 'membantu', 'buat', 'daftar', 'ambil', 'antrean']","['mudah', 'mau', 'ubah', 'faskes', 'sangat', 'bantu', 'buat', 'daftar', 'ambil', 'antre']",mudah mau ubah faskes sangat bantu buat daftar ambil antre
57a24456-05ab-42c7-8f4d-bf0e557ac9e6,knp ? mau pasang aplikasi jkn.ktanya d pariabel,5,2026-08-04,13,Agustus,netral,knp mau pasang aplikasi jkn ktanya d pariabel,kenapa mau pasang aplikasi jkn katanya di pariabel,"['kenapa', 'mau', 'pasang', 'aplikasi', 'jkn', 'katanya', 'di', 'pariabel']","['mau', 'pasang', 'aplikasi', 'jkn', 'katanya', 'pariabel']","['mau', 'pasang', 'aplikasi', 'jkn', 'katanya', 'pariabel']","['mau', 'pasang', 'aplikasi', 'jkn', 'kata', 'pariabel']",mau pasang aplikasi jkn kata pariabel
57b2eca3-82d1-4e30-a31b-684e2d5b1462,Di bagusin lagi,5,2026-07-01,1,Juli,netral,di bagusin lagi,di memperbaiki lagi,"['di', 'memperbaiki', 'lagi']",['memperbaiki'],['memperbaiki'],['perbaiki'],perbaiki
57fb9ee6-23c1-4256-a20e-e6f736a9ea0f,semoga amanah. fatonah. manfaat...,5,2026-08-25,9,Agustus,netral,semoga amanah fatonah manfaat,semoga amanah fatonah manfaat,"['semoga', 'amanah', 'fatonah', 'manfaat']","['semoga', 'amanah', 'fatonah', 'manfaat']","['semoga', 'amanah', 'fatonah', 'manfaat']","['moga', 'amanah', 'fatonah', 'manfaat']",moga amanah fatonah manfaat
580f7fe3-0ea9-4636-a330-a3fc6a4ea0a5,katanya pelayanan kok susah bngt tinggal masuk doang lo..iso Bulet ki..iso gawe aplikasi ora,1,2026-07-30,18,Juli,negatif,katanya pelayanan kok susah bngt tinggal masuk doang lo iso bulet ki iso gawe aplikasi ora,katanya pelayanan kok susah sangat tinggal masuk saja kamu bisa bulet ki bisa membuat aplikasi tidak,"['katanya', 'pelayanan', 'kok', 'susah', 'sangat', 'tinggal', 'masuk', 'saja', 'kamu', 'bisa', 'bulet', 'ki', 'bisa', 'membuat', 'aplikasi', 'tidak']","['katanya', 'pelayanan', 'kok', 'susah', 'sangat', 'tinggal', 'masuk', 'kamu', 'bulet', 'ki', 'membuat', 'aplikasi', 'tidak']","['katanya', 'pelayanan', 'kok', 'susah', 'sangat', 'tinggal', 'masuk', 'kamu', 'bulet', 'ki', 'membuat', 'aplikasi', 'tidak']","['kata', 'layan', 'kok', 'susah', 'sangat', 'tinggal', 'masuk', 'kamu', 'bulet', 'ki', 'buat', 'aplikasi', 'tidak']",kata layan kok susah sangat tinggal masuk kamu bulet ki buat aplikasi tidak
581dfb00-aa6e-4531-9165-adc077f7a92a,"kode OTP melalui pesan SMS nggak bisa terus, gagal terus",1,2026-07-20,16,Juli,negatif,kode otp melalui pesan sms nggak bisa terus gagal terus,kode otp melalui pesan sms tidak bisa terus gagal terus,"['kode', 'otp', 'melalui', 'pesan', 'sms', 'tidak', 'bisa', 'terus', 'gagal', 'terus']","['kode', 'otp', 'melalui', 'pesan', 'sms', 'tidak', 'terus', 'gagal', 'terus']","['kode', 'otp', 'melalui', 'pesan', 'sms', 'tidak', 'tidak_terus', 'gagal', 'terus']","['kode', 'otp', 'lalu', 'pesan', 'sms', 'tidak', 'tidak_terus', 'gagal', 'terus']",kode otp lalu pesan sms tidak tidak_terus gagal terus
58228e36-7d33-411e-96c5-17b671ed6a66,tolong di perbaiki verivikasinyangak.bisa masuk..,1,2026-08-04,10,Agustus,negatif,tolong di perbaiki verivikasinyangak bisa masuk,tolong diperbaiki verifikasinya tidak bisa masuk,"['tolong', 'diperbaiki', 'verifikasinya', 'tidak', 'bisa', 'masuk']","['diperbaiki', 'verifikasinya', 'tidak', 'masuk']","['diperbaiki', 'verifikasinya', 'tidak', 'tidak_masuk']","['perbaiki', 'verifikasi', 'tidak', 'tidak_masuk']",perbaiki verifikasi tidak tidak_masuk
58331694-fae2-4200-9717-864ef83d8f8a,sangat membntu,5,2026-07-29,9,Juli,positif,sangat membntu,sangat membantu,"['sangat', 'membantu']","['sangat', 'membantu']","['sangat', 'membantu']","['sangat', 'bantu']",sangat bantu
58781a64-4b7c-4126-9689-5fdc37a79f72,salam sehat,5,2026-06-28,13,Juni,netral,salam sehat,salam sehat,"['salam', 'sehat']","['salam', 'sehat']","['salam', 'sehat']","['salam', 'sehat']",salam sehat
58b9912d-24df-4788-9ba8-cbfe02f7cbcc,aplikasi tolol nunggu kode Verifikasi nomor hp hampir 1 jam udah gonta ganti nomor hp tetap aja g masuk,1,2026-06-02,23,Juni,negatif,aplikasi tolol nunggu kode verifikasi nomor hp hampir 1 jam udah gonta ganti nomor hp tetap aja g masuk,aplikasi tolol menunggu kode verifikasi nomor ponsel hampir 1 jam sudah berganti-ganti nomor ponsel tetap saja tidak masuk,"['aplikasi', 'tolol', 'menunggu', 'kode', 'verifikasi', 'nomor', 'ponsel', 'hampir', '1', 'jam', 'sudah', 'berganti-ganti', 'nomor', 'ponsel', 'tetap', 'saja', 'tidak', 'masuk']","['aplikasi', 'tolol', 'menunggu', 'kode', 'verifikasi', 'nomor', 'ponsel', 'hampir', '1', 'jam', 'berganti-ganti', 'nomor', 'ponsel', 'tetap', 'tidak', 'masuk']","['aplikasi', 'tolol', 'menunggu', 'kode', 'verifikasi', 'nomor', 'ponsel', 'hampir', '1', 'jam', 'berganti-ganti', 'nomor', 'ponsel', 'tetap', 'tidak', 'tidak_masuk']","['aplikasi', 'tolol', 'tunggu', 'kode', 'verifikasi', 'nomor', 'ponsel', 'hampir', '1', 'jam', 'ganti', 'nomor', 'ponsel', 'tetap', 'tidak', 'tidak_masuk']",aplikasi tolol tunggu kode verifikasi nomor ponsel hampir 1 jam ganti nomor ponsel tetap tidak tidak_masuk
59499a86-a0d8-4c1d-bbf2-55a768584674,dibantu untuk pindah oleh petugas puskesmas Leuwiliang,5,2026-06-08,14,Juni,netral,dibantu untuk pindah oleh petugas puskesmas leuwiliang,dibantu untuk pindah oleh petugas puskesmas leuwiliang,"['dibantu', 'untuk', 'pindah', 'oleh', 'petugas', 'puskesmas', 'leuwiliang']","['dibantu', 'pindah', 'petugas', 'puskesmas', 'leuwiliang']","['dibantu', 'pindah', 'petugas', 'puskesmas', 'leuwiliang']","['bantu', 'pindah', 'tugas', 'puskesmas', 'leuwiliang']",bantu pindah tugas puskesmas leuwiliang
5985b8da-499d-4015-a121-26cbd1640371,"sistem bobrok gak pegawe gak aplikasi sama"" bobrok taunya hanya uang uang dan uang 🙊🙊🙊🙊",1,2026-06-05,10,Juni,negatif,sistem bobrok gak pegawe gak aplikasi sama bobrok taunya hanya uang uang dan uang,sistem bobrok tidak pegawai tidak aplikasi sama bobrok tahunya hanya uang uang dan uang,"['sistem', 'bobrok', 'tidak', 'pegawai', 'tidak', 'aplikasi', 'sama', 'bobrok', 'tahunya', 'hanya', 'uang', 'uang', 'dan', 'uang']","['sistem', 'bobrok', 'tidak', 'pegawai', 'tidak', 'aplikasi', 'sama', 'bobrok', 'tahunya', 'uang', 'uang', 'uang']","['sistem', 'bobrok', 'tidak', 'tidak_pegawai', 'tidak', 'tidak_aplikasi', 'sama', 'bobrok', 'tahunya', 'uang', 'uang', 'uang']","['sistem', 'bobrok', 'tidak', 'tidak_pegawai', 'tidak', 'tidak_aplikasi', 'sama', 'bobrok', 'tahu', 'uang', 'uang', 'uang']",sistem bobrok tidak tidak_pegawai tidak tidak_aplikasi sama bobrok tahu uang uang uang
59b871ab-19bc-4c9a-9284-1ac320303d67,Semoga bermanfaat,5,2026-07-25,10,Juli,netral,semoga bermanfaat,semoga bermanfaat,"['semoga', 'bermanfaat']","['semoga', 'bermanfaat']","['semoga', 'bermanfaat']","['moga', 'manfaat']",moga manfaat
59ed27ce-421b-4138-ae01-e6c80c68baa6,"Untuk penambahan anggota bpjs dalam satu KK mohon dipermudah, soalnya kami orang pekerja yang bisa di rumah nya hanya Sabtu-Minggu, selebihnya di kantor. terimakasih.",5,2026-08-09,16,Agustus,negatif,untuk penambahan anggota bpjs dalam satu kk mohon dipermudah soalnya kami orang pekerja yang bisa di rumah nya hanya sabtu minggu selebihnya di kantor terimakasih,untuk penambahan anggota bpjs dalam satu kk mohon dipermudah soalnya kami orang pekerja yang bisa di rumah nya hanya sabtu minggu selebihnya di kantor terima kasih,"['untuk', 'penambahan', 'anggota', 'bpjs', 'dalam', 'satu', 'kk', 'mohon', 'dipermudah', 'soalnya', 'kami', 'orang', 'pekerja', 'yang', 'bisa', 'di', 'rumah', 'nya', 'hanya', 'sabtu', 'minggu', 'selebihnya', 'di', 'kantor', 'terima', 'kasih']","['penambahan', 'anggota', 'bpjs', 'satu', 'kk', 'mohon', 'dipermudah', 'soalnya', 'orang', 'pekerja', 'rumah', 'sabtu', 'minggu', 'selebihnya', 'kantor', 'terima', 'kasih']","['penambahan', 'anggota', 'bpjs', 'satu', 'kk', 'mohon', 'dipermudah', 'soalnya', 'orang', 'pekerja', 'rumah', 'sabtu', 'minggu', 'selebihnya', 'kantor', 'terima', 'kasih']","['tambah', 'anggota', 'bpjs', 'satu', 'kk', 'mohon', 'mudah', 'soal', 'orang', 'kerja', 'rumah', 'sabtu', 'minggu', 'lebih', 'kantor', 'terima', 'kasih']",tambah anggota bpjs satu kk mohon mudah soal orang kerja rumah sabtu minggu lebih kantor terima kasih
5a010f45-d531-4ff7-b583-619ceec96e4a,sering logout sendiri ...klo gk di buka buka ..mana harus masukin nik segala ..bukan indonesia klo gk syukitin warga,2,2026-07-17,11,Juli,negatif,sering logout sendiri klo gk di buka buka mana harus masukin nik segala bukan indonesia klo gk syukitin warga,sering logout sendiri kalau tidak dibuka buka mana harus masukkan nik segala bukan indonesia kalau tidak menyulitkan warga,"['sering', 'logout', 'sendiri', 'kalau', 'tidak', 'dibuka', 'buka', 'mana', 'harus', 'masukkan', 'nik', 'segala', 'bukan', 'indonesia', 'kalau', 'tidak', 'menyulitkan', 'warga']","['sering', 'logout', 'sendiri', 'kalau', 'tidak', 'dibuka', 'buka', 'mana', 'masukkan', 'nik', 'segala', 'bukan', 'indonesia', 'kalau', 'tidak', 'menyulitkan', 'warga']","['sering', 'logout', 'sendiri', 'kalau', 'tidak', 'tidak_dibuka', 'buka', 'mana', 'masukkan', 'nik', 'segala', 'bukan', 'indonesia', 'kalau', 'tidak', 'tidak_menyulitkan', 'warga']","['sering', 'logout', 'sendiri', 'kalau', 'tidak', 'tidak_buka', 'buka', 'mana', 'masuk', 'nik', 'segala', 'bukan', 'indonesia', 'kalau', 'tidak', 'tidak_sulit', 'warga']",sering logout sendiri kalau tidak tidak_buka buka mana masuk nik segala bukan indonesia kalau tidak tidak_sulit warga
5a45e021-52ea-48e4-98ef-96c806cb73b6,terus tingkatkan pelayanan,5,2026-07-07,9,Juli,netral,terus tingkatkan pelayanan,terus tingkatkan pelayanan,"['terus', 'tingkatkan', 'pelayanan']","['terus', 'tingkatkan', 'pelayanan']","['terus', 'tingkatkan', 'pelayanan']","['terus', 'tingkat', 'layan']",terus tingkat layan
5a92adcb-b502-4e0f-9173-2ef686518b8d,semoga lebih baik lagi,5,2026-07-08,14,Juli,netral,semoga lebih baik lagi,semoga lebih baik lagi,"['semoga', 'lebih', 'baik', 'lagi']","['semoga', 'lebih', 'baik']","['semoga', 'lebih', 'baik']","['moga', 'lebih', 'baik']",moga lebih baik
5aa10e75-ecd1-49c2-9666-716dc880648c,Alhamdulillah...,5,2026-06-03,11,Juni,netral,alhamdulillah,alhamdulillah,['alhamdulillah'],['alhamdulillah'],['alhamdulillah'],['alhamdulillah'],alhamdulillah
5ada56eb-4b33-4b55-b3b9-c4334c734b20,sangat membantu sekali,5,2026-06-05,9,Juni,positif,sangat membantu sekali,sangat membantu sekali,"['sangat', 'membantu', 'sekali']","['sangat', 'membantu', 'sekali']","['sangat', 'membantu', 'sekali']","['sangat', 'bantu', 'sekali']",sangat bantu sekali
5adfc20c-bd7d-4ccc-a13e-9cb2465bf8bd,ok,5,2026-07-01,7,Juli,positif,ok,oke,['oke'],['oke'],['oke'],['oke'],oke
5b2591a3-92f8-48d2-beca-c237a0fa4337,Semoga lebih dimudahkan soal Aturan untuk Pasien yg sudah sangat Membutuhkan Pertolongan.. Jangan di buat berbelit ya..🙏,4,2026-06-24,17,Juni,netral,semoga lebih dimudahkan soal aturan untuk pasien yg sudah sangat membutuhkan pertolongan jangan di buat berbelit ya,semoga lebih dimudahkan soal aturan untuk pasien yang sudah sangat membutuhkan pertolongan jangan di buat berbelit ya,"['semoga', 'lebih', 'dimudahkan', 'soal', 'aturan', 'untuk', 'pasien', 'yang', 'sudah', 'sangat', 'membutuhkan', 'pertolongan', 'jangan', 'di', 'buat', 'berbelit', 'ya']","['semoga', 'lebih', 'dimudahkan', 'soal', 'aturan', 'pasien', 'sangat', 'membutuhkan', 'pertolongan', 'jangan', 'buat', 'berbelit']","['semoga', 'lebih', 'dimudahkan', 'soal', 'aturan', 'pasien', 'sangat', 'membutuhkan', 'pertolongan', 'jangan', 'buat', 'berbelit']","['moga', 'lebih', 'mudah', 'soal', 'atur', 'pasien', 'sangat', 'butuh', 'tolong', 'jangan', 'buat', 'belit']",moga lebih mudah soal atur pasien sangat butuh tolong jangan buat belit
5b752b23-115b-4680-9bf7-15149de4eded,keren,5,2026-07-28,22,Juli,positif,keren,keren,['keren'],['keren'],['keren'],['keren'],keren
5b761dc5-a969-4183-b271-878780c558eb,Terus Tingkatkan keamanan aplikasi ini juga dapat membantu bagi penggunanya terimakasih,4,2026-08-28,1,Agustus,netral,terus tingkatkan keamanan aplikasi ini juga dapat membantu bagi penggunanya terimakasih,terus tingkatkan keamanan aplikasi ini juga dapat membantu bagi penggunanya terima kasih,"['terus', 'tingkatkan', 'keamanan', 'aplikasi', 'ini', 'juga', 'dapat', 'membantu', 'bagi', 'penggunanya', 'terima', 'kasih']","['terus', 'tingkatkan', 'keamanan', 'aplikasi', 'membantu', 'penggunanya', 'terima', 'kasih']","['terus', 'tingkatkan', 'keamanan', 'aplikasi', 'membantu', 'penggunanya', 'terima', 'kasih']","['terus', 'tingkat', 'aman', 'aplikasi', 'bantu', 'guna', 'terima', 'kasih']",terus tingkat aman aplikasi bantu guna terima kasih
5ba9a9c0-1f78-4bd1-8b3e-04611b0a7d8c,"apaan, orang lagi urgent banget tapi kode verifikasi ga kunjung muncul",1,2026-07-13,16,Juli,negatif,apaan orang lagi urgent banget tapi kode verifikasi ga kunjung muncul,apa orang lagi mendesak sangat tapi kode verifikasi tidak kunjung muncul,"['apa', 'orang', 'lagi', 'mendesak', 'sangat', 'tapi', 'kode', 'verifikasi', 'tidak', 'kunjung', 'muncul']","['apa', 'orang', 'mendesak', 'sangat', 'kode', 'verifikasi', 'tidak', 'kunjung', 'muncul']","['apa', 'orang', 'mendesak', 'sangat', 'kode', 'verifikasi', 'tidak', 'tidak_kunjung', 'muncul']","['apa', 'orang', 'desak', 'sangat', 'kode', 'verifikasi', 'tidak', 'tidak_kunjung', 'muncul']",apa orang desak sangat kode verifikasi tidak tidak_kunjung muncul
5bddb59a-3797-4794-8d05-a800422fd28f,"kenapa selalu tiba"" keluar masa harus masuk lg pa butuh kaya kurang kerjaan aja pas lagi penting terus juga kadang gk bisa masuk berulang x dicoba gimana sih niat buat aplikasi apa ga becus",1,2026-07-29,15,Juli,negatif,kenapa selalu tiba keluar masa harus masuk lg pa butuh kaya kurang kerjaan aja pas lagi penting terus juga kadang gk bisa masuk berulang x dicoba gimana sih niat buat aplikasi apa ga becus,kenapa selalu tiba keluar masa harus masuk lagi pa butuh kaya kurang kerjaan saja pas lagi penting terus juga kadang tidak bisa masuk berulang x dicoba bagaimana sih niat buat aplikasi apa tidak becus,"['kenapa', 'selalu', 'tiba', 'keluar', 'masa', 'harus', 'masuk', 'lagi', 'pa', 'butuh', 'kaya', 'kurang', 'kerjaan', 'saja', 'pas', 'lagi', 'penting', 'terus', 'juga', 'kadang', 'tidak', 'bisa', 'masuk', 'berulang', 'x', 'dicoba', 'bagaimana', 'sih', 'niat', 'buat', 'aplikasi', 'apa', 'tidak', 'becus']","['selalu', 'tiba', 'keluar', 'masa', 'masuk', 'pa', 'butuh', 'kaya', 'kurang', 'kerjaan', 'pas', 'penting', 'terus', 'kadang', 'tidak', 'masuk', 'berulang', 'x', 'dicoba', 'bagaimana', 'sih', 'niat', 'buat', 'aplikasi', 'apa', 'tidak', 'becus']","['selalu', 'tiba', 'keluar', 'masa', 'masuk', 'pa', 'butuh', 'kaya', 'kurang', 'kerjaan', 'pas', 'penting', 'terus', 'kadang', 'tidak', 'tidak_masuk', 'berulang', 'x', 'dicoba', 'bagaimana', 'sih', 'niat', 'buat', 'aplikasi', 'apa', 'tidak', 'tidak_becus']","['selalu', 'tiba', 'keluar', 'masa', 'masuk', 'pa', 'butuh', 'kaya', 'kurang', 'kerja', 'pas', 'penting', 'terus', 'kadang', 'tidak', 'tidak_masuk', 'ulang', 'x', 'coba', 'bagaimana', 'sih', 'niat', 'buat', 'aplikasi', 'apa', 'tidak', 'tidak_becus']",selalu tiba keluar masa masuk pa butuh kaya kurang kerja pas penting terus kadang tidak tidak_masuk ulang x coba bagaimana sih niat buat aplikasi apa tidak tidak_becus
5bf97d83-8f07-48f0-bd0c-37e42d5ace64,apk susah untuk daftar,1,2026-07-22,19,Juli,negatif,apk susah untuk daftar,aplikasi susah untuk daftar,"['aplikasi', 'susah', 'untuk', 'daftar']","['aplikasi', 'susah', 'daftar']","['aplikasi', 'susah', 'daftar']","['aplikasi', 'susah', 'daftar']",aplikasi susah daftar
5c018de3-78aa-45ed-bfeb-1065ac68822c,sydah jauh lebih baik hanya sedikit ribet untuk proses verifikasi khusus untuk orang yang tidak paham,5,2026-07-12,16,Juli,positif,sydah jauh lebih baik hanya sedikit ribet untuk proses verifikasi khusus untuk orang yang tidak paham,sudah jauh lebih baik hanya sedikit rumit untuk proses verifikasi khusus untuk orang yang tidak paham,"['sudah', 'jauh', 'lebih', 'baik', 'hanya', 'sedikit', 'rumit', 'untuk', 'proses', 'verifikasi', 'khusus', 'untuk', 'orang', 'yang', 'tidak', 'paham']","['jauh', 'lebih', 'baik', 'sedikit', 'rumit', 'proses', 'verifikasi', 'khusus', 'orang', 'tidak', 'paham']","['jauh', 'lebih', 'baik', 'sedikit', 'rumit', 'proses', 'verifikasi', 'khusus', 'orang', 'tidak', 'tidak_paham']","['jauh', 'lebih', 'baik', 'sedikit', 'rumit', 'proses', 'verifikasi', 'khusus', 'orang', 'tidak', 'tidak_paham']",jauh lebih baik sedikit rumit proses verifikasi khusus orang tidak tidak_paham
5c0eb6a9-a483-4ba3-a7aa-fde3fcc73c82,sangat membantu dalam pendaftaran .,5,2026-07-14,10,Juli,positif,sangat membantu dalam pendaftaran,sangat membantu dalam pendaftaran,"['sangat', 'membantu', 'dalam', 'pendaftaran']","['sangat', 'membantu', 'pendaftaran']","['sangat', 'membantu', 'pendaftaran']","['sangat', 'bantu', 'daftar']",sangat bantu daftar
5c0f327a-60e9-4c3d-983e-f50ee9b50be8,aplikasi mudah dan nyaman di gunakan,5,2026-06-12,17,Juni,positif,aplikasi mudah dan nyaman di gunakan,aplikasi mudah dan nyaman digunakan,"['aplikasi', 'mudah', 'dan', 'nyaman', 'digunakan']","['aplikasi', 'mudah', 'nyaman', 'digunakan']","['aplikasi', 'mudah', 'nyaman', 'digunakan']","['aplikasi', 'mudah', 'nyaman', 'guna']",aplikasi mudah nyaman guna
5c313759-1869-40dd-b8e1-10ec9f0ac756,sangat membantu,5,2026-08-01,10,Agustus,positif,sangat membantu,sangat membantu,"['sangat', 'membantu']","['sangat', 'membantu']","['sangat', 'membantu']","['sangat', 'bantu']",sangat bantu
5c65940f-1bdb-4f28-af22-ad653f04a6ac,baik pelayanan bagus walaupun anak magang,5,2026-07-27,14,Juli,positif,baik pelayanan bagus walaupun anak magang,baik pelayanan bagus walaupun anak magang,"['baik', 'pelayanan', 'bagus', 'walaupun', 'anak', 'magang']","['baik', 'pelayanan', 'bagus', 'walaupun', 'anak', 'magang']","['baik', 'pelayanan', 'bagus', 'walaupun', 'anak', 'magang']","['baik', 'layan', 'bagus', 'walaupun', 'anak', 'magang']",baik layan bagus walaupun anak magang
5c711e61-13c1-4648-809d-d4a32d0c5591,aplikasi ini tidak bisa di download,1,2026-06-27,11,Juni,negatif,aplikasi ini tidak bisa di download,aplikasi ini tidak bisa diunduh,"['aplikasi', 'ini', 'tidak', 'bisa', 'diunduh']","['aplikasi', 'tidak', 'diunduh']","['aplikasi', 'tidak', 'tidak_diunduh']","['aplikasi', 'tidak', 'tidak_unduh']",aplikasi tidak tidak_unduh
5c993b70-56eb-4b5c-9941-e77dde91b342,sistem verfikasi wajah SANGAT BURUK. Kamera mirror dan tidak sensitif sehinggak tidak mendeteksi wajah dengan baik. MOHON SEGERA DIPERBAIKI. JANGAN MENYUSAHKA. USER. INI SUDAH SEJAK TAHUN KEMARIN SEPERTI INI.,1,2026-06-23,9,Juni,negatif,sistem verfikasi wajah sangat buruk kamera mirror dan tidak sensitif sehinggak tidak mendeteksi wajah dengan baik mohon segera diperbaiki jangan menyusahka user ini sudah sejak tahun kemarin seperti ini,sistem verifikasi wajah sangat buruk kamera mirror dan tidak sensitif sehingga tidak mendeteksi wajah dengan baik mohon segera diperbaiki jangan menyusahkan pengguna ini sudah sejak tahun kemarin seperti ini,"['sistem', 'verifikasi', 'wajah', 'sangat', 'buruk', 'kamera', 'mirror', 'dan', 'tidak', 'sensitif', 'sehingga', 'tidak', 'mendeteksi', 'wajah', 'dengan', 'baik', 'mohon', 'segera', 'diperbaiki', 'jangan', 'menyusahkan', 'pengguna', 'ini', 'sudah', 'sejak', 'tahun', 'kemarin', 'seperti', 'ini']","['sistem', 'verifikasi', 'wajah', 'sangat', 'buruk', 'kamera', 'mirror', 'tidak', 'sensitif', 'tidak', 'mendeteksi', 'wajah', 'baik', 'mohon', 'segera', 'diperbaiki', 'jangan', 'menyusahkan', 'pengguna', 'sejak', 'tahun', 'kemarin']","['sistem', 'verifikasi', 'wajah', 'sangat', 'buruk', 'kamera', 'mirror', 'tidak', 'tidak_sensitif', 'tidak', 'tidak_mendeteksi', 'wajah', 'baik', 'mohon', 'segera', 'diperbaiki', 'jangan', 'menyusahkan', 'pengguna', 'sejak', 'tahun', 'kemarin']","['sistem', 'verifikasi', 'wajah', 'sangat', 'buruk', 'kamera', 'mirror', 'tidak', 'tidak_sensitif', 'tidak', 'tidak_deteksi', 'wajah', 'baik', 'mohon', 'segera', 'perbaiki', 'jangan', 'susah', 'guna', 'sejak', 'tahun', 'kemarin']",sistem verifikasi wajah sangat buruk kamera mirror tidak tidak_sensitif tidak tidak_deteksi wajah baik mohon segera perbaiki jangan susah guna sejak tahun kemarin
5cb42aa6-5b7b-49ab-b69e-df909f5e2694,aplikasi tidak berguna,1,2026-08-11,14,Agustus,negatif,aplikasi tidak berguna,aplikasi tidak berguna,"['aplikasi', 'tidak', 'berguna']","['aplikasi', 'tidak', 'berguna']","['aplikasi', 'tidak', 'tidak_berguna']","['aplikasi', 'tidak', 'tidak_guna']",aplikasi tidak tidak_guna
5d416b93-c592-4a1a-a785-4ef94ec2b3f1,semoga tidak di persulit,5,2026-08-27,15,Agustus,netral,semoga tidak di persulit,semoga tidak dipersulit,"['semoga', 'tidak', 'dipersulit']","['semoga', 'tidak', 'dipersulit']","['semoga', 'tidak', 'tidak_dipersulit']","['moga', 'tidak', 'tidak_sulit']",moga tidak tidak_sulit
5d6c10c6-caf9-4ac3-bc0f-54b56c98d5ee,tetap tingkatkan pelayanan,5,2026-06-05,15,Juni,netral,tetap tingkatkan pelayanan,tetap tingkatkan pelayanan,"['tetap', 'tingkatkan', 'pelayanan']","['tetap', 'tingkatkan', 'pelayanan']","['tetap', 'tingkatkan', 'pelayanan']","['tetap', 'tingkat', 'layan']",tetap tingkat layan
5d705716-e473-4c5e-be4d-c04a40f2c10a,mau edit email bagaimana caranya,5,2026-06-07,7,Juni,netral,mau edit email bagaimana caranya,mau edit email bagaimana caranya,"['mau', 'edit', 'email', 'bagaimana', 'caranya']","['mau', 'edit', 'email', 'bagaimana', 'caranya']","['mau', 'edit', 'email', 'bagaimana', 'caranya']","['mau', 'edit', 'email', 'bagaimana', 'cara']",mau edit email bagaimana cara
5d7f10a5-3f30-4577-86eb-8d61a8010cd1,Alhamdulillah,5,2026-07-28,9,Juli,netral,alhamdulillah,alhamdulillah,['alhamdulillah'],['alhamdulillah'],['alhamdulillah'],['alhamdulillah'],alhamdulillah
5de4d6fd-612a-44f2-9055-be475d6b52cf,sangat bagus,5,2026-08-10,10,Agustus,positif,sangat bagus,sangat bagus,"['sangat', 'bagus']","['sangat', 'bagus']","['sangat', 'bagus']","['sangat', 'bagus']",sangat bagus
5e3aff46-7bfe-4d20-aa7c-96f90fffe550,gabisa screenshot bukti antri nya,2,2026-06-01,8,Juni,negatif,gabisa screenshot bukti antri nya,tidak bisa tangkapan layar bukti antre nya,"['tidak', 'bisa', 'tangkapan', 'layar', 'bukti', 'antre', 'nya']","['tidak', 'tangkapan', 'layar', 'bukti', 'antre']","['tidak', 'tidak_tangkapan', 'layar', 'bukti', 'antre']","['tidak', 'tidak_tangkap', 'layar', 'bukti', 'antre']",tidak tidak_tangkap layar bukti antre
5e687441-93dd-4537-9c16-32cab45b2711,mudah mudahan pelayanannya selalu bagus,5,2026-07-26,10,Juli,netral,mudah mudahan pelayanannya selalu bagus,semoga pelayanannya selalu bagus,"['semoga', 'pelayanannya', 'selalu', 'bagus']","['semoga', 'pelayanannya', 'selalu', 'bagus']","['semoga', 'pelayanannya', 'selalu', 'bagus']","['moga', 'layan', 'selalu', 'bagus']",moga layan selalu bagus
5e94ac50-0d16-4728-80c1-ab2025b6255c,"server jelek, harap diperbaiki terlau banyak akses apk sering ngebug",1,2026-07-30,21,Juli,negatif,server jelek harap diperbaiki terlau banyak akses apk sering ngebug,server jelek harap diperbaiki terlalu banyak akses aplikasi sering mengalami gangguan sistem,"['server', 'jelek', 'harap', 'diperbaiki', 'terlalu', 'banyak', 'akses', 'aplikasi', 'sering', 'mengalami', 'gangguan', 'sistem']","['server', 'jelek', 'harap', 'diperbaiki', 'terlalu', 'banyak', 'akses', 'aplikasi', 'sering', 'mengalami', 'gangguan', 'sistem']","['server', 'jelek', 'harap', 'diperbaiki', 'terlalu', 'banyak', 'akses', 'aplikasi', 'sering', 'mengalami', 'gangguan', 'sistem']","['server', 'jelek', 'harap', 'perbaiki', 'terlalu', 'banyak', 'akses', 'aplikasi', 'sering', 'alami', 'ganggu', 'sistem']",server jelek harap perbaiki terlalu banyak akses aplikasi sering alami ganggu sistem
5eade632-50bc-4d6a-9570-8e68b4138e10,berguna,5,2026-07-15,18,Juli,positif,berguna,berguna,['berguna'],['berguna'],['berguna'],['guna'],guna
5eb37434-0f34-4de7-a13d-71b93fdcf522,terimakasih sangat membantu,5,2026-07-27,9,Juli,positif,terimakasih sangat membantu,terima kasih sangat membantu,"['terima', 'kasih', 'sangat', 'membantu']","['terima', 'kasih', 'sangat', 'membantu']","['terima', 'kasih', 'sangat', 'membantu']","['terima', 'kasih', 'sangat', 'bantu']",terima kasih sangat bantu
5ed66376-b7d8-476e-bcb2-d3f427bef184,"lebih mudah, cepat dan praktis",5,2026-08-21,10,Agustus,positif,lebih mudah cepat dan praktis,lebih mudah cepat dan praktis,"['lebih', 'mudah', 'cepat', 'dan', 'praktis']","['lebih', 'mudah', 'cepat', 'praktis']","['lebih', 'mudah', 'cepat', 'praktis']","['lebih', 'mudah', 'cepat', 'praktis']",lebih mudah cepat praktis
5f1f0969-d456-42a2-98e7-6f938e6f7d6c,lebih di tingkatkan lagi.. pake notif kyaknya lebih oke.. biar gk lupa cek up,4,2026-06-06,18,Juni,netral,lebih di tingkatkan lagi pake notif kyaknya lebih oke biar gk lupa cek up,lebih di tingkatkan lagi pakai notifikasi sepertinya lebih oke agar tidak lupa cek up,"['lebih', 'di', 'tingkatkan', 'lagi', 'pakai', 'notifikasi', 'sepertinya', 'lebih', 'oke', 'agar', 'tidak', 'lupa', 'cek', 'up']","['lebih', 'tingkatkan', 'pakai', 'notifikasi', 'sepertinya', 'lebih', 'oke', 'tidak', 'lupa', 'cek', 'up']","['lebih', 'tingkatkan', 'pakai', 'notifikasi', 'sepertinya', 'lebih', 'oke', 'tidak', 'tidak_lupa', 'cek', 'up']","['lebih', 'tingkat', 'pakai', 'notifikasi', 'seperti', 'lebih', 'oke', 'tidak', 'tidak_lupa', 'cek', 'up']",lebih tingkat pakai notifikasi seperti lebih oke tidak tidak_lupa cek up
5f3d74d6-bd32-4ab0-ad16-2f3dc4cad1a6,aplikasi bego gajelas banyak kendala,1,2026-07-14,11,Juli,negatif,aplikasi bego gajelas banyak kendala,aplikasi bodoh tidak jelas banyak kendala,"['aplikasi', 'bodoh', 'tidak', 'jelas', 'banyak', 'kendala']","['aplikasi', 'bodoh', 'tidak', 'jelas', 'banyak', 'kendala']","['aplikasi', 'bodoh', 'tidak', 'tidak_jelas', 'banyak', 'kendala']","['aplikasi', 'bodoh', 'tidak', 'tidak_jelas', 'banyak', 'kendala']",aplikasi bodoh tidak tidak_jelas banyak kendala
5f4dff05-ae69-4945-87f2-7e65a89cbb6d,"good, Aplikasi sangat membantu",5,2026-07-16,21,Juli,positif,good aplikasi sangat membantu,bagus aplikasi sangat membantu,"['bagus', 'aplikasi', 'sangat', 'membantu']","['bagus', 'aplikasi', 'sangat', 'membantu']","['bagus', 'aplikasi', 'sangat', 'membantu']","['bagus', 'aplikasi', 'sangat', 'bantu']",bagus aplikasi sangat bantu
5f7d40f6-8591-4d90-a918-06f6014f42b7,"ini kenapa sih? jd gabisa log in, malah muncul tulisan offline mulu. padahal internet juga lagi bagus. ngeselin bgt mana mau di pakai. arghhhhh",3,2026-07-01,1,Juli,negatif,ini kenapa sih jd gabisa log in malah muncul tulisan offline mulu padahal internet juga lagi bagus ngeselin bgt mana mau di pakai arghhhhh,ini kenapa sih jadi tidak bisa login malah muncul tulisan luring terus-menerus padahal internet juga lagi bagus menjengkelkan sangat mana mau dipakai aduh,"['ini', 'kenapa', 'sih', 'jadi', 'tidak', 'bisa', 'login', 'malah', 'muncul', 'tulisan', 'luring', 'terus-menerus', 'padahal', 'internet', 'juga', 'lagi', 'bagus', 'menjengkelkan', 'sangat', 'mana', 'mau', 'dipakai', 'aduh']","['sih', 'jadi', 'tidak', 'login', 'malah', 'muncul', 'tulisan', 'luring', 'terus-menerus', 'padahal', 'internet', 'bagus', 'menjengkelkan', 'sangat', 'mana', 'mau', 'dipakai', 'aduh']","['sih', 'jadi', 'tidak', 'tidak_login', 'malah', 'muncul', 'tulisan', 'luring', 'terus-menerus', 'padahal', 'internet', 'bagus', 'menjengkelkan', 'sangat', 'mana', 'mau', 'dipakai', 'aduh']","['sih', 'jadi', 'tidak', 'tidak_login', 'malah', 'muncul', 'tulis', 'luring', 'terus', 'padahal', 'internet', 'bagus', 'jengkel', 'sangat', 'mana', 'mau', 'pakai', 'aduh']",sih jadi tidak tidak_login malah muncul tulis luring terus padahal internet bagus jengkel sangat mana mau pakai aduh
5fbe23e8-c514-4e63-88c8-6d5d95311c03,semakin mudah dan sangat membantu,5,2026-07-31,4,Juli,positif,semakin mudah dan sangat membantu,semakin mudah dan sangat membantu,"['semakin', 'mudah', 'dan', 'sangat', 'membantu']","['semakin', 'mudah', 'sangat', 'membantu']","['semakin', 'mudah', 'sangat', 'membantu']","['makin', 'mudah', 'sangat', 'bantu']",makin mudah sangat bantu
5fd51383-b6c4-4f49-a391-2a5449cec91e,kenapa setiap mau login ga bisa masuk? malah permintaan anda belum bisa di proses silahkan mencoba beberapa saat lagi mohon maaf atas ketidak nyamanan anda. tolong dong perbaiki mau login ga bisa masuk terus 😭😭,1,2026-07-10,17,Juli,negatif,kenapa setiap mau login ga bisa masuk malah permintaan anda belum bisa di proses silahkan mencoba beberapa saat lagi mohon maaf atas ketidak nyamanan anda tolong dong perbaiki mau login ga bisa masuk terus,kenapa setiap mau login tidak bisa masuk malah permintaan anda belum bisa di proses silakan mencoba beberapa saat lagi mohon maaf atas ketidaknyamanan anda tolong dong perbaiki mau login tidak bisa masuk terus,"['kenapa', 'setiap', 'mau', 'login', 'tidak', 'bisa', 'masuk', 'malah', 'permintaan', 'anda', 'belum', 'bisa', 'di', 'proses', 'silakan', 'mencoba', 'beberapa', 'saat', 'lagi', 'mohon', 'maaf', 'atas', 'ketidaknyamanan', 'anda', 'tolong', 'dong', 'perbaiki', 'mau', 'login', 'tidak', 'bisa', 'masuk', 'terus']","['mau', 'login', 'tidak', 'masuk', 'malah', 'permintaan', 'proses', 'silakan', 'mencoba', 'beberapa', 'mohon', 'maaf', 'atas', 'ketidaknyamanan', 'dong', 'perbaiki', 'mau', 'login', 'tidak', 'masuk', 'terus']","['mau', 'login', 'tidak', 'tidak_masuk', 'malah', 'permintaan', 'proses', 'silakan', 'mencoba', 'beberapa', 'mohon', 'maaf', 'atas', 'ketidaknyamanan', 'dong', 'perbaiki', 'mau', 'login', 'tidak', 'tidak_masuk', 'terus']","['mau', 'login', 'tidak', 'tidak_masuk', 'malah', 'minta', 'proses', 'sila', 'coba', 'beberapa', 'mohon', 'maaf', 'atas', 'ketidaknyamanan', 'dong', 'perbaiki', 'mau', 'login', 'tidak', 'tidak_masuk', 'terus']",mau login tidak tidak_masuk malah minta proses sila coba beberapa mohon maaf atas ketidaknyamanan dong perbaiki mau login tidak tidak_masuk terus
60127bca-f050-40b2-a647-89cca524cc83,"aplikasi sampah, mau daftar jkn mobile selalu gk muncul SMS kode otp padahal pulsa udah di isi banyak",1,2026-08-18,21,Agustus,negatif,aplikasi sampah mau daftar jkn mobile selalu gk muncul sms kode otp padahal pulsa udah di isi banyak,aplikasi sampah mau daftar jkn mobile selalu tidak muncul sms kode otp padahal pulsa sudah diisi banyak,"['aplikasi', 'sampah', 'mau', 'daftar', 'jkn', 'mobile', 'selalu', 'tidak', 'muncul', 'sms', 'kode', 'otp', 'padahal', 'pulsa', 'sudah', 'diisi', 'banyak']","['aplikasi', 'sampah', 'mau', 'daftar', 'jkn', 'mobile', 'selalu', 'tidak', 'muncul', 'sms', 'kode', 'otp', 'padahal', 'pulsa', 'diisi', 'banyak']","['aplikasi', 'sampah', 'mau', 'daftar', 'jkn', 'mobile', 'selalu', 'tidak', 'tidak_muncul', 'sms', 'kode', 'otp', 'padahal', 'pulsa', 'diisi', 'banyak']","['aplikasi', 'sampah', 'mau', 'daftar', 'jkn', 'mobile', 'selalu', 'tidak', 'tidak_muncul', 'sms', 'kode', 'otp', 'padahal', 'pulsa', 'isi', 'banyak']",aplikasi sampah mau daftar jkn mobile selalu tidak tidak_muncul sms kode otp padahal pulsa isi banyak
6027f36f-a40d-467c-9741-8db75416f69d,aplikasi luarbiasa sangat membantu rakyat indonesia,5,2026-08-10,18,Agustus,positif,aplikasi luarbiasa sangat membantu rakyat indonesia,aplikasi luar biasa sangat membantu rakyat indonesia,"['aplikasi', 'luar', 'biasa', 'sangat', 'membantu', 'rakyat', 'indonesia']","['aplikasi', 'luar', 'biasa', 'sangat', 'membantu', 'rakyat', 'indonesia']","['aplikasi', 'luar', 'biasa', 'sangat', 'membantu', 'rakyat', 'indonesia']","['aplikasi', 'luar', 'biasa', 'sangat', 'bantu', 'rakyat', 'indonesia']",aplikasi luar biasa sangat bantu rakyat indonesia
602f87aa-590f-4ca8-9a48-3d6297c3e108,mantap bagus bisa menyelasaikan masalah tidak harus ke kantornya,5,2026-06-26,12,Juni,positif,mantap bagus bisa menyelasaikan masalah tidak harus ke kantornya,mantap bagus bisa menyelesaikan masalah tidak harus ke kantornya,"['mantap', 'bagus', 'bisa', 'menyelesaikan', 'masalah', 'tidak', 'harus', 'ke', 'kantornya']","['mantap', 'bagus', 'menyelesaikan', 'masalah', 'tidak', 'kantornya']","['mantap', 'bagus', 'menyelesaikan', 'masalah', 'tidak', 'tidak_kantornya']","['mantap', 'bagus', 'selesai', 'masalah', 'tidak', 'tidak_kantor']",mantap bagus selesai masalah tidak tidak_kantor
603e74cd-8d6e-405f-81d3-5048ce177a8a,"TOLONG SEKALI INI APLIKASI KENAPA TIDAK BISA DIGUNAKAN, SAYA MAU LOG-IN TAPI CAPCHA NYA TIDAK KELUAR SUDAH 4 HARI DAN KETIKA SAYA MENGGUNAKAN LINK DI WHATSAPP PANDAWA JUGA TIDAK BISA DI GUNAKAN, JANGAN MEMPERSULIT KAMI DONG",1,2026-07-02,13,Juli,negatif,tolong sekali ini aplikasi kenapa tidak bisa digunakan saya mau log in tapi capcha nya tidak keluar sudah 4 hari dan ketika saya menggunakan link di whatsapp pandawa juga tidak bisa di gunakan jangan mempersulit kami dong,tolong sekali ini aplikasi kenapa tidak bisa digunakan saya mau login tapi captcha nya tidak keluar sudah 4 hari dan ketika saya menggunakan link di whatsapp pandawa juga tidak bisa digunakan jangan mempersulit kami dong,"['tolong', 'sekali', 'ini', 'aplikasi', 'kenapa', 'tidak', 'bisa', 'digunakan', 'saya', 'mau', 'login', 'tapi', 'captcha', 'nya', 'tidak', 'keluar', 'sudah', '4', 'hari', 'dan', 'ketika', 'saya', 'menggunakan', 'link', 'di', 'whatsapp', 'pandawa', 'juga', 'tidak', 'bisa', 'digunakan', 'jangan', 'mempersulit', 'kami', 'dong']","['sekali', 'aplikasi', 'tidak', 'digunakan', 'mau', 'login', 'captcha', 'tidak', 'keluar', '4', 'hari', 'menggunakan', 'link', 'whatsapp', 'pandawa', 'tidak', 'digunakan', 'jangan', 'mempersulit', 'dong']","['sekali', 'aplikasi', 'tidak', 'tidak_digunakan', 'mau', 'login', 'captcha', 'tidak', 'tidak_keluar', '4', 'hari', 'menggunakan', 'link', 'whatsapp', 'pandawa', 'tidak', 'tidak_digunakan', 'jangan', 'mempersulit', 'dong']","['sekali', 'aplikasi', 'tidak', 'tidak_guna', 'mau', 'login', 'captcha', 'tidak', 'tidak_keluar', '4', 'hari', 'guna', 'link', 'whatsapp', 'pandawa', 'tidak', 'tidak_guna', 'jangan', 'sulit', 'dong']",sekali aplikasi tidak tidak_guna mau login captcha tidak tidak_keluar 4 hari guna link whatsapp pandawa tidak tidak_guna jangan sulit dong
6064fe79-c416-433b-8fb8-b4778cec75df,ok,5,2026-06-13,11,Juni,positif,ok,oke,['oke'],['oke'],['oke'],['oke'],oke
6082029b-ad19-44f2-80ab-e8277ad440b5,mantap,5,2026-08-01,6,Agustus,positif,mantap,mantap,['mantap'],['mantap'],['mantap'],['mantap'],mantap
60a638b1-c424-4b96-a9e9-0a3617d7796c,keren,5,2026-06-25,12,Juni,positif,keren,keren,['keren'],['keren'],['keren'],['keren'],keren
60d8a407-f077-456b-a1c4-6a2447fbab7c,sangat membantu sekali,5,2026-08-05,14,Agustus,positif,sangat membantu sekali,sangat membantu sekali,"['sangat', 'membantu', 'sekali']","['sangat', 'membantu', 'sekali']","['sangat', 'membantu', 'sekali']","['sangat', 'bantu', 'sekali']",sangat bantu sekali
610c36c8-3fe6-4c6f-9b65-4607f55106df,ok,5,2026-08-15,20,Agustus,positif,ok,oke,['oke'],['oke'],['oke'],['oke'],oke
615e44bb-d7e8-4d28-98ad-a7a4b5ed3a8c,good,5,2026-06-13,7,Juni,positif,good,bagus,['bagus'],['bagus'],['bagus'],['bagus'],bagus
617961e1-414c-4c17-9ab8-5a84fcad58b5,oke,5,2026-06-25,12,Juni,positif,oke,oke,['oke'],['oke'],['oke'],['oke'],oke
61a7b980-65a8-40bb-b9c7-eb5e0bfc9e01,aplikasinya ribet. malah menyulitkan.,1,2026-08-03,12,Agustus,negatif,aplikasinya ribet malah menyulitkan,aplikasinya rumit malah menyulitkan,"['aplikasinya', 'rumit', 'malah', 'menyulitkan']","['aplikasinya', 'rumit', 'malah', 'menyulitkan']","['aplikasinya', 'rumit', 'malah', 'menyulitkan']","['aplikasi', 'rumit', 'malah', 'sulit']",aplikasi rumit malah sulit
61e7f19f-46fa-4f04-9887-60f92c0e34c3,"Saya pengguna gagap teknologi,namun masih bisa mengikuti instruksi yang diberikan,semoga pelayanan kedepannya semakin memuaskan.",5,2026-08-07,17,Agustus,netral,saya pengguna gagap teknologi namun masih bisa mengikuti instruksi yang diberikan semoga pelayanan kedepannya semakin memuaskan,saya pengguna gagap teknologi namun masih bisa mengikuti instruksi yang diberikan semoga pelayanan ke depannya semakin memuaskan,"['saya', 'pengguna', 'gagap', 'teknologi', 'namun', 'masih', 'bisa', 'mengikuti', 'instruksi', 'yang', 'diberikan', 'semoga', 'pelayanan', 'ke', 'depannya', 'semakin', 'memuaskan']","['pengguna', 'gagap', 'teknologi', 'mengikuti', 'instruksi', 'diberikan', 'semoga', 'pelayanan', 'depannya', 'semakin', 'memuaskan']","['pengguna', 'gagap', 'teknologi', 'mengikuti', 'instruksi', 'diberikan', 'semoga', 'pelayanan', 'depannya', 'semakin', 'memuaskan']","['guna', 'gagap', 'teknologi', 'ikut', 'instruksi', 'beri', 'moga', 'layan', 'depan', 'makin', 'muas']",guna gagap teknologi ikut instruksi beri moga layan depan makin muas
6224165d-c2c9-40d7-8398-82cfc7b13e2c,semoga semakin baik pelayanannya 💪🏻💪🏻💪🏻,5,2026-06-14,1,Juni,netral,semoga semakin baik pelayanannya,semoga semakin baik pelayanannya,"['semoga', 'semakin', 'baik', 'pelayanannya']","['semoga', 'semakin', 'baik', 'pelayanannya']","['semoga', 'semakin', 'baik', 'pelayanannya']","['moga', 'makin', 'baik', 'layan']",moga makin baik layan
625fa740-28c4-42f7-909a-a39740091a41,APLIKASI GILA!!!! MASA SAYA MASUKAN NOMOR HP KODE VERIFIKASINYA GAK MUNCUL² UDAH 10X INI LOHHH!!!,1,2026-07-07,17,Juli,negatif,aplikasi gila masa saya masukan nomor hp kode verifikasinya gak muncul2 udah 10x ini lohhh,aplikasi gila masa saya masukan nomor ponsel kode verifikasinya tidak muncul sudah 10 kali ini loh,"['aplikasi', 'gila', 'masa', 'saya', 'masukan', 'nomor', 'ponsel', 'kode', 'verifikasinya', 'tidak', 'muncul', 'sudah', '10', 'kali', 'ini', 'loh']","['aplikasi', 'gila', 'masa', 'masukan', 'nomor', 'ponsel', 'kode', 'verifikasinya', 'tidak', 'muncul', '10', 'kali', 'loh']","['aplikasi', 'gila', 'masa', 'masukan', 'nomor', 'ponsel', 'kode', 'verifikasinya', 'tidak', 'tidak_muncul', '10', 'kali', 'loh']","['aplikasi', 'gila', 'masa', 'masuk', 'nomor', 'ponsel', 'kode', 'verifikasi', 'tidak', 'tidak_muncul', '10', 'kali', 'loh']",aplikasi gila masa masuk nomor ponsel kode verifikasi tidak tidak_muncul 10 kali loh
62612148-67d6-4536-8776-7509ddd13b64,min saran min tambahkan check laboratorium nya min,4,2026-08-28,9,Agustus,netral,min saran min tambahkan check laboratorium nya min,admin saran admin tambahkan cek laboratorium nya admin,"['admin', 'saran', 'admin', 'tambahkan', 'cek', 'laboratorium', 'nya', 'admin']","['admin', 'saran', 'admin', 'tambahkan', 'cek', 'laboratorium', 'admin']","['admin', 'saran', 'admin', 'tambahkan', 'cek', 'laboratorium', 'admin']","['admin', 'saran', 'admin', 'tambah', 'cek', 'laboratorium', 'admin']",admin saran admin tambah cek laboratorium admin
62ae7b21-0002-4b87-a275-e76669a13cc5,susah login tolong diperbaiki !!!,3,2026-06-08,15,Juni,negatif,susah login tolong diperbaiki,susah login tolong diperbaiki,"['susah', 'login', 'tolong', 'diperbaiki']","['susah', 'login', 'diperbaiki']","['susah', 'login', 'diperbaiki']","['susah', 'login', 'perbaiki']",susah login perbaiki
63008a9c-4c2a-4007-947d-53fd0ef945eb,sngt membantu skli ... ba cek riwayat kesehatan dan bs jg revisi alamat,5,2026-07-02,12,Juli,positif,sngt membantu skli ba cek riwayat kesehatan dan bs jg revisi alamat,sangat membantu sekali bisa cek riwayat kesehatan dan bisa juga revisi alamat,"['sangat', 'membantu', 'sekali', 'bisa', 'cek', 'riwayat', 'kesehatan', 'dan', 'bisa', 'juga', 'revisi', 'alamat']","['sangat', 'membantu', 'sekali', 'cek', 'riwayat', 'kesehatan', 'revisi', 'alamat']","['sangat', 'membantu', 'sekali', 'cek', 'riwayat', 'kesehatan', 'revisi', 'alamat']","['sangat', 'bantu', 'sekali', 'cek', 'riwayat', 'sehat', 'revisi', 'alamat']",sangat bantu sekali cek riwayat sehat revisi alamat
6308458f-dbb2-4ec2-b54a-ac312b5a39a0,jelek banget. lelet,1,2026-06-10,22,Juni,negatif,jelek banget lelet,jelek sangat lambat,"['jelek', 'sangat', 'lambat']","['jelek', 'sangat', 'lambat']","['jelek', 'sangat', 'lambat']","['jelek', 'sangat', 'lambat']",jelek sangat lambat
632fd177-8b34-4b2b-9e31-bcdce18e6318,sering lag bikin pusing,3,2026-08-03,10,Agustus,negatif,sering lag bikin pusing,sering lambat membuat pusing,"['sering', 'lambat', 'membuat', 'pusing']","['sering', 'lambat', 'membuat', 'pusing']","['sering', 'lambat', 'membuat', 'pusing']","['sering', 'lambat', 'buat', 'pusing']",sering lambat buat pusing
63a2f6b0-612c-44d6-a819-a72fe289c747,baik,5,2026-07-01,16,Juli,positif,baik,baik,['baik'],['baik'],['baik'],['baik'],baik
640d7297-4fbb-496e-8433-fe29bba81d5c,top,5,2026-07-07,9,Juli,positif,top,terbaik,['terbaik'],['terbaik'],['terbaik'],['baik'],baik
64470197-f9e5-40ea-a6c8-282ada02f9d5,tolong dong admin buruk banget ni aplikasi nya udah berhari hari down ngak bisa mau cek in ngak bisa. di hapus lalu di download baru malah capcah nya ngak keluar keluar kacau ni orang mau berobat sangat terhambat,1,2026-08-15,2,Agustus,negatif,tolong dong admin buruk banget ni aplikasi nya udah berhari hari down ngak bisa mau cek in ngak bisa di hapus lalu di download baru malah capcah nya ngak keluar keluar kacau ni orang mau berobat sangat terhambat,tolong dong admin buruk sangat ini aplikasi nya sudah berhari hari down tidak bisa mau cek in tidak bisa dihapus lalu diunduh baru malah captcha nya tidak keluar keluar kacau ini orang mau berobat sangat terhambat,"['tolong', 'dong', 'admin', 'buruk', 'sangat', 'ini', 'aplikasi', 'nya', 'sudah', 'berhari', 'hari', 'down', 'tidak', 'bisa', 'mau', 'cek', 'in', 'tidak', 'bisa', 'dihapus', 'lalu', 'diunduh', 'baru', 'malah', 'captcha', 'nya', 'tidak', 'keluar', 'keluar', 'kacau', 'ini', 'orang', 'mau', 'berobat', 'sangat', 'terhambat']","['dong', 'admin', 'buruk', 'sangat', 'aplikasi', 'berhari', 'hari', 'down', 'tidak', 'mau', 'cek', 'in', 'tidak', 'dihapus', 'lalu', 'diunduh', 'baru', 'malah', 'captcha', 'tidak', 'keluar', 'keluar', 'kacau', 'orang', 'mau', 'berobat', 'sangat', 'terhambat']","['dong', 'admin', 'buruk', 'sangat', 'aplikasi', 'berhari', 'hari', 'down', 'tidak', 'tidak_mau', 'cek', 'in', 'tidak', 'tidak_dihapus', 'lalu', 'diunduh', 'baru', 'malah', 'captcha', 'tidak', 'tidak_keluar', 'keluar', 'kacau', 'orang', 'mau', 'berobat', 'sangat', 'terhambat']","['dong', 'admin', 'buruk', 'sangat', 'aplikasi', 'hari', 'hari', 'down', 'tidak', 'tidak_mau', 'cek', 'in', 'tidak', 'tidak_hapus', 'lalu', 'unduh', 'baru', 'malah', 'captcha', 'tidak', 'tidak_keluar', 'keluar', 'kacau', 'orang', 'mau', 'obat', 'sangat', 'hambat']",dong admin buruk sangat aplikasi hari hari down tidak tidak_mau cek in tidak tidak_hapus lalu unduh baru malah captcha tidak tidak_keluar keluar kacau orang mau obat sangat hambat
64e8c1a5-1973-447a-8874-c31aceea9945,"dari awal bulan 6 aplikasi selalu muncul kendala dengan tulisan offline, sedangkan sinyal saya wifi 5g tolong diperbaiki lagi!!!",1,2026-06-11,15,Juni,negatif,dari awal bulan 6 aplikasi selalu muncul kendala dengan tulisan offline sedangkan sinyal saya wifi 5g tolong diperbaiki lagi,dari awal bulan 6 aplikasi selalu muncul kendala dengan tulisan luring sedangkan sinyal saya wifi 5g tolong diperbaiki lagi,"['dari', 'awal', 'bulan', '6', 'aplikasi', 'selalu', 'muncul', 'kendala', 'dengan', 'tulisan', 'luring', 'sedangkan', 'sinyal', 'saya', 'wifi', '5g', 'tolong', 'diperbaiki', 'lagi']","['awal', 'bulan', '6', 'aplikasi', 'selalu', 'muncul', 'kendala', 'tulisan', 'luring', 'sinyal', 'wifi', '5g', 'diperbaiki']","['awal', 'bulan', '6', 'aplikasi', 'selalu', 'muncul', 'kendala', 'tulisan', 'luring', 'sinyal', 'wifi', '5g', 'diperbaiki']","['awal', 'bulan', '6', 'aplikasi', 'selalu', 'muncul', 'kendala', 'tulis', 'luring', 'sinyal', 'wifi', '5g', 'perbaiki']",awal bulan 6 aplikasi selalu muncul kendala tulis luring sinyal wifi 5g perbaiki
650b2061-6a89-47c5-97a4-dbf3912a87ea,"jujur kalo ga butuh juga ga download ni apk, pendaftaraan aja susah bgt, udh masukin nomer telpon tpi ttp aja kode otp ga kekirim, dah nyoba lebih dari 5 kali ttp aja gitu, mohon diperbaiki demi kenyamanan bersama",1,2026-07-16,22,Juli,negatif,jujur kalo ga butuh juga ga download ni apk pendaftaraan aja susah bgt udh masukin nomer telpon tpi ttp aja kode otp ga kekirim dah nyoba lebih dari 5 kali ttp aja gitu mohon diperbaiki demi kenyamanan bersama,jujur kalau tidak butuh juga tidak unduh ini aplikasi pendaftaran saja susah sangat sudah masukkan nomor telepon tapi tetap saja kode otp tidak terkirim sudah mencoba lebih dari 5 kali tetap saja begitu mohon diperbaiki demi kenyamanan bersama,"['jujur', 'kalau', 'tidak', 'butuh', 'juga', 'tidak', 'unduh', 'ini', 'aplikasi', 'pendaftaran', 'saja', 'susah', 'sangat', 'sudah', 'masukkan', 'nomor', 'telepon', 'tapi', 'tetap', 'saja', 'kode', 'otp', 'tidak', 'terkirim', 'sudah', 'mencoba', 'lebih', 'dari', '5', 'kali', 'tetap', 'saja', 'begitu', 'mohon', 'diperbaiki', 'demi', 'kenyamanan', 'bersama']","['jujur', 'kalau', 'tidak', 'butuh', 'tidak', 'unduh', 'aplikasi', 'pendaftaran', 'susah', 'sangat', 'masukkan', 'nomor', 'telepon', 'tetap', 'kode', 'otp', 'tidak', 'terkirim', 'mencoba', 'lebih', '5', 'kali', 'tetap', 'mohon', 'diperbaiki', 'kenyamanan', 'bersama']","['jujur', 'kalau', 'tidak', 'tidak_butuh', 'tidak', 'tidak_unduh', 'aplikasi', 'pendaftaran', 'susah', 'sangat', 'masukkan', 'nomor', 'telepon', 'tetap', 'kode', 'otp', 'tidak', 'tidak_terkirim', 'mencoba', 'lebih', '5', 'kali', 'tetap', 'mohon', 'diperbaiki', 'kenyamanan', 'bersama']","['jujur', 'kalau', 'tidak', 'tidak_butuh', 'tidak', 'tidak_unduh', 'aplikasi', 'daftar', 'susah', 'sangat', 'masuk', 'nomor', 'telepon', 'tetap', 'kode', 'otp', 'tidak', 'tidak_kirim', 'coba', 'lebih', '5', 'kali', 'tetap', 'mohon', 'perbaiki', 'nyaman', 'sama']",jujur kalau tidak tidak_butuh tidak tidak_unduh aplikasi daftar susah sangat masuk nomor telepon tetap kode otp tidak tidak_kirim coba lebih 5 kali tetap mohon perbaiki nyaman sama
654b0204-5529-4689-bb68-967569f0dd2b,allahu akbar,5,2026-07-15,9,Juli,netral,allahu akbar,allahu akbar,"['allahu', 'akbar']","['allahu', 'akbar']","['allahu', 'akbar']","['allahu', 'akbar']",allahu akbar
65b0dd93-1940-474d-93da-f426d56eac9e,Mkasi da di aktifkan lagi BPJS ku,5,2026-07-14,12,Juli,positif,mkasi da di aktifkan lagi bpjs ku,terima kasih sudah di aktifkan lagi bpjs saya,"['terima', 'kasih', 'sudah', 'di', 'aktifkan', 'lagi', 'bpjs', 'saya']","['terima', 'kasih', 'aktifkan', 'bpjs']","['terima', 'kasih', 'aktifkan', 'bpjs']","['terima', 'kasih', 'aktif', 'bpjs']",terima kasih aktif bpjs
66202aaf-cbea-4339-87cf-d0a889f21b87,bagus lanjutkan,5,2026-07-14,14,Juli,positif,bagus lanjutkan,bagus lanjutkan,"['bagus', 'lanjutkan']","['bagus', 'lanjutkan']","['bagus', 'lanjutkan']","['bagus', 'lanjut']",bagus lanjut
662ace16-d4dc-442e-9088-0cce9a92502b,ok,4,2026-06-12,20,Juni,positif,ok,oke,['oke'],['oke'],['oke'],['oke'],oke
6668bdf3-eecd-45d4-8386-e374255cd71d,"kalau berobat ribet harus daftar lewat jkn kasian sama yang susah nggak punya hp sekalinya punya hp 1 trus sudah 3 kali masuk akun tidak bisa masuk lagi kata petugas Puskesmas harus ganti hp, enak bener kalau ngomong.. lagian saya berobat juga pake BPJS boro boro beli hp lagi😭",1,2026-07-16,18,Juli,negatif,kalau berobat ribet harus daftar lewat jkn kasian sama yang susah nggak punya hp sekalinya punya hp 1 trus sudah 3 kali masuk akun tidak bisa masuk lagi kata petugas puskesmas harus ganti hp enak bener kalau ngomong lagian saya berobat juga pake bpjs boro boro beli hp lagi,kalau berobat rumit harus daftar lewat jkn kasihan sama yang susah tidak punya ponsel sekalinya punya ponsel 1 terus sudah 3 kali masuk akun tidak bisa masuk lagi kata petugas puskesmas harus ganti ponsel enak benar kalau berbicara lagian saya berobat juga pakai bpjs jangankan beli ponsel lagi,"['kalau', 'berobat', 'rumit', 'harus', 'daftar', 'lewat', 'jkn', 'kasihan', 'sama', 'yang', 'susah', 'tidak', 'punya', 'ponsel', 'sekalinya', 'punya', 'ponsel', '1', 'terus', 'sudah', '3', 'kali', 'masuk', 'akun', 'tidak', 'bisa', 'masuk', 'lagi', 'kata', 'petugas', 'puskesmas', 'harus', 'ganti', 'ponsel', 'enak', 'benar', 'kalau', 'berbicara', 'lagian', 'saya', 'berobat', 'juga', 'pakai', 'bpjs', 'jangankan', 'beli', 'ponsel', 'lagi']","['kalau', 'berobat', 'rumit', 'daftar', 'lewat', 'jkn', 'kasihan', 'sama', 'susah', 'tidak', 'punya', 'ponsel', 'sekalinya', 'punya', 'ponsel', '1', 'terus', '3', 'kali', 'masuk', 'akun', 'tidak', 'masuk', 'kata', 'petugas', 'puskesmas', 'ganti', 'ponsel', 'enak', 'benar', 'kalau', 'berbicara', 'lagian', 'berobat', 'pakai', 'bpjs', 'jangankan', 'beli', 'ponsel']","['kalau', 'berobat', 'rumit', 'daftar', 'lewat', 'jkn', 'kasihan', 'sama', 'susah', 'tidak', 'tidak_punya', 'ponsel', 'sekalinya', 'punya', 'ponsel', '1', 'terus', '3', 'kali', 'masuk', 'akun', 'tidak', 'tidak_masuk', 'kata', 'petugas', 'puskesmas', 'ganti', 'ponsel', 'enak', 'benar', 'kalau', 'berbicara', 'lagian', 'berobat', 'pakai', 'bpjs', 'jangankan', 'beli', 'ponsel']","['kalau', 'obat', 'rumit', 'daftar', 'lewat', 'jkn', 'kasihan', 'sama', 'susah', 'tidak', 'tidak_punya', 'ponsel', 'sekali', 'punya', 'ponsel', '1', 'terus', '3', 'kali', 'masuk', 'akun', 'tidak', 'tidak_masuk', 'kata', 'tugas', 'puskesmas', 'ganti', 'ponsel', 'enak', 'benar', 'kalau', 'bicara', 'lagi', 'obat', 'pakai', 'bpjs', 'jangan', 'beli', 'ponsel']",kalau obat rumit daftar lewat jkn kasihan sama susah tidak tidak_punya ponsel sekali punya ponsel 1 terus 3 kali masuk akun tidak tidak_masuk kata tugas puskesmas ganti ponsel enak benar kalau bicara lagi obat pakai bpjs jangan beli ponsel
66a58c2b-682d-4513-9913-cb94de719c9d,suka keluar otomatis,5,2026-08-07,12,Agustus,negatif,suka keluar otomatis,suka keluar otomatis,"['suka', 'keluar', 'otomatis']","['suka', 'keluar', 'otomatis']","['suka', 'keluar', 'otomatis']","['suka', 'keluar', 'otomatis']",suka keluar otomatis
66d531df-18e6-486a-bbc6-00489a26e9af,"Aplikasi ruwet sudah login di pakai sekali langsung log out, di suruh login lagi klo no hp yang di daftarkan tidak ada pulsanya, login sampai kiamat tidak bisa login.",1,2026-07-31,19,Juli,negatif,aplikasi ruwet sudah login di pakai sekali langsung log out di suruh login lagi klo no hp yang di daftarkan tidak ada pulsanya login sampai kiamat tidak bisa login,aplikasi ruwet sudah login dipakai sekali langsung logout disuruh login lagi kalau nomor ponsel yang di daftarkan tidak ada pulsanya login sampai kiamat tidak bisa login,"['aplikasi', 'ruwet', 'sudah', 'login', 'dipakai', 'sekali', 'langsung', 'logout', 'disuruh', 'login', 'lagi', 'kalau', 'nomor', 'ponsel', 'yang', 'di', 'daftarkan', 'tidak', 'ada', 'pulsanya', 'login', 'sampai', 'kiamat', 'tidak', 'bisa', 'login']","['aplikasi', 'ruwet', 'login', 'dipakai', 'sekali', 'langsung', 'logout', 'disuruh', 'login', 'kalau', 'nomor', 'ponsel', 'daftarkan', 'tidak', 'pulsanya', 'login', 'kiamat', 'tidak', 'login']","['aplikasi', 'ruwet', 'login', 'dipakai', 'sekali', 'langsung', 'logout', 'disuruh', 'login', 'kalau', 'nomor', 'ponsel', 'daftarkan', 'tidak', 'tidak_pulsanya', 'login', 'kiamat', 'tidak', 'tidak_login']","['aplikasi', 'ruwet', 'login', 'pakai', 'sekali', 'langsung', 'logout', 'suruh', 'login', 'kalau', 'nomor', 'ponsel', 'daftar', 'tidak', 'tidak_pulsa', 'login', 'kiamat', 'tidak', 'tidak_login']",aplikasi ruwet login pakai sekali langsung logout suruh login kalau nomor ponsel daftar tidak tidak_pulsa login kiamat tidak tidak_login
66d68d4b-69a0-4189-b5bd-e87d6f6f94b0,tingkatkan layanan nya agar lebih baik lagi...,5,2026-07-27,11,Juli,netral,tingkatkan layanan nya agar lebih baik lagi,tingkatkan layanan nya agar lebih baik lagi,"['tingkatkan', 'layanan', 'nya', 'agar', 'lebih', 'baik', 'lagi']","['tingkatkan', 'layanan', 'lebih', 'baik']","['tingkatkan', 'layanan', 'lebih', 'baik']","['tingkat', 'layan', 'lebih', 'baik']",tingkat layan lebih baik
66db0928-3801-450a-b828-13f12dce6227,"saya booking utk 2 minggu kedepan sesuai jdwal kontrol selanjutnya, pas sudah jadwalnya ada notif dibatalkan, seenaknya ngomong karena sistem, undur lebih dari seminggu lagi",1,2026-08-10,16,Agustus,negatif,saya booking utk 2 minggu kedepan sesuai jdwal kontrol selanjutnya pas sudah jadwalnya ada notif dibatalkan seenaknya ngomong karena sistem undur lebih dari seminggu lagi,saya pemesanan untuk 2 minggu ke depan sesuai jadwal kontrol selanjutnya pas sudah jadwalnya ada notifikasi dibatalkan seenaknya berbicara karena sistem undur lebih dari seminggu lagi,"['saya', 'pemesanan', 'untuk', '2', 'minggu', 'ke', 'depan', 'sesuai', 'jadwal', 'kontrol', 'selanjutnya', 'pas', 'sudah', 'jadwalnya', 'ada', 'notifikasi', 'dibatalkan', 'seenaknya', 'berbicara', 'karena', 'sistem', 'undur', 'lebih', 'dari', 'seminggu', 'lagi']","['pemesanan', '2', 'minggu', 'depan', 'sesuai', 'jadwal', 'kontrol', 'selanjutnya', 'pas', 'jadwalnya', 'notifikasi', 'dibatalkan', 'seenaknya', 'berbicara', 'sistem', 'undur', 'lebih', 'seminggu']","['pemesanan', '2', 'minggu', 'depan', 'sesuai', 'jadwal', 'kontrol', 'selanjutnya', 'pas', 'jadwalnya', 'notifikasi', 'dibatalkan', 'seenaknya', 'berbicara', 'sistem', 'undur', 'lebih', 'seminggu']","['mesan', '2', 'minggu', 'depan', 'sesuai', 'jadwal', 'kontrol', 'lanjut', 'pas', 'jadwal', 'notifikasi', 'batal', 'enak', 'bicara', 'sistem', 'undur', 'lebih', 'minggu']",mesan 2 minggu depan sesuai jadwal kontrol lanjut pas jadwal notifikasi batal enak bicara sistem undur lebih minggu
6730aa9e-be00-47ab-9b3a-da877f41985d,good,5,2026-07-14,8,Juli,positif,good,bagus,['bagus'],['bagus'],['bagus'],['bagus'],bagus
67615852-9cf6-42a1-be46-61a167ef10cd,"kenapa mobile JKN tidak bisa di buka di handphone saya, sudah bolak balik saya coba matiin hp saya hapus chace bahkan instal ulang tp tetap tidak bisa di buka. cuma blank warna putih.",1,2026-08-01,19,Agustus,negatif,kenapa mobile jkn tidak bisa di buka di handphone saya sudah bolak balik saya coba matiin hp saya hapus chace bahkan instal ulang tp tetap tidak bisa di buka cuma blank warna putih,kenapa mobile jkn tidak bisa dibuka di ponsel saya sudah bolak balik saya coba matikan ponsel saya hapus cache bahkan instal ulang tapi tetap tidak bisa dibuka hanya blank warna putih,"['kenapa', 'mobile', 'jkn', 'tidak', 'bisa', 'dibuka', 'di', 'ponsel', 'saya', 'sudah', 'bolak', 'balik', 'saya', 'coba', 'matikan', 'ponsel', 'saya', 'hapus', 'cache', 'bahkan', 'instal', 'ulang', 'tapi', 'tetap', 'tidak', 'bisa', 'dibuka', 'hanya', 'blank', 'warna', 'putih']","['mobile', 'jkn', 'tidak', 'dibuka', 'ponsel', 'bolak', 'balik', 'coba', 'matikan', 'ponsel', 'hapus', 'cache', 'bahkan', 'instal', 'ulang', 'tetap', 'tidak', 'dibuka', 'blank', 'warna', 'putih']","['mobile', 'jkn', 'tidak', 'tidak_dibuka', 'ponsel', 'bolak', 'balik', 'coba', 'matikan', 'ponsel', 'hapus', 'cache', 'bahkan', 'instal', 'ulang', 'tetap', 'tidak', 'tidak_dibuka', 'blank', 'warna', 'putih']","['mobile', 'jkn', 'tidak', 'tidak_buka', 'ponsel', 'bolak', 'balik', 'coba', 'mati', 'ponsel', 'hapus', 'cache', 'bahkan', 'instal', 'ulang', 'tetap', 'tidak', 'tidak_buka', 'blank', 'warna', 'putih']",mobile jkn tidak tidak_buka ponsel bolak balik coba mati ponsel hapus cache bahkan instal ulang tetap tidak tidak_buka blank warna putih
678a8165-6990-481a-8d5f-35e31e9fb12b,"banyak bug, kode otp gak kekirim²",1,2026-07-18,10,Juli,negatif,banyak bug kode otp gak kekirim2,banyak gangguan sistem kode otp tidak terkirim,"['banyak', 'gangguan', 'sistem', 'kode', 'otp', 'tidak', 'terkirim']","['banyak', 'gangguan', 'sistem', 'kode', 'otp', 'tidak', 'terkirim']","['banyak', 'gangguan', 'sistem', 'kode', 'otp', 'tidak', 'tidak_terkirim']","['banyak', 'ganggu', 'sistem', 'kode', 'otp', 'tidak', 'tidak_kirim']",banyak ganggu sistem kode otp tidak tidak_kirim
679bce07-d0ae-4a29-9b1c-0fff9718d786,suka logout,3,2026-06-12,8,Juni,negatif,suka logout,suka logout,"['suka', 'logout']","['suka', 'logout']","['suka', 'logout']","['suka', 'logout']",suka logout
67a61ebe-3398-43e7-a003-4112dbb2d77d,"Aplikasi ngaco, angle kamera gajelas, kode verifikasi gak pernah masuk ke sms",1,2026-07-23,15,Juli,negatif,aplikasi ngaco angle kamera gajelas kode verifikasi gak pernah masuk ke sms,aplikasi kacau sudut kamera tidak jelas kode verifikasi tidak pernah masuk ke sms,"['aplikasi', 'kacau', 'sudut', 'kamera', 'tidak', 'jelas', 'kode', 'verifikasi', 'tidak', 'pernah', 'masuk', 'ke', 'sms']","['aplikasi', 'kacau', 'sudut', 'kamera', 'tidak', 'jelas', 'kode', 'verifikasi', 'tidak', 'pernah', 'masuk', 'sms']","['aplikasi', 'kacau', 'sudut', 'kamera', 'tidak', 'tidak_jelas', 'kode', 'verifikasi', 'tidak', 'tidak_pernah', 'masuk', 'sms']","['aplikasi', 'kacau', 'sudut', 'kamera', 'tidak', 'tidak_jelas', 'kode', 'verifikasi', 'tidak', 'tidak_pernah', 'masuk', 'sms']",aplikasi kacau sudut kamera tidak tidak_jelas kode verifikasi tidak tidak_pernah masuk sms
67ab13d1-a782-4f6c-a9f8-7339a1be1162,Apk banyak bug,1,2026-06-18,18,Juni,negatif,apk banyak bug,aplikasi banyak gangguan sistem,"['aplikasi', 'banyak', 'gangguan', 'sistem']","['aplikasi', 'banyak', 'gangguan', 'sistem']","['aplikasi', 'banyak', 'gangguan', 'sistem']","['aplikasi', 'banyak', 'ganggu', 'sistem']",aplikasi banyak ganggu sistem
6827a7db-548f-4322-9400-30ff9485f2af,nunggu otp sampe 30 menit,1,2026-07-06,21,Juli,negatif,nunggu otp sampe 30 menit,menunggu otp sampai 30 menit,"['menunggu', 'otp', 'sampai', '30', 'menit']","['menunggu', 'otp', '30', 'menit']","['menunggu', 'otp', '30', 'menit']","['tunggu', 'otp', '30', 'menit']",tunggu otp 30 menit
685de530-a8ca-4cfe-88b1-6996d4bc72dd,woi kok verifikasi wajah miring susah bener,1,2026-07-16,21,Juli,negatif,woi kok verifikasi wajah miring susah bener,woi kok verifikasi wajah miring susah benar,"['woi', 'kok', 'verifikasi', 'wajah', 'miring', 'susah', 'benar']","['woi', 'kok', 'verifikasi', 'wajah', 'miring', 'susah', 'benar']","['woi', 'kok', 'verifikasi', 'wajah', 'miring', 'susah', 'benar']","['woi', 'kok', 'verifikasi', 'wajah', 'miring', 'susah', 'benar']",woi kok verifikasi wajah miring susah benar
68af7c37-13f3-4ce1-af22-01afe124f569,sangat membantu,5,2026-06-24,19,Juni,positif,sangat membantu,sangat membantu,"['sangat', 'membantu']","['sangat', 'membantu']","['sangat', 'membantu']","['sangat', 'bantu']",sangat bantu
68c7a6cf-0db4-4d6d-bb5d-7a42a70273fc,aplikasi Gk bermutu.,1,2026-08-30,13,Agustus,negatif,aplikasi gk bermutu,aplikasi tidak bermutu,"['aplikasi', 'tidak', 'bermutu']","['aplikasi', 'tidak', 'bermutu']","['aplikasi', 'tidak', 'tidak_bermutu']","['aplikasi', 'tidak', 'tidak_mutu']",aplikasi tidak tidak_mutu
68d02d41-1226-4098-93b3-b68516b55a6c,"apk apaaan nih! makin menyulitkan hidup saja tbtb logout sendiri,uda masuk masih aja gbs TLG DIPERBAIKI YA! KASIAN ORG YG MAU BEROBAT, SKR KLO.MAU BEROBAT HRS PKE JKN DAHULU!",1,2026-06-26,0,Juni,negatif,apk apaaan nih makin menyulitkan hidup saja tbtb logout sendiri uda masuk masih aja gbs tlg diperbaiki ya kasian org yg mau berobat skr klo mau berobat hrs pke jkn dahulu,aplikasi apa ini makin menyulitkan hidup saja tiba-tiba logout sendiri sudah masuk masih saja tidak bisa tolong diperbaiki ya kasihan orang yang mau berobat sekarang kalau mau berobat harus pakai jkn dahulu,"['aplikasi', 'apa', 'ini', 'makin', 'menyulitkan', 'hidup', 'saja', 'tiba-tiba', 'logout', 'sendiri', 'sudah', 'masuk', 'masih', 'saja', 'tidak', 'bisa', 'tolong', 'diperbaiki', 'ya', 'kasihan', 'orang', 'yang', 'mau', 'berobat', 'sekarang', 'kalau', 'mau', 'berobat', 'harus', 'pakai', 'jkn', 'dahulu']","['aplikasi', 'apa', 'makin', 'menyulitkan', 'hidup', 'tiba-tiba', 'logout', 'sendiri', 'masuk', 'tidak', 'diperbaiki', 'kasihan', 'orang', 'mau', 'berobat', 'sekarang', 'kalau', 'mau', 'berobat', 'pakai', 'jkn']","['aplikasi', 'apa', 'makin', 'menyulitkan', 'hidup', 'tiba-tiba', 'logout', 'sendiri', 'masuk', 'tidak', 'tidak_diperbaiki', 'kasihan', 'orang', 'mau', 'berobat', 'sekarang', 'kalau', 'mau', 'berobat', 'pakai', 'jkn']","['aplikasi', 'apa', 'makin', 'sulit', 'hidup', 'tiba', 'logout', 'sendiri', 'masuk', 'tidak', 'tidak_perbaiki', 'kasihan', 'orang', 'mau', 'obat', 'sekarang', 'kalau', 'mau', 'obat', 'pakai', 'jkn']",aplikasi apa makin sulit hidup tiba logout sendiri masuk tidak tidak_perbaiki kasihan orang mau obat sekarang kalau mau obat pakai jkn
68d8e263-f20f-44a0-b1b2-2d8a1721cf3f,Alhamdulillah,5,2026-06-25,14,Juni,netral,alhamdulillah,alhamdulillah,['alhamdulillah'],['alhamdulillah'],['alhamdulillah'],['alhamdulillah'],alhamdulillah
69287e3a-d28d-45e1-88fb-0d442b7e8815,knapa susah Skali verifikasi wajahnya apa harus ngk pake hijab dan knapa miror...susah ngepasin nya,1,2026-06-19,11,Juni,negatif,knapa susah skali verifikasi wajahnya apa harus ngk pake hijab dan knapa miror susah ngepasin nya,kenapa susah sekali verifikasi wajahnya apa harus tidak pakai hijab dan kenapa mirror susah menyesuaikan nya,"['kenapa', 'susah', 'sekali', 'verifikasi', 'wajahnya', 'apa', 'harus', 'tidak', 'pakai', 'hijab', 'dan', 'kenapa', 'mirror', 'susah', 'menyesuaikan', 'nya']","['susah', 'sekali', 'verifikasi', 'wajahnya', 'apa', 'tidak', 'pakai', 'hijab', 'mirror', 'susah', 'menyesuaikan']","['susah', 'sekali', 'verifikasi', 'wajahnya', 'apa', 'tidak', 'tidak_pakai', 'hijab', 'mirror', 'susah', 'menyesuaikan']","['susah', 'sekali', 'verifikasi', 'wajah', 'apa', 'tidak', 'tidak_pakai', 'hijab', 'mirror', 'susah', 'sesuai']",susah sekali verifikasi wajah apa tidak tidak_pakai hijab mirror susah sesuai
69412a91-879e-41f0-b655-23f2bb029eb0,mantap prosesnya cepat,5,2026-08-21,9,Agustus,positif,mantap prosesnya cepat,mantap prosesnya cepat,"['mantap', 'prosesnya', 'cepat']","['mantap', 'prosesnya', 'cepat']","['mantap', 'prosesnya', 'cepat']","['mantap', 'proses', 'cepat']",mantap proses cepat
696f32d5-ff34-4e67-892c-7fe5fa3d9bd6,jos jus,5,2026-06-20,1,Juni,positif,jos jus,bagus bagus,"['bagus', 'bagus']","['bagus', 'bagus']","['bagus', 'bagus']","['bagus', 'bagus']",bagus bagus
697d80e3-80af-4d8d-a68d-599bde896e04,mudah dan simple,5,2026-06-19,14,Juni,positif,mudah dan simple,mudah dan sederhana,"['mudah', 'dan', 'sederhana']","['mudah', 'sederhana']","['mudah', 'sederhana']","['mudah', 'sederhana']",mudah sederhana
698e5149-31cf-4650-bcb5-9cbc78d18864,kesehatan dalam 1 genggaman tangan anda,5,2026-06-17,18,Juni,netral,kesehatan dalam 1 genggaman tangan anda,kesehatan dalam 1 genggaman tangan anda,"['kesehatan', 'dalam', '1', 'genggaman', 'tangan', 'anda']","['kesehatan', '1', 'genggaman', 'tangan']","['kesehatan', '1', 'genggaman', 'tangan']","['sehat', '1', 'genggam', 'tangan']",sehat 1 genggam tangan
69a2d4d8-cf5e-40be-b13d-01c41b6e9dea,bagus,5,2026-07-12,17,Juli,positif,bagus,bagus,['bagus'],['bagus'],['bagus'],['bagus'],bagus
69a3b51f-2674-44fa-ac2b-1aaf24c51ebe,"sudah lama tidak menggunakan aplikasi ini, begitu mau di gunakan minta di update versi terbaru namun tidak bisa di update, mohon masukan min.",5,2026-08-04,20,Agustus,negatif,sudah lama tidak menggunakan aplikasi ini begitu mau di gunakan minta di update versi terbaru namun tidak bisa di update mohon masukan min,sudah lama tidak menggunakan aplikasi ini begitu mau digunakan minta di pembaruan versi terbaru namun tidak bisa di pembaruan mohon masukan admin,"['sudah', 'lama', 'tidak', 'menggunakan', 'aplikasi', 'ini', 'begitu', 'mau', 'digunakan', 'minta', 'di', 'pembaruan', 'versi', 'terbaru', 'namun', 'tidak', 'bisa', 'di', 'pembaruan', 'mohon', 'masukan', 'admin']","['lama', 'tidak', 'menggunakan', 'aplikasi', 'mau', 'digunakan', 'minta', 'pembaruan', 'versi', 'terbaru', 'tidak', 'pembaruan', 'mohon', 'masukan', 'admin']","['lama', 'tidak', 'tidak_menggunakan', 'aplikasi', 'mau', 'digunakan', 'minta', 'pembaruan', 'versi', 'terbaru', 'tidak', 'tidak_pembaruan', 'mohon', 'masukan', 'admin']","['lama', 'tidak', 'tidak_guna', 'aplikasi', 'mau', 'guna', 'minta', 'baru', 'versi', 'baru', 'tidak', 'tidak_baru', 'mohon', 'masuk', 'admin']",lama tidak tidak_guna aplikasi mau guna minta baru versi baru tidak tidak_baru mohon masuk admin
69cef371-7b26-4747-8ee8-93a7d4a0d68a,OK,5,2026-08-06,20,Agustus,positif,ok,oke,['oke'],['oke'],['oke'],['oke'],oke
69f782c0-127a-47a0-bf42-77e8234df92c,cakep,5,2026-08-27,10,Agustus,positif,cakep,bagus,['bagus'],['bagus'],['bagus'],['bagus'],bagus
6a24e1b0-01ce-42a5-b9c8-77765186870d,"ini aplikasi nya gimana sih? mau ambil antrian aja GK bisa loding terus, bilangny offline padahal kuota ada. orang lagi sakit gigi nih jdi GK bisa berobat, dari hari Sabtu gitu terus",1,2026-06-30,12,Juni,negatif,ini aplikasi nya gimana sih mau ambil antrian aja gk bisa loding terus bilangny offline padahal kuota ada orang lagi sakit gigi nih jdi gk bisa berobat dari hari sabtu gitu terus,ini aplikasi nya bagaimana sih mau ambil antrean saja tidak bisa memuat terus bilangnya luring padahal kuota ada orang lagi sakit gigi ini jadi tidak bisa berobat dari hari sabtu begitu terus,"['ini', 'aplikasi', 'nya', 'bagaimana', 'sih', 'mau', 'ambil', 'antrean', 'saja', 'tidak', 'bisa', 'memuat', 'terus', 'bilangnya', 'luring', 'padahal', 'kuota', 'ada', 'orang', 'lagi', 'sakit', 'gigi', 'ini', 'jadi', 'tidak', 'bisa', 'berobat', 'dari', 'hari', 'sabtu', 'begitu', 'terus']","['aplikasi', 'bagaimana', 'sih', 'mau', 'ambil', 'antrean', 'tidak', 'memuat', 'terus', 'bilangnya', 'luring', 'padahal', 'kuota', 'orang', 'sakit', 'gigi', 'jadi', 'tidak', 'berobat', 'hari', 'sabtu', 'terus']","['aplikasi', 'bagaimana', 'sih', 'mau', 'ambil', 'antrean', 'tidak', 'tidak_memuat', 'terus', 'bilangnya', 'luring', 'padahal', 'kuota', 'orang', 'sakit', 'gigi', 'jadi', 'tidak', 'tidak_berobat', 'hari', 'sabtu', 'terus']","['aplikasi', 'bagaimana', 'sih', 'mau', 'ambil', 'antre', 'tidak', 'tidak_muat', 'terus', 'bilang', 'luring', 'padahal', 'kuota', 'orang', 'sakit', 'gigi', 'jadi', 'tidak', 'tidak_obat', 'hari', 'sabtu', 'terus']",aplikasi bagaimana sih mau ambil antre tidak tidak_muat terus bilang luring padahal kuota orang sakit gigi jadi tidak tidak_obat hari sabtu terus
6a73ca78-2ea6-4f69-8d48-9bbf8e476290,ok,5,2026-06-06,13,Juni,positif,ok,oke,['oke'],['oke'],['oke'],['oke'],oke
6a8343ad-a30c-4f7b-a202-b1876d5dc499,saya ingin download mobile JKN ini,5,2026-07-31,15,Juli,netral,saya ingin download mobile jkn ini,saya ingin unduh mobile jkn ini,"['saya', 'ingin', 'unduh', 'mobile', 'jkn', 'ini']","['unduh', 'mobile', 'jkn']","['unduh', 'mobile', 'jkn']","['unduh', 'mobile', 'jkn']",unduh mobile jkn
6a83b368-ec49-4f90-8ec9-e9c5a7387ae9,semoga lebih baik kedepannya aamiin,5,2026-06-01,19,Juni,netral,semoga lebih baik kedepannya aamiin,semoga lebih baik ke depannya amin,"['semoga', 'lebih', 'baik', 'ke', 'depannya', 'amin']","['semoga', 'lebih', 'baik', 'depannya', 'amin']","['semoga', 'lebih', 'baik', 'depannya', 'amin']","['moga', 'lebih', 'baik', 'depan', 'amin']",moga lebih baik depan amin
6ab109e8-fe72-4e7d-812f-53911990df9f,semoga bisa di android oreo 8.1,5,2026-06-30,9,Juni,netral,semoga bisa di android oreo 8 1,semoga bisa di android oreo 8 1,"['semoga', 'bisa', 'di', 'android', 'oreo', '8', '1']","['semoga', 'android', 'oreo', '8', '1']","['semoga', 'android', 'oreo', '8', '1']","['moga', 'android', 'oreo', '8', '1']",moga android oreo 8 1
6ac7fff1-444c-47e9-8b56-68344be15fbe,"Aplikasinya harus diperbaiki. sudah daftar biometrik. setelah beberapa minggu tidak pernah pakai. trus mau masuk biometrik tidak bisa digunakan lagi. harus input ulang nik , password dan chapta. terus untuk chapta nya sering tidak jelas.",1,2026-06-06,15,Juni,negatif,aplikasinya harus diperbaiki sudah daftar biometrik setelah beberapa minggu tidak pernah pakai trus mau masuk biometrik tidak bisa digunakan lagi harus input ulang nik password dan chapta terus untuk chapta nya sering tidak jelas,aplikasinya harus diperbaiki sudah daftar biometrik setelah beberapa minggu tidak pernah pakai terus mau masuk biometrik tidak bisa digunakan lagi harus input ulang nik kata sandi dan captcha terus untuk captcha nya sering tidak jelas,"['aplikasinya', 'harus', 'diperbaiki', 'sudah', 'daftar', 'biometrik', 'setelah', 'beberapa', 'minggu', 'tidak', 'pernah', 'pakai', 'terus', 'mau', 'masuk', 'biometrik', 'tidak', 'bisa', 'digunakan', 'lagi', 'harus', 'input', 'ulang', 'nik', 'kata', 'sandi', 'dan', 'captcha', 'terus', 'untuk', 'captcha', 'nya', 'sering', 'tidak', 'jelas']","['aplikasinya', 'diperbaiki', 'daftar', 'biometrik', 'beberapa', 'minggu', 'tidak', 'pernah', 'pakai', 'terus', 'mau', 'masuk', 'biometrik', 'tidak', 'digunakan', 'input', 'ulang', 'nik', 'kata', 'sandi', 'captcha', 'terus', 'captcha', 'sering', 'tidak', 'jelas']","['aplikasinya', 'diperbaiki', 'daftar', 'biometrik', 'beberapa', 'minggu', 'tidak', 'tidak_pernah', 'pakai', 'terus', 'mau', 'masuk', 'biometrik', 'tidak', 'tidak_digunakan', 'input', 'ulang', 'nik', 'kata', 'sandi', 'captcha', 'terus', 'captcha', 'sering', 'tidak', 'tidak_jelas']","['aplikasi', 'perbaiki', 'daftar', 'biometrik', 'beberapa', 'minggu', 'tidak', 'tidak_pernah', 'pakai', 'terus', 'mau', 'masuk', 'biometrik', 'tidak', 'tidak_guna', 'input', 'ulang', 'nik', 'kata', 'sandi', 'captcha', 'terus', 'captcha', 'sering', 'tidak', 'tidak_jelas']",aplikasi perbaiki daftar biometrik beberapa minggu tidak tidak_pernah pakai terus mau masuk biometrik tidak tidak_guna input ulang nik kata sandi captcha terus captcha sering tidak tidak_jelas
6ae7617a-0513-4be9-8a2a-d1e0303e3813,aplikasi ga jelas lu yg bener kalau kerja lu tuh di bayar mau daftar online aja ribet dan ga bisa terus karena nomor otp ga ada di kirim terus lewat sms. sekelas pemerintah kagak bisa bikin aplikasi yang layak apa?,1,2026-07-11,20,Juli,negatif,aplikasi ga jelas lu yg bener kalau kerja lu tuh di bayar mau daftar online aja ribet dan ga bisa terus karena nomor otp ga ada di kirim terus lewat sms sekelas pemerintah kagak bisa bikin aplikasi yang layak apa,aplikasi tidak jelas kamu yang benar kalau kerja kamu itu di bayar mau daftar daring saja rumit dan tidak bisa terus karena nomor otp tidak ada dikirim terus lewat sms sekelas pemerintah tidak bisa membuat aplikasi yang layak apa,"['aplikasi', 'tidak', 'jelas', 'kamu', 'yang', 'benar', 'kalau', 'kerja', 'kamu', 'itu', 'di', 'bayar', 'mau', 'daftar', 'daring', 'saja', 'rumit', 'dan', 'tidak', 'bisa', 'terus', 'karena', 'nomor', 'otp', 'tidak', 'ada', 'dikirim', 'terus', 'lewat', 'sms', 'sekelas', 'pemerintah', 'tidak', 'bisa', 'membuat', 'aplikasi', 'yang', 'layak', 'apa']","['aplikasi', 'tidak', 'jelas', 'kamu', 'benar', 'kalau', 'kerja', 'kamu', 'bayar', 'mau', 'daftar', 'daring', 'rumit', 'tidak', 'terus', 'nomor', 'otp', 'tidak', 'dikirim', 'terus', 'lewat', 'sms', 'sekelas', 'pemerintah', 'tidak', 'membuat', 'aplikasi', 'layak', 'apa']","['aplikasi', 'tidak', 'tidak_jelas', 'kamu', 'benar', 'kalau', 'kerja', 'kamu', 'bayar', 'mau', 'daftar', 'daring', 'rumit', 'tidak', 'tidak_terus', 'nomor', 'otp', 'tidak', 'tidak_dikirim', 'terus', 'lewat', 'sms', 'sekelas', 'pemerintah', 'tidak', 'tidak_membuat', 'aplikasi', 'layak', 'apa']","['aplikasi', 'tidak', 'tidak_jelas', 'kamu', 'benar', 'kalau', 'kerja', 'kamu', 'bayar', 'mau', 'daftar', 'daring', 'rumit', 'tidak', 'tidak_terus', 'nomor', 'otp', 'tidak', 'tidak_kirim', 'terus', 'lewat', 'sms', 'kelas', 'perintah', 'tidak', 'tidak_buat', 'aplikasi', 'layak', 'apa']",aplikasi tidak tidak_jelas kamu benar kalau kerja kamu bayar mau daftar daring rumit tidak tidak_terus nomor otp tidak tidak_kirim terus lewat sms kelas perintah tidak tidak_buat aplikasi layak apa
6b505769-c181-41c5-9038-40f5979af20c,susah sekali buat daftar faskes tingkat lanjut selalu error gak worth it,1,2026-06-30,15,Juni,negatif,susah sekali buat daftar faskes tingkat lanjut selalu error gak worth it,susah sekali buat daftar faskes tingkat lanjut selalu error tidak worth itu,"['susah', 'sekali', 'buat', 'daftar', 'faskes', 'tingkat', 'lanjut', 'selalu', 'error', 'tidak', 'worth', 'itu']","['susah', 'sekali', 'buat', 'daftar', 'faskes', 'tingkat', 'lanjut', 'selalu', 'error', 'tidak', 'worth']","['susah', 'sekali', 'buat', 'daftar', 'faskes', 'tingkat', 'lanjut', 'selalu', 'error', 'tidak', 'tidak_worth']","['susah', 'sekali', 'buat', 'daftar', 'faskes', 'tingkat', 'lanjut', 'selalu', 'error', 'tidak', 'tidak_worth']",susah sekali buat daftar faskes tingkat lanjut selalu error tidak tidak_worth
6b61d20b-1c30-41ea-bbbb-c71940be6cad,banyak gangguan,1,2026-06-04,15,Juni,negatif,banyak gangguan,banyak gangguan,"['banyak', 'gangguan']","['banyak', 'gangguan']","['banyak', 'gangguan']","['banyak', 'ganggu']",banyak ganggu
6b8de29b-197a-4f6d-9806-0531d0ddfd7b,saya belum jelas cara pendaftaran pasien dokter.,5,2026-07-13,5,Juli,netral,saya belum jelas cara pendaftaran pasien dokter,saya belum jelas cara pendaftaran pasien dokter,"['saya', 'belum', 'jelas', 'cara', 'pendaftaran', 'pasien', 'dokter']","['jelas', 'cara', 'pendaftaran', 'pasien', 'dokter']","['jelas', 'cara', 'pendaftaran', 'pasien', 'dokter']","['jelas', 'cara', 'daftar', 'pasien', 'dokter']",jelas cara daftar pasien dokter
6be67ed3-8486-46ba-b60b-676f6b2a8275,"aplikasi dongo, otp dikirim via sms ga masuk, alesannya offline👎",1,2026-06-30,9,Juni,negatif,aplikasi dongo otp dikirim via sms ga masuk alesannya offline,aplikasi bodoh otp dikirim via sms tidak masuk alasannya luring,"['aplikasi', 'bodoh', 'otp', 'dikirim', 'via', 'sms', 'tidak', 'masuk', 'alasannya', 'luring']","['aplikasi', 'bodoh', 'otp', 'dikirim', 'via', 'sms', 'tidak', 'masuk', 'alasannya', 'luring']","['aplikasi', 'bodoh', 'otp', 'dikirim', 'via', 'sms', 'tidak', 'tidak_masuk', 'alasannya', 'luring']","['aplikasi', 'bodoh', 'otp', 'kirim', 'via', 'sms', 'tidak', 'tidak_masuk', 'alas', 'luring']",aplikasi bodoh otp kirim via sms tidak tidak_masuk alas luring
6c3137e1-5bb6-4afc-9718-727821a940e8,hp sy tidak suport lg dgn apk ini..tolong diperbaiki..agar bisa menjangkau smua lapisan masyarakat..!!,1,2026-06-30,11,Juni,negatif,hp sy tidak suport lg dgn apk ini tolong diperbaiki agar bisa menjangkau smua lapisan masyarakat,ponsel saya tidak mendukung lagi dengan aplikasi ini tolong diperbaiki agar bisa menjangkau semua lapisan masyarakat,"['ponsel', 'saya', 'tidak', 'mendukung', 'lagi', 'dengan', 'aplikasi', 'ini', 'tolong', 'diperbaiki', 'agar', 'bisa', 'menjangkau', 'semua', 'lapisan', 'masyarakat']","['ponsel', 'tidak', 'mendukung', 'aplikasi', 'diperbaiki', 'menjangkau', 'semua', 'lapisan', 'masyarakat']","['ponsel', 'tidak', 'tidak_mendukung', 'aplikasi', 'diperbaiki', 'menjangkau', 'semua', 'lapisan', 'masyarakat']","['ponsel', 'tidak', 'tidak_dukung', 'aplikasi', 'perbaiki', 'jangkau', 'semua', 'lapis', 'masyarakat']",ponsel tidak tidak_dukung aplikasi perbaiki jangkau semua lapis masyarakat
6c71baad-b5ee-41cb-92ac-85e6e202929b,bagus,5,2026-06-14,12,Juni,positif,bagus,bagus,['bagus'],['bagus'],['bagus'],['bagus'],bagus
6cdf82dd-ae06-429c-88ab-0cf70737e8d3,APLIKASI PARAH MASA AKIBAT BEDA VERSI GAK BISA DOWNLOAD TOLONG LAH,1,2026-06-30,23,Juni,negatif,aplikasi parah masa akibat beda versi gak bisa download tolong lah,aplikasi parah masa akibat beda versi tidak bisa unduh tolong lah,"['aplikasi', 'parah', 'masa', 'akibat', 'beda', 'versi', 'tidak', 'bisa', 'unduh', 'tolong', 'lah']","['aplikasi', 'parah', 'masa', 'akibat', 'beda', 'versi', 'tidak', 'unduh', 'lah']","['aplikasi', 'parah', 'masa', 'akibat', 'beda', 'versi', 'tidak', 'tidak_unduh', 'lah']","['aplikasi', 'parah', 'masa', 'akibat', 'beda', 'versi', 'tidak', 'tidak_unduh', 'lah']",aplikasi parah masa akibat beda versi tidak tidak_unduh lah
6ceb4119-8608-477e-9f98-7018d28a8d48,Alhamdulillah,5,2026-08-21,10,Agustus,netral,alhamdulillah,alhamdulillah,['alhamdulillah'],['alhamdulillah'],['alhamdulillah'],['alhamdulillah'],alhamdulillah
6cee9946-8548-4cb3-ae0d-1c2f747d952e,"aplikasi gak jelas gak bisa login, captcha muter2 gak muncul2",1,2026-06-25,21,Juni,negatif,aplikasi gak jelas gak bisa login captcha muter2 gak muncul2,aplikasi tidak jelas tidak bisa login captcha berputar-putar tidak muncul,"['aplikasi', 'tidak', 'jelas', 'tidak', 'bisa', 'login', 'captcha', 'berputar-putar', 'tidak', 'muncul']","['aplikasi', 'tidak', 'jelas', 'tidak', 'login', 'captcha', 'berputar-putar', 'tidak', 'muncul']","['aplikasi', 'tidak', 'tidak_jelas', 'tidak', 'tidak_login', 'captcha', 'berputar-putar', 'tidak', 'tidak_muncul']","['aplikasi', 'tidak', 'tidak_jelas', 'tidak', 'tidak_login', 'captcha', 'putar', 'tidak', 'tidak_muncul']",aplikasi tidak tidak_jelas tidak tidak_login captcha putar tidak tidak_muncul
6d37c1cc-c91f-4905-abd5-843ea9c2a578,tolong perbaiki saya mau login tidak bisa terusss,5,2026-06-10,13,Juni,negatif,tolong perbaiki saya mau login tidak bisa terusss,tolong perbaiki saya mau login tidak bisa terus,"['tolong', 'perbaiki', 'saya', 'mau', 'login', 'tidak', 'bisa', 'terus']","['perbaiki', 'mau', 'login', 'tidak', 'terus']","['perbaiki', 'mau', 'login', 'tidak', 'tidak_terus']","['perbaiki', 'mau', 'login', 'tidak', 'tidak_terus']",perbaiki mau login tidak tidak_terus
6d66cec8-3fe7-4e1a-a36a-bb0559a16500,"gak bisa masuk otp sangat buruk,aplikasi apa bukan memudahkan masyarakat malah menyulitkan😮‍💨😮‍💨😮‍💨",1,2026-07-01,14,Juli,negatif,gak bisa masuk otp sangat buruk aplikasi apa bukan memudahkan masyarakat malah menyulitkan,tidak bisa masuk otp sangat buruk aplikasi apa bukan memudahkan masyarakat malah menyulitkan,"['tidak', 'bisa', 'masuk', 'otp', 'sangat', 'buruk', 'aplikasi', 'apa', 'bukan', 'memudahkan', 'masyarakat', 'malah', 'menyulitkan']","['tidak', 'masuk', 'otp', 'sangat', 'buruk', 'aplikasi', 'apa', 'bukan', 'memudahkan', 'masyarakat', 'malah', 'menyulitkan']","['tidak', 'tidak_masuk', 'otp', 'sangat', 'buruk', 'aplikasi', 'apa', 'bukan', 'memudahkan', 'masyarakat', 'malah', 'menyulitkan']","['tidak', 'tidak_masuk', 'otp', 'sangat', 'buruk', 'aplikasi', 'apa', 'bukan', 'mudah', 'masyarakat', 'malah', 'sulit']",tidak tidak_masuk otp sangat buruk aplikasi apa bukan mudah masyarakat malah sulit
6d898712-6363-4945-9f51-6860740cd0d4,"setelah di update kualitas jaringannya malah semakin buruk, saya tdk bisa mengakses apk ini.",1,2026-08-31,22,Agustus,negatif,setelah di update kualitas jaringannya malah semakin buruk saya tdk bisa mengakses apk ini,setelah di pembaruan kualitas jaringannya malah semakin buruk saya tidak bisa mengakses aplikasi ini,"['setelah', 'di', 'pembaruan', 'kualitas', 'jaringannya', 'malah', 'semakin', 'buruk', 'saya', 'tidak', 'bisa', 'mengakses', 'aplikasi', 'ini']","['pembaruan', 'kualitas', 'jaringannya', 'malah', 'semakin', 'buruk', 'tidak', 'mengakses', 'aplikasi']","['pembaruan', 'kualitas', 'jaringannya', 'malah', 'semakin', 'buruk', 'tidak', 'tidak_mengakses', 'aplikasi']","['baru', 'kualitas', 'jaring', 'malah', 'makin', 'buruk', 'tidak', 'tidak_akses', 'aplikasi']",baru kualitas jaring malah makin buruk tidak tidak_akses aplikasi
6db40ed2-24b9-4c62-aeb5-309f52c1e3f2,lumayan bagus 24 jam aktif,5,2026-06-21,1,Juni,positif,lumayan bagus 24 jam aktif,lumayan bagus 24 jam aktif,"['lumayan', 'bagus', '24', 'jam', 'aktif']","['lumayan', 'bagus', '24', 'jam', 'aktif']","['lumayan', 'bagus', '24', 'jam', 'aktif']","['lumayan', 'bagus', '24', 'jam', 'aktif']",lumayan bagus 24 jam aktif
6dd8ae64-0876-4d5a-a175-fea98b2f1898,bagus,5,2026-08-12,10,Agustus,positif,bagus,bagus,['bagus'],['bagus'],['bagus'],['bagus'],bagus
6e0206c2-7e79-49f6-ba6e-28fd49e7fef4,mohon di tingkatkan lagi aplikasi nya agar mudah digunakan,4,2026-07-20,21,Juli,netral,mohon di tingkatkan lagi aplikasi nya agar mudah digunakan,mohon di tingkatkan lagi aplikasi nya agar mudah digunakan,"['mohon', 'di', 'tingkatkan', 'lagi', 'aplikasi', 'nya', 'agar', 'mudah', 'digunakan']","['mohon', 'tingkatkan', 'aplikasi', 'mudah', 'digunakan']","['mohon', 'tingkatkan', 'aplikasi', 'mudah', 'digunakan']","['mohon', 'tingkat', 'aplikasi', 'mudah', 'guna']",mohon tingkat aplikasi mudah guna
6e4c30a1-320d-450a-a575-a102717aab08,Aplikasi yang sangat membantu..,5,2026-08-23,19,Agustus,positif,aplikasi yang sangat membantu,aplikasi yang sangat membantu,"['aplikasi', 'yang', 'sangat', 'membantu']","['aplikasi', 'sangat', 'membantu']","['aplikasi', 'sangat', 'membantu']","['aplikasi', 'sangat', 'bantu']",aplikasi sangat bantu
6e965811-bee4-4cd3-994f-ed51acfc7d64,susah untuk daftar masukan kode otp tapi gak masuk masuk gimana mau login coba aplikasi erorr,1,2026-08-11,12,Agustus,negatif,susah untuk daftar masukan kode otp tapi gak masuk masuk gimana mau login coba aplikasi erorr,susah untuk daftar masukan kode otp tapi tidak masuk bagaimana mau login coba aplikasi error,"['susah', 'untuk', 'daftar', 'masukan', 'kode', 'otp', 'tapi', 'tidak', 'masuk', 'bagaimana', 'mau', 'login', 'coba', 'aplikasi', 'error']","['susah', 'daftar', 'masukan', 'kode', 'otp', 'tidak', 'masuk', 'bagaimana', 'mau', 'login', 'coba', 'aplikasi', 'error']","['susah', 'daftar', 'masukan', 'kode', 'otp', 'tidak', 'tidak_masuk', 'bagaimana', 'mau', 'login', 'coba', 'aplikasi', 'error']","['susah', 'daftar', 'masuk', 'kode', 'otp', 'tidak', 'tidak_masuk', 'bagaimana', 'mau', 'login', 'coba', 'aplikasi', 'error']",susah daftar masuk kode otp tidak tidak_masuk bagaimana mau login coba aplikasi error
6f201ef9-660e-40e6-85a2-9a1c9d657274,Membantu,5,2026-07-30,11,Juli,positif,membantu,membantu,['membantu'],['membantu'],['membantu'],['bantu'],bantu
6f284d66-f1ca-40a8-a000-63b962d05d4b,berharap aplikasi ini bisa mempermudah masyarakat luas dan bisa lancar dalam penggunaan nya,5,2026-08-13,8,Agustus,netral,berharap aplikasi ini bisa mempermudah masyarakat luas dan bisa lancar dalam penggunaan nya,berharap aplikasi ini bisa mempermudah masyarakat luas dan bisa lancar dalam penggunaan nya,"['berharap', 'aplikasi', 'ini', 'bisa', 'mempermudah', 'masyarakat', 'luas', 'dan', 'bisa', 'lancar', 'dalam', 'penggunaan', 'nya']","['berharap', 'aplikasi', 'mempermudah', 'masyarakat', 'luas', 'lancar', 'penggunaan']","['berharap', 'aplikasi', 'mempermudah', 'masyarakat', 'luas', 'lancar', 'penggunaan']","['harap', 'aplikasi', 'mudah', 'masyarakat', 'luas', 'lancar', 'guna']",harap aplikasi mudah masyarakat luas lancar guna
6f42a77e-897e-4caa-8aeb-90af1697541c,"jelek bgt njirrrr, mau daftar nungguin kode verifikasi ga muncul² stressss apk jelekkk bintang 1",1,2026-08-13,8,Agustus,negatif,jelek bgt njirrrr mau daftar nungguin kode verifikasi ga muncul2 stressss apk jelekkk bintang 1,jelek sangat anjing mau daftar menunggu kode verifikasi tidak muncul stres aplikasi jelek bintang 1,"['jelek', 'sangat', 'anjing', 'mau', 'daftar', 'menunggu', 'kode', 'verifikasi', 'tidak', 'muncul', 'stres', 'aplikasi', 'jelek', 'bintang', '1']","['jelek', 'sangat', 'anjing', 'mau', 'daftar', 'menunggu', 'kode', 'verifikasi', 'tidak', 'muncul', 'stres', 'aplikasi', 'jelek', 'bintang', '1']","['jelek', 'sangat', 'anjing', 'mau', 'daftar', 'menunggu', 'kode', 'verifikasi', 'tidak', 'tidak_muncul', 'stres', 'aplikasi', 'jelek', 'bintang', '1']","['jelek', 'sangat', 'anjing', 'mau', 'daftar', 'tunggu', 'kode', 'verifikasi', 'tidak', 'tidak_muncul', 'stres', 'aplikasi', 'jelek', 'bintang', '1']",jelek sangat anjing mau daftar tunggu kode verifikasi tidak tidak_muncul stres aplikasi jelek bintang 1
6fb5b4fe-0a6a-4af5-b02c-3d1820ec6f3c,memuaskan,5,2026-08-23,10,Agustus,positif,memuaskan,memuaskan,['memuaskan'],['memuaskan'],['memuaskan'],['muas'],muas
6fbd90a1-4fc9-4460-b0f9-19c1176bc283,"giliran dibutuhin selalu ga bisa masuk , offline lah ,apk bodong",1,2026-07-08,22,Juli,negatif,giliran dibutuhin selalu ga bisa masuk offline lah apk bodong,giliran dibutuhkan selalu tidak bisa masuk luring lah aplikasi bodong,"['giliran', 'dibutuhkan', 'selalu', 'tidak', 'bisa', 'masuk', 'luring', 'lah', 'aplikasi', 'bodong']","['giliran', 'dibutuhkan', 'selalu', 'tidak', 'masuk', 'luring', 'lah', 'aplikasi', 'bodong']","['giliran', 'dibutuhkan', 'selalu', 'tidak', 'tidak_masuk', 'luring', 'lah', 'aplikasi', 'bodong']","['gilir', 'butuh', 'selalu', 'tidak', 'tidak_masuk', 'luring', 'lah', 'aplikasi', 'bodong']",gilir butuh selalu tidak tidak_masuk luring lah aplikasi bodong
6fd31913-d22a-4b89-9ebf-69b9bb315181,sangat membantu dalam mencari akses kesehatan terdekat,4,2026-07-19,9,Juli,positif,sangat membantu dalam mencari akses kesehatan terdekat,sangat membantu dalam mencari akses kesehatan terdekat,"['sangat', 'membantu', 'dalam', 'mencari', 'akses', 'kesehatan', 'terdekat']","['sangat', 'membantu', 'mencari', 'akses', 'kesehatan', 'terdekat']","['sangat', 'membantu', 'mencari', 'akses', 'kesehatan', 'terdekat']","['sangat', 'bantu', 'cari', 'akses', 'sehat', 'dekat']",sangat bantu cari akses sehat dekat
6ffb8bfb-ca82-4abf-9cd2-028a91fac298,mantap,5,2026-07-03,18,Juli,positif,mantap,mantap,['mantap'],['mantap'],['mantap'],['mantap'],mantap
701d9090-42ed-4ab2-8b42-71e544304e74,aplikasinya sering bug,2,2026-06-04,9,Juni,negatif,aplikasinya sering bug,aplikasinya sering gangguan sistem,"['aplikasinya', 'sering', 'gangguan', 'sistem']","['aplikasinya', 'sering', 'gangguan', 'sistem']","['aplikasinya', 'sering', 'gangguan', 'sistem']","['aplikasi', 'sering', 'ganggu', 'sistem']",aplikasi sering ganggu sistem
7074d3ab-3279-4e9b-8d32-6c172a659393,sangat membantu,5,2026-08-05,17,Agustus,positif,sangat membantu,sangat membantu,"['sangat', 'membantu']","['sangat', 'membantu']","['sangat', 'membantu']","['sangat', 'bantu']",sangat bantu
70a298de-f0eb-4025-a0a8-426104c938ae,mohon di perbaiki lagi sistem apikasih jagàn tiap hari eror terus,3,2026-08-20,7,Agustus,negatif,mohon di perbaiki lagi sistem apikasih jag n tiap hari eror terus,mohon diperbaiki lagi sistem aplikasi jag dan tiap hari error terus,"['mohon', 'diperbaiki', 'lagi', 'sistem', 'aplikasi', 'jag', 'dan', 'tiap', 'hari', 'error', 'terus']","['mohon', 'diperbaiki', 'sistem', 'aplikasi', 'jag', 'tiap', 'hari', 'error', 'terus']","['mohon', 'diperbaiki', 'sistem', 'aplikasi', 'jag', 'tiap', 'hari', 'error', 'terus']","['mohon', 'perbaiki', 'sistem', 'aplikasi', 'jag', 'tiap', 'hari', 'error', 'terus']",mohon perbaiki sistem aplikasi jag tiap hari error terus
70c34ccd-6bea-45f8-9809-3a2dea262fd0,"jahat sumpah aplikasi gajelas, kalau udah verif di awal kenapa harus ganti nomor dan email? disaat urgent malah ngerepotin.",1,2026-08-12,8,Agustus,negatif,jahat sumpah aplikasi gajelas kalau udah verif di awal kenapa harus ganti nomor dan email disaat urgent malah ngerepotin,jahat sumpah aplikasi tidak jelas kalau sudah verifikasi di awal kenapa harus ganti nomor dan email pada saat mendesak malah merepotkan,"['jahat', 'sumpah', 'aplikasi', 'tidak', 'jelas', 'kalau', 'sudah', 'verifikasi', 'di', 'awal', 'kenapa', 'harus', 'ganti', 'nomor', 'dan', 'email', 'pada', 'saat', 'mendesak', 'malah', 'merepotkan']","['jahat', 'sumpah', 'aplikasi', 'tidak', 'jelas', 'kalau', 'verifikasi', 'awal', 'ganti', 'nomor', 'email', 'mendesak', 'malah', 'merepotkan']","['jahat', 'sumpah', 'aplikasi', 'tidak', 'tidak_jelas', 'kalau', 'verifikasi', 'awal', 'ganti', 'nomor', 'email', 'mendesak', 'malah', 'merepotkan']","['jahat', 'sumpah', 'aplikasi', 'tidak', 'tidak_jelas', 'kalau', 'verifikasi', 'awal', 'ganti', 'nomor', 'email', 'desak', 'malah', 'repot']",jahat sumpah aplikasi tidak tidak_jelas kalau verifikasi awal ganti nomor email desak malah repot
70d83087-28d9-4544-b7ae-2ab2b9430b69,okee,5,2026-06-19,21,Juni,positif,okee,oke,['oke'],['oke'],['oke'],['oke'],oke
71824054-0e4b-489f-b7ce-3d2f6f685fde,daftar sulit banget kayak mau daftar pinjol aja,1,2026-08-28,21,Agustus,negatif,daftar sulit banget kayak mau daftar pinjol aja,daftar sulit sangat kayak mau daftar pinjol saja,"['daftar', 'sulit', 'sangat', 'kayak', 'mau', 'daftar', 'pinjol', 'saja']","['daftar', 'sulit', 'sangat', 'kayak', 'mau', 'daftar', 'pinjol']","['daftar', 'sulit', 'sangat', 'kayak', 'mau', 'daftar', 'pinjol']","['daftar', 'sulit', 'sangat', 'kayak', 'mau', 'daftar', 'pinjol']",daftar sulit sangat kayak mau daftar pinjol
71a21719-3a98-48a3-a480-05342190e2e8,"aplikasi lawak, daftar aja susahnya minta ampun, klo gak niat GK usah bikin aplikasi ini",1,2026-07-20,8,Juli,negatif,aplikasi lawak daftar aja susahnya minta ampun klo gak niat gk usah bikin aplikasi ini,aplikasi lawak daftar saja susah minta ampun kalau tidak niat tidak usah membuat aplikasi ini,"['aplikasi', 'lawak', 'daftar', 'saja', 'susah', 'minta', 'ampun', 'kalau', 'tidak', 'niat', 'tidak', 'usah', 'membuat', 'aplikasi', 'ini']","['aplikasi', 'lawak', 'daftar', 'susah', 'minta', 'ampun', 'kalau', 'tidak', 'niat', 'tidak', 'usah', 'membuat', 'aplikasi']","['aplikasi', 'lawak', 'daftar', 'susah', 'minta', 'ampun', 'kalau', 'tidak', 'tidak_niat', 'tidak', 'tidak_usah', 'membuat', 'aplikasi']","['aplikasi', 'lawak', 'daftar', 'susah', 'minta', 'ampun', 'kalau', 'tidak', 'tidak_niat', 'tidak', 'tidak_usah', 'buat', 'aplikasi']",aplikasi lawak daftar susah minta ampun kalau tidak tidak_niat tidak tidak_usah buat aplikasi
71ae4de2-b113-4eb3-be60-68d4f6d39d1a,verifikasi nya tolong di perbaiki 🙏,2,2026-07-30,8,Juli,netral,verifikasi nya tolong di perbaiki,verifikasi nya tolong diperbaiki,"['verifikasi', 'nya', 'tolong', 'diperbaiki']","['verifikasi', 'diperbaiki']","['verifikasi', 'diperbaiki']","['verifikasi', 'perbaiki']",verifikasi perbaiki
71e3b52c-ce69-4e1e-ac4e-f5670fb4cec4,tolong masuk jkn dipermudah untuk manula anak pada kerja semua apa apa sendiri jadi tolong vermuk atao jari untuk masuk jkn ambil antrian,5,2026-06-29,13,Juni,negatif,tolong masuk jkn dipermudah untuk manula anak pada kerja semua apa apa sendiri jadi tolong vermuk atao jari untuk masuk jkn ambil antrian,tolong masuk jkn dipermudah untuk manula anak pada kerja semua apa apa sendiri jadi tolong verifikasi muka atau jari untuk masuk jkn ambil antrean,"['tolong', 'masuk', 'jkn', 'dipermudah', 'untuk', 'manula', 'anak', 'pada', 'kerja', 'semua', 'apa', 'apa', 'sendiri', 'jadi', 'tolong', 'verifikasi', 'muka', 'atau', 'jari', 'untuk', 'masuk', 'jkn', 'ambil', 'antrean']","['masuk', 'jkn', 'dipermudah', 'manula', 'anak', 'kerja', 'semua', 'apa', 'apa', 'sendiri', 'jadi', 'verifikasi', 'muka', 'jari', 'masuk', 'jkn', 'ambil', 'antrean']","['masuk', 'jkn', 'dipermudah', 'manula', 'anak', 'kerja', 'semua', 'apa', 'apa', 'sendiri', 'jadi', 'verifikasi', 'muka', 'jari', 'masuk', 'jkn', 'ambil', 'antrean']","['masuk', 'jkn', 'mudah', 'manula', 'anak', 'kerja', 'semua', 'apa', 'apa', 'sendiri', 'jadi', 'verifikasi', 'muka', 'jari', 'masuk', 'jkn', 'ambil', 'antre']",masuk jkn mudah manula anak kerja semua apa apa sendiri jadi verifikasi muka jari masuk jkn ambil antre
7234f0df-0157-42ec-bf09-20777225d110,aplikasinya sering eror udah daftar dan masuk masih di sruh masukkin NIK SRUH MASUKIN PASSWORD LG tolong di perbaiki lg,1,2026-07-02,11,Juli,negatif,aplikasinya sering eror udah daftar dan masuk masih di sruh masukkin nik sruh masukin password lg tolong di perbaiki lg,aplikasinya sering error sudah daftar dan masuk masih di menyuruh masukkan nik menyuruh masukkan kata sandi lagi tolong diperbaiki lagi,"['aplikasinya', 'sering', 'error', 'sudah', 'daftar', 'dan', 'masuk', 'masih', 'di', 'menyuruh', 'masukkan', 'nik', 'menyuruh', 'masukkan', 'kata', 'sandi', 'lagi', 'tolong', 'diperbaiki', 'lagi']","['aplikasinya', 'sering', 'error', 'daftar', 'masuk', 'menyuruh', 'masukkan', 'nik', 'menyuruh', 'masukkan', 'kata', 'sandi', 'diperbaiki']","['aplikasinya', 'sering', 'error', 'daftar', 'masuk', 'menyuruh', 'masukkan', 'nik', 'menyuruh', 'masukkan', 'kata', 'sandi', 'diperbaiki']","['aplikasi', 'sering', 'error', 'daftar', 'masuk', 'suruh', 'masuk', 'nik', 'suruh', 'masuk', 'kata', 'sandi', 'perbaiki']",aplikasi sering error daftar masuk suruh masuk nik suruh masuk kata sandi perbaiki
7238e616-631c-4ba9-b53b-984ea11b42e0,berguna sangat,5,2026-07-30,2,Juli,positif,berguna sangat,berguna sangat,"['berguna', 'sangat']","['berguna', 'sangat']","['berguna', 'sangat']","['guna', 'sangat']",guna sangat
724d2cc1-bc46-400a-a9d3-32f905492d42,simpel tapi giliran scan wajah kadang bisa kadang nggak,5,2026-07-12,22,Juli,negatif,simpel tapi giliran scan wajah kadang bisa kadang nggak,sederhana tapi giliran pindai wajah kadang bisa kadang tidak,"['sederhana', 'tapi', 'giliran', 'pindai', 'wajah', 'kadang', 'bisa', 'kadang', 'tidak']","['sederhana', 'giliran', 'pindai', 'wajah', 'kadang', 'kadang', 'tidak']","['sederhana', 'giliran', 'pindai', 'wajah', 'kadang', 'kadang', 'tidak']","['sederhana', 'gilir', 'pindai', 'wajah', 'kadang', 'kadang', 'tidak']",sederhana gilir pindai wajah kadang kadang tidak
72700a86-e267-4f76-bcf9-143f73f50f37,bisa digunakan di luar domisili,5,2026-08-18,19,Agustus,netral,bisa digunakan di luar domisili,bisa digunakan di luar domisili,"['bisa', 'digunakan', 'di', 'luar', 'domisili']","['digunakan', 'luar', 'domisili']","['digunakan', 'luar', 'domisili']","['guna', 'luar', 'domisili']",guna luar domisili
7281d16e-9fee-47dd-ad27-baa27ab9f2ba,sangat membantu,5,2026-06-04,10,Juni,positif,sangat membantu,sangat membantu,"['sangat', 'membantu']","['sangat', 'membantu']","['sangat', 'membantu']","['sangat', 'bantu']",sangat bantu
72a344e8-93df-4305-9cf5-9a60818048bc,APLIKASI YANG SANGAT BAGUS,1,2026-08-19,6,Agustus,positif,aplikasi yang sangat bagus,aplikasi yang sangat bagus,"['aplikasi', 'yang', 'sangat', 'bagus']","['aplikasi', 'sangat', 'bagus']","['aplikasi', 'sangat', 'bagus']","['aplikasi', 'sangat', 'bagus']",aplikasi sangat bagus
72c7b382-fc8c-459c-a9bb-22bedd609b3c,"aplikasi nggak niat, kode Verifikasi aja sulit",1,2026-06-14,12,Juni,negatif,aplikasi nggak niat kode verifikasi aja sulit,aplikasi tidak niat kode verifikasi saja sulit,"['aplikasi', 'tidak', 'niat', 'kode', 'verifikasi', 'saja', 'sulit']","['aplikasi', 'tidak', 'niat', 'kode', 'verifikasi', 'sulit']","['aplikasi', 'tidak', 'tidak_niat', 'kode', 'verifikasi', 'sulit']","['aplikasi', 'tidak', 'tidak_niat', 'kode', 'verifikasi', 'sulit']",aplikasi tidak tidak_niat kode verifikasi sulit
731ad78f-9670-44da-b54b-841ab85737f4,good,5,2026-07-19,19,Juli,positif,good,bagus,['bagus'],['bagus'],['bagus'],['bagus'],bagus
734333d7-12bc-49f5-b04d-b8935e265220,sehat selalu..,5,2026-08-07,8,Agustus,netral,sehat selalu,sehat selalu,"['sehat', 'selalu']","['sehat', 'selalu']","['sehat', 'selalu']","['sehat', 'selalu']",sehat selalu
734e8fe2-0ae8-43a8-9b2c-1d8008df7ea7,sangat membantu,5,2026-07-28,5,Juli,positif,sangat membantu,sangat membantu,"['sangat', 'membantu']","['sangat', 'membantu']","['sangat', 'membantu']","['sangat', 'bantu']",sangat bantu
73688517-71eb-4ca4-ad0c-403d72611aef,ok sangat membantu untuk pelayanan kesehatan berikut perubahan data faskes,5,2026-07-03,19,Juli,positif,ok sangat membantu untuk pelayanan kesehatan berikut perubahan data faskes,oke sangat membantu untuk pelayanan kesehatan berikut perubahan data faskes,"['oke', 'sangat', 'membantu', 'untuk', 'pelayanan', 'kesehatan', 'berikut', 'perubahan', 'data', 'faskes']","['oke', 'sangat', 'membantu', 'pelayanan', 'kesehatan', 'berikut', 'perubahan', 'data', 'faskes']","['oke', 'sangat', 'membantu', 'pelayanan', 'kesehatan', 'berikut', 'perubahan', 'data', 'faskes']","['oke', 'sangat', 'bantu', 'layan', 'sehat', 'ikut', 'ubah', 'data', 'faskes']",oke sangat bantu layan sehat ikut ubah data faskes
73826821-70f7-4062-aa54-43ec09d7fa94,mntap,5,2026-06-09,15,Juni,positif,mntap,mantap,['mantap'],['mantap'],['mantap'],['mantap'],mantap
738692c8-1020-4971-bf35-5def6eec46de,kerenn,5,2026-08-23,11,Agustus,positif,kerenn,keren,['keren'],['keren'],['keren'],['keren'],keren
73ddd268-6deb-458a-9209-c583fdc446a7,"aplikasi masih sering logout sendiri, jadi harus masukan NIK dan password kembali",4,2026-07-29,6,Juli,negatif,aplikasi masih sering logout sendiri jadi harus masukan nik dan password kembali,aplikasi masih sering logout sendiri jadi harus masukan nik dan kata sandi kembali,"['aplikasi', 'masih', 'sering', 'logout', 'sendiri', 'jadi', 'harus', 'masukan', 'nik', 'dan', 'kata', 'sandi', 'kembali']","['aplikasi', 'sering', 'logout', 'sendiri', 'jadi', 'masukan', 'nik', 'kata', 'sandi']","['aplikasi', 'sering', 'logout', 'sendiri', 'jadi', 'masukan', 'nik', 'kata', 'sandi']","['aplikasi', 'sering', 'logout', 'sendiri', 'jadi', 'masuk', 'nik', 'kata', 'sandi']",aplikasi sering logout sendiri jadi masuk nik kata sandi
73e67182-b720-44ac-93a7-46a96c425d54,good,5,2026-06-28,19,Juni,positif,good,bagus,['bagus'],['bagus'],['bagus'],['bagus'],bagus
74344180-fd83-444e-9f65-c00f0ce107d6,"Aplikasi sampah,mau login aja ga bisa. Semua yg berhubungan dengan pelayanan publik milik pemerintah sampah semua",1,2026-07-16,10,Juli,negatif,aplikasi sampah mau login aja ga bisa semua yg berhubungan dengan pelayanan publik milik pemerintah sampah semua,aplikasi sampah mau login saja tidak bisa semua yang berhubungan dengan pelayanan publik milik pemerintah sampah semua,"['aplikasi', 'sampah', 'mau', 'login', 'saja', 'tidak', 'bisa', 'semua', 'yang', 'berhubungan', 'dengan', 'pelayanan', 'publik', 'milik', 'pemerintah', 'sampah', 'semua']","['aplikasi', 'sampah', 'mau', 'login', 'tidak', 'semua', 'berhubungan', 'pelayanan', 'publik', 'milik', 'pemerintah', 'sampah', 'semua']","['aplikasi', 'sampah', 'mau', 'login', 'tidak', 'tidak_semua', 'berhubungan', 'pelayanan', 'publik', 'milik', 'pemerintah', 'sampah', 'semua']","['aplikasi', 'sampah', 'mau', 'login', 'tidak', 'tidak_semua', 'hubung', 'layan', 'publik', 'milik', 'perintah', 'sampah', 'semua']",aplikasi sampah mau login tidak tidak_semua hubung layan publik milik perintah sampah semua
743895fa-f052-4df5-b817-ce93c2e5186c,aplikasi sering eror gini bikin susah aja,1,2026-07-02,8,Juli,negatif,aplikasi sering eror gini bikin susah aja,aplikasi sering error begini membuat susah saja,"['aplikasi', 'sering', 'error', 'begini', 'membuat', 'susah', 'saja']","['aplikasi', 'sering', 'error', 'begini', 'membuat', 'susah']","['aplikasi', 'sering', 'error', 'begini', 'membuat', 'susah']","['aplikasi', 'sering', 'error', 'begini', 'buat', 'susah']",aplikasi sering error begini buat susah
747d89cb-d86b-45f7-adad-d0208ab2a743,Terlalu sering bermasalah,1,2026-07-07,22,Juli,negatif,terlalu sering bermasalah,terlalu sering bermasalah,"['terlalu', 'sering', 'bermasalah']","['terlalu', 'sering', 'bermasalah']","['terlalu', 'sering', 'bermasalah']","['terlalu', 'sering', 'masalah']",terlalu sering masalah
74b3117e-b8f0-4f94-9d8b-9caa30d8be31,sangat membantu,5,2026-07-26,19,Juli,positif,sangat membantu,sangat membantu,"['sangat', 'membantu']","['sangat', 'membantu']","['sangat', 'membantu']","['sangat', 'bantu']",sangat bantu
74e9e8fe-b067-4267-8559-50d59a8b8aff,aplikasi babi susah di buka signal ok dia bilang signal tx ok,1,2026-08-18,9,Agustus,negatif,aplikasi babi susah di buka signal ok dia bilang signal tx ok,aplikasi babi susah dibuka sinyal oke dia bilang sinyal tx oke,"['aplikasi', 'babi', 'susah', 'dibuka', 'sinyal', 'oke', 'dia', 'bilang', 'sinyal', 'tx', 'oke']","['aplikasi', 'babi', 'susah', 'dibuka', 'sinyal', 'oke', 'bilang', 'sinyal', 'tx', 'oke']","['aplikasi', 'babi', 'susah', 'dibuka', 'sinyal', 'oke', 'bilang', 'sinyal', 'tx', 'oke']","['aplikasi', 'babi', 'susah', 'buka', 'sinyal', 'oke', 'bilang', 'sinyal', 'tx', 'oke']",aplikasi babi susah buka sinyal oke bilang sinyal tx oke
75184793-24f5-44f8-9fb3-c0661434db7f,gak muncul muncul kode verifikasinya aplikasi gak berguna,1,2026-07-30,15,Juli,negatif,gak muncul muncul kode verifikasinya aplikasi gak berguna,tidak muncul kode verifikasinya aplikasi tidak berguna,"['tidak', 'muncul', 'kode', 'verifikasinya', 'aplikasi', 'tidak', 'berguna']","['tidak', 'muncul', 'kode', 'verifikasinya', 'aplikasi', 'tidak', 'berguna']","['tidak', 'tidak_muncul', 'kode', 'verifikasinya', 'aplikasi', 'tidak', 'tidak_berguna']","['tidak', 'tidak_muncul', 'kode', 'verifikasi', 'aplikasi', 'tidak', 'tidak_guna']",tidak tidak_muncul kode verifikasi aplikasi tidak tidak_guna
75c24f69-0bdf-42d7-9c44-424451b0ddd3,aplikasi busuk loading terus,1,2026-08-01,1,Agustus,negatif,aplikasi busuk loading terus,aplikasi busuk memuat terus,"['aplikasi', 'busuk', 'memuat', 'terus']","['aplikasi', 'busuk', 'memuat', 'terus']","['aplikasi', 'busuk', 'memuat', 'terus']","['aplikasi', 'busuk', 'muat', 'terus']",aplikasi busuk muat terus
75c91453-bbe3-4d68-bf2d-3c78964bfb67,mobile JKN sangat baik untuk pelayanannya,5,2026-06-28,9,Juni,positif,mobile jkn sangat baik untuk pelayanannya,mobile jkn sangat baik untuk pelayanannya,"['mobile', 'jkn', 'sangat', 'baik', 'untuk', 'pelayanannya']","['mobile', 'jkn', 'sangat', 'baik', 'pelayanannya']","['mobile', 'jkn', 'sangat', 'baik', 'pelayanannya']","['mobile', 'jkn', 'sangat', 'baik', 'layan']",mobile jkn sangat baik layan
75d87b53-78b3-438c-84bf-3fa4e07a023c,pelayanan sangat memuaskan,5,2026-07-06,13,Juli,positif,pelayanan sangat memuaskan,pelayanan sangat memuaskan,"['pelayanan', 'sangat', 'memuaskan']","['pelayanan', 'sangat', 'memuaskan']","['pelayanan', 'sangat', 'memuaskan']","['layan', 'sangat', 'muas']",layan sangat muas
7631fa25-2a48-412a-8ab5-2ee8415c0013,bgus pelayanannya,4,2026-06-23,14,Juni,positif,bgus pelayanannya,bagus pelayanannya,"['bagus', 'pelayanannya']","['bagus', 'pelayanannya']","['bagus', 'pelayanannya']","['bagus', 'layan']",bagus layan
76ab15a2-81a3-42a1-989a-1888401d6534,sangat membantu sekali... mudah cepat dan efisien.. . cepat memproses aduan dari peserta BPJS kesehatan.,5,2026-08-27,10,Agustus,positif,sangat membantu sekali mudah cepat dan efisien cepat memproses aduan dari peserta bpjs kesehatan,sangat membantu sekali mudah cepat dan efisien cepat memproses aduan dari peserta bpjs kesehatan,"['sangat', 'membantu', 'sekali', 'mudah', 'cepat', 'dan', 'efisien', 'cepat', 'memproses', 'aduan', 'dari', 'peserta', 'bpjs', 'kesehatan']","['sangat', 'membantu', 'sekali', 'mudah', 'cepat', 'efisien', 'cepat', 'memproses', 'aduan', 'peserta', 'bpjs', 'kesehatan']","['sangat', 'membantu', 'sekali', 'mudah', 'cepat', 'efisien', 'cepat', 'memproses', 'aduan', 'peserta', 'bpjs', 'kesehatan']","['sangat', 'bantu', 'sekali', 'mudah', 'cepat', 'efisien', 'cepat', 'proses', 'adu', 'serta', 'bpjs', 'sehat']",sangat bantu sekali mudah cepat efisien cepat proses adu serta bpjs sehat
76c18034-d977-4cc3-bcf8-02fcccceaef4,data sudah terhubung dengan faskes sehingga pada saat berobat hanya menunjukkan KTP elektronik saja.,5,2026-06-02,12,Juni,netral,data sudah terhubung dengan faskes sehingga pada saat berobat hanya menunjukkan ktp elektronik saja,data sudah terhubung dengan faskes sehingga pada saat berobat hanya menunjukkan ktp elektronik saja,"['data', 'sudah', 'terhubung', 'dengan', 'faskes', 'sehingga', 'pada', 'saat', 'berobat', 'hanya', 'menunjukkan', 'ktp', 'elektronik', 'saja']","['data', 'terhubung', 'faskes', 'berobat', 'menunjukkan', 'ktp', 'elektronik']","['data', 'terhubung', 'faskes', 'berobat', 'menunjukkan', 'ktp', 'elektronik']","['data', 'hubung', 'faskes', 'obat', 'tunjuk', 'ktp', 'elektronik']",data hubung faskes obat tunjuk ktp elektronik
76d83112-9d74-4ccc-92d9-14726fc50efa,cepat dan akurat,5,2026-06-09,13,Juni,positif,cepat dan akurat,cepat dan akurat,"['cepat', 'dan', 'akurat']","['cepat', 'akurat']","['cepat', 'akurat']","['cepat', 'akurat']",cepat akurat
76ffac83-22d0-4c12-b673-ea99ed0c9c7b,Mantap Sih,5,2026-07-04,23,Juli,positif,mantap sih,mantap sih,"['mantap', 'sih']","['mantap', 'sih']","['mantap', 'sih']","['mantap', 'sih']",mantap sih
771617b4-9347-4d53-bd12-b87db0e08546,Mobile JKN ini sangat membantu bagi masyarakat yang kurang mampu dan bijak dalam peyanan bagi masyarakat.,5,2026-06-17,14,Juni,positif,mobile jkn ini sangat membantu bagi masyarakat yang kurang mampu dan bijak dalam peyanan bagi masyarakat,mobile jkn ini sangat membantu bagi masyarakat yang kurang mampu dan bijak dalam pelayanan bagi masyarakat,"['mobile', 'jkn', 'ini', 'sangat', 'membantu', 'bagi', 'masyarakat', 'yang', 'kurang', 'mampu', 'dan', 'bijak', 'dalam', 'pelayanan', 'bagi', 'masyarakat']","['mobile', 'jkn', 'sangat', 'membantu', 'masyarakat', 'kurang', 'mampu', 'bijak', 'pelayanan', 'masyarakat']","['mobile', 'jkn', 'sangat', 'membantu', 'masyarakat', 'kurang', 'mampu', 'bijak', 'pelayanan', 'masyarakat']","['mobile', 'jkn', 'sangat', 'bantu', 'masyarakat', 'kurang', 'mampu', 'bijak', 'layan', 'masyarakat']",mobile jkn sangat bantu masyarakat kurang mampu bijak layan masyarakat
771637b3-698f-4f5c-9ba9-71ebf00e19e0,Baarokallaahu fiikum,5,2026-07-30,14,Juli,netral,baarokallaahu fiikum,baarokallaahu fiikum,"['baarokallaahu', 'fiikum']","['baarokallaahu', 'fiikum']","['baarokallaahu', 'fiikum']","['baarokallaahu', 'fiikum']",baarokallaahu fiikum
77600ee8-5cb8-4357-a19a-0a8736167fbf,dengan mobile JKN urusan kesehatan tak ada lagi hambatan,5,2026-07-19,16,Juli,positif,dengan mobile jkn urusan kesehatan tak ada lagi hambatan,dengan mobile jkn urusan kesehatan tidak ada lagi hambatan,"['dengan', 'mobile', 'jkn', 'urusan', 'kesehatan', 'tidak', 'ada', 'lagi', 'hambatan']","['mobile', 'jkn', 'urusan', 'kesehatan', 'tidak', 'hambatan']","['mobile', 'jkn', 'urusan', 'kesehatan', 'tidak', 'tidak_hambatan']","['mobile', 'jkn', 'urus', 'sehat', 'tidak', 'tidak_hambat']",mobile jkn urus sehat tidak tidak_hambat
776a1e8f-92d7-4157-8006-52e374b4dbe9,kerja bagis,5,2026-07-29,21,Juli,positif,kerja bagis,kerja bagus,"['kerja', 'bagus']","['kerja', 'bagus']","['kerja', 'bagus']","['kerja', 'bagus']",kerja bagus
77747fdf-bd65-4076-a180-59af37ec3464,Terima kasih karena dengan ini memudahkan untuk berobat kapan saja,5,2026-08-09,20,Agustus,positif,terima kasih karena dengan ini memudahkan untuk berobat kapan saja,terima kasih karena dengan ini memudahkan untuk berobat kapan saja,"['terima', 'kasih', 'karena', 'dengan', 'ini', 'memudahkan', 'untuk', 'berobat', 'kapan', 'saja']","['terima', 'kasih', 'memudahkan', 'berobat', 'kapan']","['terima', 'kasih', 'memudahkan', 'berobat', 'kapan']","['terima', 'kasih', 'mudah', 'obat', 'kapan']",terima kasih mudah obat kapan
778240ec-f239-4edd-b6e4-55e815932bce,sangat membantu diri saya jika sedang membutuhkan pertolongan,5,2026-06-08,21,Juni,positif,sangat membantu diri saya jika sedang membutuhkan pertolongan,sangat membantu diri saya jika sedang membutuhkan pertolongan,"['sangat', 'membantu', 'diri', 'saya', 'jika', 'sedang', 'membutuhkan', 'pertolongan']","['sangat', 'membantu', 'diri', 'sedang', 'membutuhkan', 'pertolongan']","['sangat', 'membantu', 'diri', 'sedang', 'membutuhkan', 'pertolongan']","['sangat', 'bantu', 'diri', 'sedang', 'butuh', 'tolong']",sangat bantu diri sedang butuh tolong
77cee277-b8ae-4db1-86f4-38355670b494,aplikasi buatan plat merah ya gini...gak guna buat daftar aja susah kode otp gak keluar.... aplikasi sampah yg menyulitkan rakyat,1,2026-06-15,12,Juni,negatif,aplikasi buatan plat merah ya gini gak guna buat daftar aja susah kode otp gak keluar aplikasi sampah yg menyulitkan rakyat,aplikasi buatan plat merah ya begini tidak berguna buat daftar saja susah kode otp tidak keluar aplikasi sampah yang menyulitkan rakyat,"['aplikasi', 'buatan', 'plat', 'merah', 'ya', 'begini', 'tidak', 'berguna', 'buat', 'daftar', 'saja', 'susah', 'kode', 'otp', 'tidak', 'keluar', 'aplikasi', 'sampah', 'yang', 'menyulitkan', 'rakyat']","['aplikasi', 'buatan', 'plat', 'merah', 'begini', 'tidak', 'berguna', 'buat', 'daftar', 'susah', 'kode', 'otp', 'tidak', 'keluar', 'aplikasi', 'sampah', 'menyulitkan', 'rakyat']","['aplikasi', 'buatan', 'plat', 'merah', 'begini', 'tidak', 'tidak_berguna', 'buat', 'daftar', 'susah', 'kode', 'otp', 'tidak', 'tidak_keluar', 'aplikasi', 'sampah', 'menyulitkan', 'rakyat']","['aplikasi', 'buat', 'plat', 'merah', 'begini', 'tidak', 'tidak_guna', 'buat', 'daftar', 'susah', 'kode', 'otp', 'tidak', 'tidak_keluar', 'aplikasi', 'sampah', 'sulit', 'rakyat']",aplikasi buat plat merah begini tidak tidak_guna buat daftar susah kode otp tidak tidak_keluar aplikasi sampah sulit rakyat
78124170-e189-4831-9f06-4bfc5b43e8ac,"emang ya buatan pemerintah itu jelek betul, logout tiap beberapa minggu, gak bisa login, ada kendala mulu, lemot,,,, heehhh kalian itu bikin aplikasi pakai duit rakyat kok ya kayak gini kalah sama milik swasta",1,2026-06-11,6,Juni,negatif,emang ya buatan pemerintah itu jelek betul logout tiap beberapa minggu gak bisa login ada kendala mulu lemot heehhh kalian itu bikin aplikasi pakai duit rakyat kok ya kayak gini kalah sama milik swasta,memang ya buatan pemerintah itu jelek betul logout tiap beberapa minggu tidak bisa login ada kendala terus-menerus lambat aduh kalian itu membuat aplikasi pakai duit rakyat kok ya kayak begini kalah sama milik swasta,"['memang', 'ya', 'buatan', 'pemerintah', 'itu', 'jelek', 'betul', 'logout', 'tiap', 'beberapa', 'minggu', 'tidak', 'bisa', 'login', 'ada', 'kendala', 'terus-menerus', 'lambat', 'aduh', 'kalian', 'itu', 'membuat', 'aplikasi', 'pakai', 'duit', 'rakyat', 'kok', 'ya', 'kayak', 'begini', 'kalah', 'sama', 'milik', 'swasta']","['memang', 'buatan', 'pemerintah', 'jelek', 'betul', 'logout', 'tiap', 'beberapa', 'minggu', 'tidak', 'login', 'kendala', 'terus-menerus', 'lambat', 'aduh', 'kalian', 'membuat', 'aplikasi', 'pakai', 'duit', 'rakyat', 'kok', 'kayak', 'begini', 'kalah', 'sama', 'milik', 'swasta']","['memang', 'buatan', 'pemerintah', 'jelek', 'betul', 'logout', 'tiap', 'beberapa', 'minggu', 'tidak', 'tidak_login', 'kendala', 'terus-menerus', 'lambat', 'aduh', 'kalian', 'membuat', 'aplikasi', 'pakai', 'duit', 'rakyat', 'kok', 'kayak', 'begini', 'kalah', 'sama', 'milik', 'swasta']","['memang', 'buat', 'perintah', 'jelek', 'betul', 'logout', 'tiap', 'beberapa', 'minggu', 'tidak', 'tidak_login', 'kendala', 'terus', 'lambat', 'aduh', 'kalian', 'buat', 'aplikasi', 'pakai', 'duit', 'rakyat', 'kok', 'kayak', 'begini', 'kalah', 'sama', 'milik', 'swasta']",memang buat perintah jelek betul logout tiap beberapa minggu tidak tidak_login kendala terus lambat aduh kalian buat aplikasi pakai duit rakyat kok kayak begini kalah sama milik swasta
7825a172-ce16-4824-9571-127bf6bb68c7,mantapd,5,2026-08-20,17,Agustus,positif,mantapd,mantap,['mantap'],['mantap'],['mantap'],['mantap'],mantap
78523ed2-0f64-4ff6-a43d-db351721ca30,"bayar terus, telat bayar ditagih terus..mau berobat ribet.. kalau sakit bagusnya pasrah aja sama Yang Maha Kuasa. daripada bayar iuran terus.",1,2026-06-03,15,Juni,negatif,bayar terus telat bayar ditagih terus mau berobat ribet kalau sakit bagusnya pasrah aja sama yang maha kuasa daripada bayar iuran terus,bayar terus telat bayar ditagih terus mau berobat rumit kalau sakit bagus pasrah saja sama yang maha kuasa daripada bayar iuran terus,"['bayar', 'terus', 'telat', 'bayar', 'ditagih', 'terus', 'mau', 'berobat', 'rumit', 'kalau', 'sakit', 'bagus', 'pasrah', 'saja', 'sama', 'yang', 'maha', 'kuasa', 'daripada', 'bayar', 'iuran', 'terus']","['bayar', 'terus', 'telat', 'bayar', 'ditagih', 'terus', 'mau', 'berobat', 'rumit', 'kalau', 'sakit', 'bagus', 'pasrah', 'sama', 'maha', 'kuasa', 'bayar', 'iuran', 'terus']","['bayar', 'terus', 'telat', 'bayar', 'ditagih', 'terus', 'mau', 'berobat', 'rumit', 'kalau', 'sakit', 'bagus', 'pasrah', 'sama', 'maha', 'kuasa', 'bayar', 'iuran', 'terus']","['bayar', 'terus', 'telat', 'bayar', 'tagih', 'terus', 'mau', 'obat', 'rumit', 'kalau', 'sakit', 'bagus', 'pasrah', 'sama', 'maha', 'kuasa', 'bayar', 'iur', 'terus']",bayar terus telat bayar tagih terus mau obat rumit kalau sakit bagus pasrah sama maha kuasa bayar iur terus
78826cd9-37d0-4826-9b5f-de77a944a5f9,"terbaikkk,bisa rubah alamat lewat hp tanpa perlu ke kantor bpjs",5,2026-06-02,12,Juni,positif,terbaikkk bisa rubah alamat lewat hp tanpa perlu ke kantor bpjs,terbaik bisa ubah alamat lewat ponsel tanpa perlu ke kantor bpjs,"['terbaik', 'bisa', 'ubah', 'alamat', 'lewat', 'ponsel', 'tanpa', 'perlu', 'ke', 'kantor', 'bpjs']","['terbaik', 'ubah', 'alamat', 'lewat', 'ponsel', 'perlu', 'kantor', 'bpjs']","['terbaik', 'ubah', 'alamat', 'lewat', 'ponsel', 'perlu', 'kantor', 'bpjs']","['baik', 'ubah', 'alamat', 'lewat', 'ponsel', 'perlu', 'kantor', 'bpjs']",baik ubah alamat lewat ponsel perlu kantor bpjs
78d4496c-8cb3-400e-83ee-eba0c9c42115,"saran min Di tambahkan estimasi jam Di layani, agar peserta datang sesuai jam",5,2026-08-14,8,Agustus,netral,saran min di tambahkan estimasi jam di layani agar peserta datang sesuai jam,saran admin di tambahkan estimasi jam di layani agar peserta datang sesuai jam,"['saran', 'admin', 'di', 'tambahkan', 'estimasi', 'jam', 'di', 'layani', 'agar', 'peserta', 'datang', 'sesuai', 'jam']","['saran', 'admin', 'tambahkan', 'estimasi', 'jam', 'layani', 'peserta', 'datang', 'sesuai', 'jam']","['saran', 'admin', 'tambahkan', 'estimasi', 'jam', 'layani', 'peserta', 'datang', 'sesuai', 'jam']","['saran', 'admin', 'tambah', 'estimasi', 'jam', 'layan', 'serta', 'datang', 'sesuai', 'jam']",saran admin tambah estimasi jam layan serta datang sesuai jam
791565e5-b4db-4fe1-87d8-13fbdae59ddf,pelayanan prima,5,2026-07-28,8,Juli,positif,pelayanan prima,pelayanan prima,"['pelayanan', 'prima']","['pelayanan', 'prima']","['pelayanan', 'prima']","['layan', 'prima']",layan prima
792a2c0a-ecd1-4514-ade7-05e1e34be837,aplikasi mobile JKN saya kenapa tidak dpt di buka ya? di update jg gk bisa,3,2026-07-30,4,Juli,netral,aplikasi mobile jkn saya kenapa tidak dpt di buka ya di update jg gk bisa,aplikasi mobile jkn saya kenapa tidak dapat dibuka ya di pembaruan juga tidak bisa,"['aplikasi', 'mobile', 'jkn', 'saya', 'kenapa', 'tidak', 'dapat', 'dibuka', 'ya', 'di', 'pembaruan', 'juga', 'tidak', 'bisa']","['aplikasi', 'mobile', 'jkn', 'tidak', 'dibuka', 'pembaruan', 'tidak']","['aplikasi', 'mobile', 'jkn', 'tidak', 'tidak_dibuka', 'pembaruan', 'tidak']","['aplikasi', 'mobile', 'jkn', 'tidak', 'tidak_buka', 'baru', 'tidak']",aplikasi mobile jkn tidak tidak_buka baru tidak
79f13666-01cc-45e0-a96b-5bdb4d75a0f4,"oke,dan simpel serta canggih.",5,2026-06-05,19,Juni,positif,oke dan simpel serta canggih,oke dan sederhana serta canggih,"['oke', 'dan', 'sederhana', 'serta', 'canggih']","['oke', 'sederhana', 'canggih']","['oke', 'sederhana', 'canggih']","['oke', 'sederhana', 'canggih']",oke sederhana canggih
7a55b189-1438-45c5-b3e8-45522fa35a85,ok cukup memuaskan,5,2026-08-06,22,Agustus,positif,ok cukup memuaskan,oke cukup memuaskan,"['oke', 'cukup', 'memuaskan']","['oke', 'cukup', 'memuaskan']","['oke', 'cukup', 'memuaskan']","['oke', 'cukup', 'muas']",oke cukup muas
7ae5003f-0449-4cca-9ef7-209a9c5abc22,update terbaru sekarang sudah tidak mendukung untuk oppo A5S. apa orang yang ekonominya sulit udah gak boleh berobat dengan mudah?,1,2026-06-29,20,Juni,negatif,update terbaru sekarang sudah tidak mendukung untuk oppo a5s apa orang yang ekonominya sulit udah gak boleh berobat dengan mudah,pembaruan terbaru sekarang sudah tidak mendukung untuk oppo a5s apa orang yang ekonominya sulit sudah tidak boleh berobat dengan mudah,"['pembaruan', 'terbaru', 'sekarang', 'sudah', 'tidak', 'mendukung', 'untuk', 'oppo', 'a5s', 'apa', 'orang', 'yang', 'ekonominya', 'sulit', 'sudah', 'tidak', 'boleh', 'berobat', 'dengan', 'mudah']","['pembaruan', 'terbaru', 'sekarang', 'tidak', 'mendukung', 'oppo', 'a5s', 'apa', 'orang', 'ekonominya', 'sulit', 'tidak', 'berobat', 'mudah']","['pembaruan', 'terbaru', 'sekarang', 'tidak', 'tidak_mendukung', 'oppo', 'a5s', 'apa', 'orang', 'ekonominya', 'sulit', 'tidak', 'tidak_berobat', 'mudah']","['baru', 'baru', 'sekarang', 'tidak', 'tidak_dukung', 'oppo', 'a5s', 'apa', 'orang', 'ekonomi', 'sulit', 'tidak', 'tidak_obat', 'mudah']",baru baru sekarang tidak tidak_dukung oppo a5s apa orang ekonomi sulit tidak tidak_obat mudah
7b3368b5-9502-426d-a1f9-13db276c0567,"yg berhalangan dokter yg susah pasien. saya bayar bpjs bukan geratis, anak saya sudah sakit mau berobat aja sulit nya minta ampun",1,2026-08-04,19,Agustus,negatif,yg berhalangan dokter yg susah pasien saya bayar bpjs bukan geratis anak saya sudah sakit mau berobat aja sulit nya minta ampun,yang berhalangan dokter yang susah pasien saya bayar bpjs bukan gratis anak saya sudah sakit mau berobat saja sulit nya minta ampun,"['yang', 'berhalangan', 'dokter', 'yang', 'susah', 'pasien', 'saya', 'bayar', 'bpjs', 'bukan', 'gratis', 'anak', 'saya', 'sudah', 'sakit', 'mau', 'berobat', 'saja', 'sulit', 'nya', 'minta', 'ampun']","['berhalangan', 'dokter', 'susah', 'pasien', 'bayar', 'bpjs', 'bukan', 'gratis', 'anak', 'sakit', 'mau', 'berobat', 'sulit', 'minta', 'ampun']","['berhalangan', 'dokter', 'susah', 'pasien', 'bayar', 'bpjs', 'bukan', 'gratis', 'anak', 'sakit', 'mau', 'berobat', 'sulit', 'minta', 'ampun']","['halang', 'dokter', 'susah', 'pasien', 'bayar', 'bpjs', 'bukan', 'gratis', 'anak', 'sakit', 'mau', 'obat', 'sulit', 'minta', 'ampun']",halang dokter susah pasien bayar bpjs bukan gratis anak sakit mau obat sulit minta ampun
7b5ae57f-4490-41eb-931e-bc380fa1f1d1,"tolong aplikasi ini di perbaiki lagi, saya ingin mengambil nomor antrean tapi tidak bisa, entah jaringan yang tidak ada lah padahal internet dan jaringan nya aman aja, kemudian pada saat masuk dan meminta SMS untuk kode OTP malah permintaan belum bisa di proses",1,2026-07-15,19,Juli,negatif,tolong aplikasi ini di perbaiki lagi saya ingin mengambil nomor antrean tapi tidak bisa entah jaringan yang tidak ada lah padahal internet dan jaringan nya aman aja kemudian pada saat masuk dan meminta sms untuk kode otp malah permintaan belum bisa di proses,tolong aplikasi ini diperbaiki lagi saya ingin mengambil nomor antrean tapi tidak bisa entah jaringan yang tidak ada lah padahal internet dan jaringan nya aman saja kemudian pada saat masuk dan meminta sms untuk kode otp malah permintaan belum bisa di proses,"['tolong', 'aplikasi', 'ini', 'diperbaiki', 'lagi', 'saya', 'ingin', 'mengambil', 'nomor', 'antrean', 'tapi', 'tidak', 'bisa', 'entah', 'jaringan', 'yang', 'tidak', 'ada', 'lah', 'padahal', 'internet', 'dan', 'jaringan', 'nya', 'aman', 'saja', 'kemudian', 'pada', 'saat', 'masuk', 'dan', 'meminta', 'sms', 'untuk', 'kode', 'otp', 'malah', 'permintaan', 'belum', 'bisa', 'di', 'proses']","['aplikasi', 'diperbaiki', 'mengambil', 'nomor', 'antrean', 'tidak', 'entah', 'jaringan', 'tidak', 'lah', 'padahal', 'internet', 'jaringan', 'aman', 'kemudian', 'masuk', 'meminta', 'sms', 'kode', 'otp', 'malah', 'permintaan', 'proses']","['aplikasi', 'diperbaiki', 'mengambil', 'nomor', 'antrean', 'tidak', 'tidak_entah', 'jaringan', 'tidak', 'tidak_lah', 'padahal', 'internet', 'jaringan', 'aman', 'kemudian', 'masuk', 'meminta', 'sms', 'kode', 'otp', 'malah', 'permintaan', 'proses']","['aplikasi', 'perbaiki', 'ambil', 'nomor', 'antre', 'tidak', 'tidak_entah', 'jaring', 'tidak', 'tidak_lah', 'padahal', 'internet', 'jaring', 'aman', 'kemudian', 'masuk', 'minta', 'sms', 'kode', 'otp', 'malah', 'minta', 'proses']",aplikasi perbaiki ambil nomor antre tidak tidak_entah jaring tidak tidak_lah padahal internet jaring aman kemudian masuk minta sms kode otp malah minta proses
7ba04075-a470-4b73-9761-b2e34d44fe0b,dicoba,5,2026-06-26,16,Juni,netral,dicoba,dicoba,['dicoba'],['dicoba'],['dicoba'],['coba'],coba
7bb7ef90-58ba-4738-87d8-4abc8acf8dbc,Semoga semakin maju dan berkembang,5,2026-08-12,13,Agustus,netral,semoga semakin maju dan berkembang,semoga semakin maju dan berkembang,"['semoga', 'semakin', 'maju', 'dan', 'berkembang']","['semoga', 'semakin', 'maju', 'berkembang']","['semoga', 'semakin', 'maju', 'berkembang']","['moga', 'makin', 'maju', 'kembang']",moga makin maju kembang
7bcb088e-d96c-43aa-9563-2b5aa699b41a,susah login nya,1,2026-07-05,15,Juli,negatif,susah login nya,susah login nya,"['susah', 'login', 'nya']","['susah', 'login']","['susah', 'login']","['susah', 'login']",susah login
7c1de0c9-bd85-4c47-b7ff-d51152678ef7,Semoga sehat dan berkah,5,2026-08-06,23,Agustus,netral,semoga sehat dan berkah,semoga sehat dan berkah,"['semoga', 'sehat', 'dan', 'berkah']","['semoga', 'sehat', 'berkah']","['semoga', 'sehat', 'berkah']","['moga', 'sehat', 'berkah']",moga sehat berkah
7c247516-f989-4857-b051-53999ea9577c,sangat membantu saya,5,2026-07-22,23,Juli,positif,sangat membantu saya,sangat membantu saya,"['sangat', 'membantu', 'saya']","['sangat', 'membantu']","['sangat', 'membantu']","['sangat', 'bantu']",sangat bantu
7c3d005e-f555-4d32-9db6-48ca302a6240,"mudah di pahami dan sangat berguna, terima kasih",5,2026-06-18,20,Juni,positif,mudah di pahami dan sangat berguna terima kasih,mudah di pahami dan sangat berguna terima kasih,"['mudah', 'di', 'pahami', 'dan', 'sangat', 'berguna', 'terima', 'kasih']","['mudah', 'pahami', 'sangat', 'berguna', 'terima', 'kasih']","['mudah', 'pahami', 'sangat', 'berguna', 'terima', 'kasih']","['mudah', 'paham', 'sangat', 'guna', 'terima', 'kasih']",mudah paham sangat guna terima kasih
7c6def40-38b0-4dbf-8aa7-c87d18821a93,"aplikasi macam apa ini ?? bukannya memudahkan pasien malah makin menyulitkan. setiap kali mau daftar online selalu servernya down. ""Permintaan anda belum bisa diproses"" lah, ""anda sedang offline"" lah.. padahal sebenarnya jaringan juga sudah stabil dan lancar 👎👎👎",1,2026-07-06,9,Juli,negatif,aplikasi macam apa ini bukannya memudahkan pasien malah makin menyulitkan setiap kali mau daftar online selalu servernya down permintaan anda belum bisa diproses lah anda sedang offline lah padahal sebenarnya jaringan juga sudah stabil dan lancar,aplikasi macam apa ini bukannya memudahkan pasien malah makin menyulitkan setiap kali mau daftar daring selalu servernya down permintaan anda belum bisa diproses lah anda sedang luring lah padahal sebenarnya jaringan juga sudah stabil dan lancar,"['aplikasi', 'macam', 'apa', 'ini', 'bukannya', 'memudahkan', 'pasien', 'malah', 'makin', 'menyulitkan', 'setiap', 'kali', 'mau', 'daftar', 'daring', 'selalu', 'servernya', 'down', 'permintaan', 'anda', 'belum', 'bisa', 'diproses', 'lah', 'anda', 'sedang', 'luring', 'lah', 'padahal', 'sebenarnya', 'jaringan', 'juga', 'sudah', 'stabil', 'dan', 'lancar']","['aplikasi', 'macam', 'apa', 'bukannya', 'memudahkan', 'pasien', 'malah', 'makin', 'menyulitkan', 'kali', 'mau', 'daftar', 'daring', 'selalu', 'servernya', 'down', 'permintaan', 'diproses', 'lah', 'sedang', 'luring', 'lah', 'padahal', 'sebenarnya', 'jaringan', 'stabil', 'lancar']","['aplikasi', 'macam', 'apa', 'bukannya', 'memudahkan', 'pasien', 'malah', 'makin', 'menyulitkan', 'kali', 'mau', 'daftar', 'daring', 'selalu', 'servernya', 'down', 'permintaan', 'diproses', 'lah', 'sedang', 'luring', 'lah', 'padahal', 'sebenarnya', 'jaringan', 'stabil', 'lancar']","['aplikasi', 'macam', 'apa', 'bukan', 'mudah', 'pasien', 'malah', 'makin', 'sulit', 'kali', 'mau', 'daftar', 'daring', 'selalu', 'servernya', 'down', 'minta', 'proses', 'lah', 'sedang', 'luring', 'lah', 'padahal', 'benar', 'jaring', 'stabil', 'lancar']",aplikasi macam apa bukan mudah pasien malah makin sulit kali mau daftar daring selalu servernya down minta proses lah sedang luring lah padahal benar jaring stabil lancar
7cb5e747-b566-4091-85d3-1334c10c9bf8,cepat mudah bagus terpercaya,5,2026-08-26,17,Agustus,positif,cepat mudah bagus terpercaya,cepat mudah bagus terpercaya,"['cepat', 'mudah', 'bagus', 'terpercaya']","['cepat', 'mudah', 'bagus', 'terpercaya']","['cepat', 'mudah', 'bagus', 'terpercaya']","['cepat', 'mudah', 'bagus', 'percaya']",cepat mudah bagus percaya
7d227d65-9097-4954-8694-19572e928fab,ok mi,5,2026-08-12,14,Agustus,positif,ok mi,oke mi,"['oke', 'mi']","['oke', 'mi']","['oke', 'mi']","['oke', 'mi']",oke mi
7d4e8eef-7754-42f8-8aa5-77501acabf49,aplikasi menyusahkan......kalah sama aplikasi judol sama pinjol,1,2026-07-01,0,Juli,negatif,aplikasi menyusahkan kalah sama aplikasi judol sama pinjol,aplikasi menyusahkan kalah sama aplikasi judol sama pinjol,"['aplikasi', 'menyusahkan', 'kalah', 'sama', 'aplikasi', 'judol', 'sama', 'pinjol']","['aplikasi', 'menyusahkan', 'kalah', 'sama', 'aplikasi', 'judol', 'sama', 'pinjol']","['aplikasi', 'menyusahkan', 'kalah', 'sama', 'aplikasi', 'judol', 'sama', 'pinjol']","['aplikasi', 'susah', 'kalah', 'sama', 'aplikasi', 'judol', 'sama', 'pinjol']",aplikasi susah kalah sama aplikasi judol sama pinjol
7d4edf40-e9d5-46dd-804c-7e372ee6e232,"sedikit saran, jika pengguna diharuskan merubah data, alahkah baiknya semua bisa di lakukan melalui apk jkn mobile itu sendiri tanpa harus via whatsapp.",5,2026-08-30,10,Agustus,netral,sedikit saran jika pengguna diharuskan merubah data alahkah baiknya semua bisa di lakukan melalui apk jkn mobile itu sendiri tanpa harus via whatsapp,sedikit saran jika pengguna diharuskan mengubah data alahkah baiknya semua bisa di lakukan melalui aplikasi jkn mobile itu sendiri tanpa harus via whatsapp,"['sedikit', 'saran', 'jika', 'pengguna', 'diharuskan', 'mengubah', 'data', 'alahkah', 'baiknya', 'semua', 'bisa', 'di', 'lakukan', 'melalui', 'aplikasi', 'jkn', 'mobile', 'itu', 'sendiri', 'tanpa', 'harus', 'via', 'whatsapp']","['sedikit', 'saran', 'pengguna', 'diharuskan', 'mengubah', 'data', 'alahkah', 'baiknya', 'semua', 'lakukan', 'melalui', 'aplikasi', 'jkn', 'mobile', 'sendiri', 'via', 'whatsapp']","['sedikit', 'saran', 'pengguna', 'diharuskan', 'mengubah', 'data', 'alahkah', 'baiknya', 'semua', 'lakukan', 'melalui', 'aplikasi', 'jkn', 'mobile', 'sendiri', 'via', 'whatsapp']","['sedikit', 'saran', 'guna', 'harus', 'ubah', 'data', 'alahkah', 'baik', 'semua', 'laku', 'lalu', 'aplikasi', 'jkn', 'mobile', 'sendiri', 'via', 'whatsapp']",sedikit saran guna harus ubah data alahkah baik semua laku lalu aplikasi jkn mobile sendiri via whatsapp
7d9f31cd-d543-4f1f-b51a-3d3d8f09f63d,sangat memuaskan,5,2026-08-01,6,Agustus,positif,sangat memuaskan,sangat memuaskan,"['sangat', 'memuaskan']","['sangat', 'memuaskan']","['sangat', 'memuaskan']","['sangat', 'muas']",sangat muas
7db281ef-a425-4446-8b17-ec4fe44e7d62,wonderful,5,2026-06-18,7,Juni,positif,wonderful,sangat bagus,"['sangat', 'bagus']","['sangat', 'bagus']","['sangat', 'bagus']","['sangat', 'bagus']",sangat bagus
7dd371ae-880f-4a81-8cfc-24900867ebfd,bagus terstruktur tdk seperti MBG amburadul,5,2026-07-05,2,Juli,positif,bagus terstruktur tdk seperti mbg amburadul,bagus terstruktur tidak seperti mbg amburadul,"['bagus', 'terstruktur', 'tidak', 'seperti', 'mbg', 'amburadul']","['bagus', 'terstruktur', 'tidak', 'mbg', 'amburadul']","['bagus', 'terstruktur', 'tidak', 'tidak_mbg', 'amburadul']","['bagus', 'struktur', 'tidak', 'tidak_mbg', 'amburadul']",bagus struktur tidak tidak_mbg amburadul
7e270cfd-14d9-4690-bc42-a3061da3d844,beri notifikasi setiap 3/5 tahun untuk update diri dan keluarga,5,2026-07-21,9,Juli,netral,beri notifikasi setiap 3 5 tahun untuk update diri dan keluarga,beri notifikasi setiap 3 5 tahun untuk pembaruan diri dan keluarga,"['beri', 'notifikasi', 'setiap', '3', '5', 'tahun', 'untuk', 'pembaruan', 'diri', 'dan', 'keluarga']","['beri', 'notifikasi', '3', '5', 'tahun', 'pembaruan', 'diri', 'keluarga']","['beri', 'notifikasi', '3', '5', 'tahun', 'pembaruan', 'diri', 'keluarga']","['beri', 'notifikasi', '3', '5', 'tahun', 'baru', 'diri', 'keluarga']",beri notifikasi 3 5 tahun baru diri keluarga
7e7e39ab-2001-40e9-817f-4fa085607585,"Tidak ada pengganti untuk android verai 8.1.0, terlalu memaksakan, tidak semua rakyat indonesia punya hp bagus.",1,2026-08-11,1,Agustus,negatif,tidak ada pengganti untuk android verai 8 1 0 terlalu memaksakan tidak semua rakyat indonesia punya hp bagus,tidak ada pengganti untuk android versi 8 1 0 terlalu memaksakan tidak semua rakyat indonesia punya ponsel bagus,"['tidak', 'ada', 'pengganti', 'untuk', 'android', 'versi', '8', '1', '0', 'terlalu', 'memaksakan', 'tidak', 'semua', 'rakyat', 'indonesia', 'punya', 'ponsel', 'bagus']","['tidak', 'pengganti', 'android', 'versi', '8', '1', '0', 'terlalu', 'memaksakan', 'tidak', 'semua', 'rakyat', 'indonesia', 'punya', 'ponsel', 'bagus']","['tidak', 'tidak_pengganti', 'android', 'versi', '8', '1', '0', 'terlalu', 'memaksakan', 'tidak', 'tidak_semua', 'rakyat', 'indonesia', 'punya', 'ponsel', 'bagus']","['tidak', 'tidak_ganti', 'android', 'versi', '8', '1', '0', 'terlalu', 'paksa', 'tidak', 'tidak_semua', 'rakyat', 'indonesia', 'punya', 'ponsel', 'bagus']",tidak tidak_ganti android versi 8 1 0 terlalu paksa tidak tidak_semua rakyat indonesia punya ponsel bagus
7e801d4f-4af6-45eb-9c41-f5fd204a6e61,"TIDAK BISA MENDAFTAR ONLINE, KETERANGANNYA NO REKAM MEDIS TIDAJ TERDAFTAR PADAHAL SAYA SUDAH TERDAFTAR. TOLONG DIPERBAIKI SECEPATNYA",1,2026-08-14,20,Agustus,negatif,tidak bisa mendaftar online keterangannya no rekam medis tidaj terdaftar padahal saya sudah terdaftar tolong diperbaiki secepatnya,tidak bisa mendaftar daring keterangannya nomor rekam medis tidak terdaftar padahal saya sudah terdaftar tolong diperbaiki secepatnya,"['tidak', 'bisa', 'mendaftar', 'daring', 'keterangannya', 'nomor', 'rekam', 'medis', 'tidak', 'terdaftar', 'padahal', 'saya', 'sudah', 'terdaftar', 'tolong', 'diperbaiki', 'secepatnya']","['tidak', 'mendaftar', 'daring', 'keterangannya', 'nomor', 'rekam', 'medis', 'tidak', 'terdaftar', 'padahal', 'terdaftar', 'diperbaiki', 'secepatnya']","['tidak', 'tidak_mendaftar', 'daring', 'keterangannya', 'nomor', 'rekam', 'medis', 'tidak', 'tidak_terdaftar', 'padahal', 'terdaftar', 'diperbaiki', 'secepatnya']","['tidak', 'tidak_daftar', 'daring', 'terang', 'nomor', 'rekam', 'medis', 'tidak', 'tidak_daftar', 'padahal', 'daftar', 'perbaiki', 'cepat']",tidak tidak_daftar daring terang nomor rekam medis tidak tidak_daftar padahal daftar perbaiki cepat
7e9749dd-5f70-431b-9433-145a9c5eef0f,mudah2an lebih baik lagi dan mudah di akses,5,2026-07-14,16,Juli,netral,mudah2an lebih baik lagi dan mudah di akses,mudah2an lebih baik lagi dan mudah di akses,"['mudah2an', 'lebih', 'baik', 'lagi', 'dan', 'mudah', 'di', 'akses']","['mudah2an', 'lebih', 'baik', 'mudah', 'akses']","['mudah2an', 'lebih', 'baik', 'mudah', 'akses']","['mudah2an', 'lebih', 'baik', 'mudah', 'akses']",mudah2an lebih baik mudah akses
7ef2517b-220e-48a4-9ce9-571a6ca6990e,"sangat sangat membantu.,semoga tidak ada kendala..terima kasih👍👍👍👍👍🙏",5,2026-06-18,6,Juni,netral,sangat sangat membantu semoga tidak ada kendala terima kasih,sangat sangat membantu semoga tidak ada kendala terima kasih,"['sangat', 'sangat', 'membantu', 'semoga', 'tidak', 'ada', 'kendala', 'terima', 'kasih']","['sangat', 'sangat', 'membantu', 'semoga', 'tidak', 'kendala', 'terima', 'kasih']","['sangat', 'sangat', 'membantu', 'semoga', 'tidak', 'tidak_kendala', 'terima', 'kasih']","['sangat', 'sangat', 'bantu', 'moga', 'tidak', 'tidak_kendala', 'terima', 'kasih']",sangat sangat bantu moga tidak tidak_kendala terima kasih
7f00331d-8173-4029-ac15-ea05c9740e95,JELEK BANGET!!!!!! UDAH PAKE WIFI MASIH GABISA BUKA DATA KEPESERTAAN👎🏻 MALAH MUNCUL PERIKSA KONEKSI INTERNET ANDA.,1,2026-08-18,3,Agustus,negatif,jelek banget udah pake wifi masih gabisa buka data kepesertaan malah muncul periksa koneksi internet anda,jelek sangat sudah pakai wifi masih tidak bisa buka data kepesertaan malah muncul periksa koneksi internet anda,"['jelek', 'sangat', 'sudah', 'pakai', 'wifi', 'masih', 'tidak', 'bisa', 'buka', 'data', 'kepesertaan', 'malah', 'muncul', 'periksa', 'koneksi', 'internet', 'anda']","['jelek', 'sangat', 'pakai', 'wifi', 'tidak', 'buka', 'data', 'kepesertaan', 'malah', 'muncul', 'periksa', 'koneksi', 'internet']","['jelek', 'sangat', 'pakai', 'wifi', 'tidak', 'tidak_buka', 'data', 'kepesertaan', 'malah', 'muncul', 'periksa', 'koneksi', 'internet']","['jelek', 'sangat', 'pakai', 'wifi', 'tidak', 'tidak_buka', 'data', 'serta', 'malah', 'muncul', 'periksa', 'koneksi', 'internet']",jelek sangat pakai wifi tidak tidak_buka data serta malah muncul periksa koneksi internet
7f06f5cc-d51b-48bf-a76f-f99024d2ca45,"Apk gk jelas, dh bikin akun dh lama sgala macem suruh login lagi masukin captcha dh bner disalahin terus pas buat antrian mo berobat dh ngisi data tetep gk bisa daftar gimana coba",1,2026-08-26,7,Agustus,negatif,apk gk jelas dh bikin akun dh lama sgala macem suruh login lagi masukin captcha dh bner disalahin terus pas buat antrian mo berobat dh ngisi data tetep gk bisa daftar gimana coba,aplikasi tidak jelas sudah membuat akun sudah lama segala macam menyuruh login lagi masukkan captcha sudah benar disalahkan terus pas buat antrean mau berobat sudah mengisi data tetap tidak bisa daftar bagaimana coba,"['aplikasi', 'tidak', 'jelas', 'sudah', 'membuat', 'akun', 'sudah', 'lama', 'segala', 'macam', 'menyuruh', 'login', 'lagi', 'masukkan', 'captcha', 'sudah', 'benar', 'disalahkan', 'terus', 'pas', 'buat', 'antrean', 'mau', 'berobat', 'sudah', 'mengisi', 'data', 'tetap', 'tidak', 'bisa', 'daftar', 'bagaimana', 'coba']","['aplikasi', 'tidak', 'jelas', 'membuat', 'akun', 'lama', 'segala', 'macam', 'menyuruh', 'login', 'masukkan', 'captcha', 'benar', 'disalahkan', 'terus', 'pas', 'buat', 'antrean', 'mau', 'berobat', 'mengisi', 'data', 'tetap', 'tidak', 'daftar', 'bagaimana', 'coba']","['aplikasi', 'tidak', 'tidak_jelas', 'membuat', 'akun', 'lama', 'segala', 'macam', 'menyuruh', 'login', 'masukkan', 'captcha', 'benar', 'disalahkan', 'terus', 'pas', 'buat', 'antrean', 'mau', 'berobat', 'mengisi', 'data', 'tetap', 'tidak', 'tidak_daftar', 'bagaimana', 'coba']","['aplikasi', 'tidak', 'tidak_jelas', 'buat', 'akun', 'lama', 'segala', 'macam', 'suruh', 'login', 'masuk', 'captcha', 'benar', 'salah', 'terus', 'pas', 'buat', 'antre', 'mau', 'obat', 'isi', 'data', 'tetap', 'tidak', 'tidak_daftar', 'bagaimana', 'coba']",aplikasi tidak tidak_jelas buat akun lama segala macam suruh login masuk captcha benar salah terus pas buat antre mau obat isi data tetap tidak tidak_daftar bagaimana coba
7f17bcc0-1679-423a-a74c-915fdd1d1133,Bismillahirrahmanirrahim dg jkn sehat selalu,5,2026-08-22,8,Agustus,netral,bismillahirrahmanirrahim dg jkn sehat selalu,bismillahirrahmanirrahim dengan jkn sehat selalu,"['bismillahirrahmanirrahim', 'dengan', 'jkn', 'sehat', 'selalu']","['bismillahirrahmanirrahim', 'jkn', 'sehat', 'selalu']","['bismillahirrahmanirrahim', 'jkn', 'sehat', 'selalu']","['bismillahirrahmanirrahim', 'jkn', 'sehat', 'selalu']",bismillahirrahmanirrahim jkn sehat selalu
7f520206-c1fb-40af-84e5-8ee3cc021abd,"mantap, alhamdulillah",5,2026-06-11,19,Juni,positif,mantap alhamdulillah,mantap alhamdulillah,"['mantap', 'alhamdulillah']","['mantap', 'alhamdulillah']","['mantap', 'alhamdulillah']","['mantap', 'alhamdulillah']",mantap alhamdulillah
7f7bdf60-235c-4e43-af44-5894e6d778f8,"aplikasi ini sangat membatu,, terima kasih",5,2026-07-23,17,Juli,positif,aplikasi ini sangat membatu terima kasih,aplikasi ini sangat membantu terima kasih,"['aplikasi', 'ini', 'sangat', 'membantu', 'terima', 'kasih']","['aplikasi', 'sangat', 'membantu', 'terima', 'kasih']","['aplikasi', 'sangat', 'membantu', 'terima', 'kasih']","['aplikasi', 'sangat', 'bantu', 'terima', 'kasih']",aplikasi sangat bantu terima kasih
7f9ffa56-cdba-4da4-b319-630904784c7c,ok,5,2026-06-18,7,Juni,positif,ok,oke,['oke'],['oke'],['oke'],['oke'],oke
7fa8b538-aaa9-4eb4-8da6-0360e88706c3,dapat antrian lebih awal,5,2026-08-26,5,Agustus,netral,dapat antrian lebih awal,dapat antrean lebih awal,"['dapat', 'antrean', 'lebih', 'awal']","['antrean', 'lebih', 'awal']","['antrean', 'lebih', 'awal']","['antre', 'lebih', 'awal']",antre lebih awal
803b9813-6098-4995-b8cf-e6d39f56d3d2,jelek g ngebantu,1,2026-07-29,16,Juli,negatif,jelek g ngebantu,jelek tidak membantu,"['jelek', 'tidak', 'membantu']","['jelek', 'tidak', 'membantu']","['jelek', 'tidak', 'tidak_membantu']","['jelek', 'tidak', 'tidak_bantu']",jelek tidak tidak_bantu
804258c1-ab70-4047-96d9-c740d6614998,mau masuk aja susah bgt ada masalah terus padahal nik dan sandi sudah benar,1,2026-08-25,15,Agustus,negatif,mau masuk aja susah bgt ada masalah terus padahal nik dan sandi sudah benar,mau masuk saja susah sangat ada masalah terus padahal nik dan sandi sudah benar,"['mau', 'masuk', 'saja', 'susah', 'sangat', 'ada', 'masalah', 'terus', 'padahal', 'nik', 'dan', 'sandi', 'sudah', 'benar']","['mau', 'masuk', 'susah', 'sangat', 'masalah', 'terus', 'padahal', 'nik', 'sandi', 'benar']","['mau', 'masuk', 'susah', 'sangat', 'masalah', 'terus', 'padahal', 'nik', 'sandi', 'benar']","['mau', 'masuk', 'susah', 'sangat', 'masalah', 'terus', 'padahal', 'nik', 'sandi', 'benar']",mau masuk susah sangat masalah terus padahal nik sandi benar
80628620-4061-4872-a72f-54411d75cee2,lanjutkan,5,2026-06-21,12,Juni,netral,lanjutkan,lanjutkan,['lanjutkan'],['lanjutkan'],['lanjutkan'],['lanjut'],lanjut
80e83629-1c74-4d2c-af64-ba0d8fd64d81,pelayanan mantap,5,2026-06-16,8,Juni,positif,pelayanan mantap,pelayanan mantap,"['pelayanan', 'mantap']","['pelayanan', 'mantap']","['pelayanan', 'mantap']","['layan', 'mantap']",layan mantap
81456401-17cd-455c-acba-d2daf83f54c4,saya ingin bisa mendonwlod aplikasi ini,5,2026-07-16,7,Juli,netral,saya ingin bisa mendonwlod aplikasi ini,saya ingin bisa mendonwlod aplikasi ini,"['saya', 'ingin', 'bisa', 'mendonwlod', 'aplikasi', 'ini']","['mendonwlod', 'aplikasi']","['mendonwlod', 'aplikasi']","['mendonwlod', 'aplikasi']",mendonwlod aplikasi
8178498b-23f1-4fbb-b1db-56aa080ee933,sangat mudah di gunakan,5,2026-06-17,14,Juni,positif,sangat mudah di gunakan,sangat mudah digunakan,"['sangat', 'mudah', 'digunakan']","['sangat', 'mudah', 'digunakan']","['sangat', 'mudah', 'digunakan']","['sangat', 'mudah', 'guna']",sangat mudah guna
81ecd141-d6c0-48a1-849d-405af5a8a01b,semua jadi mudah dirumah,5,2026-07-10,21,Juli,positif,semua jadi mudah dirumah,semua jadi mudah di rumah,"['semua', 'jadi', 'mudah', 'di', 'rumah']","['semua', 'jadi', 'mudah', 'rumah']","['semua', 'jadi', 'mudah', 'rumah']","['semua', 'jadi', 'mudah', 'rumah']",semua jadi mudah rumah
81f2608d-7968-414c-bbf4-b51458afc235,Aplikasi kentang🗿,1,2026-08-04,7,Agustus,negatif,aplikasi kentang,aplikasi kentang,"['aplikasi', 'kentang']","['aplikasi', 'kentang']","['aplikasi', 'kentang']","['aplikasi', 'kentang']",aplikasi kentang
822e25a5-34f7-48bc-bc49-36a1fa5998ee,sangat berguna dan mudah di gunakan,5,2026-07-18,14,Juli,positif,sangat berguna dan mudah di gunakan,sangat berguna dan mudah digunakan,"['sangat', 'berguna', 'dan', 'mudah', 'digunakan']","['sangat', 'berguna', 'mudah', 'digunakan']","['sangat', 'berguna', 'mudah', 'digunakan']","['sangat', 'guna', 'mudah', 'guna']",sangat guna mudah guna
830c7ce3-562b-4704-b002-a7888b0cb21a,"apk nya tolong perbaiki dari segi daftar akun dan scan wajah, kalo bisa jangan mirror kamera nya agar lebih mudah.",1,2026-08-19,17,Agustus,netral,apk nya tolong perbaiki dari segi daftar akun dan scan wajah kalo bisa jangan mirror kamera nya agar lebih mudah,aplikasi nya tolong perbaiki dari segi daftar akun dan pindai wajah kalau bisa jangan mirror kamera nya agar lebih mudah,"['aplikasi', 'nya', 'tolong', 'perbaiki', 'dari', 'segi', 'daftar', 'akun', 'dan', 'pindai', 'wajah', 'kalau', 'bisa', 'jangan', 'mirror', 'kamera', 'nya', 'agar', 'lebih', 'mudah']","['aplikasi', 'perbaiki', 'segi', 'daftar', 'akun', 'pindai', 'wajah', 'kalau', 'jangan', 'mirror', 'kamera', 'lebih', 'mudah']","['aplikasi', 'perbaiki', 'segi', 'daftar', 'akun', 'pindai', 'wajah', 'kalau', 'jangan', 'mirror', 'kamera', 'lebih', 'mudah']","['aplikasi', 'perbaiki', 'segi', 'daftar', 'akun', 'pindai', 'wajah', 'kalau', 'jangan', 'mirror', 'kamera', 'lebih', 'mudah']",aplikasi perbaiki segi daftar akun pindai wajah kalau jangan mirror kamera lebih mudah
8314fbc3-d58d-4a3e-b93e-7b632da23bb1,"aps sampah, banyak eror",1,2026-07-04,16,Juli,negatif,aps sampah banyak eror,aplikasi sampah banyak error,"['aplikasi', 'sampah', 'banyak', 'error']","['aplikasi', 'sampah', 'banyak', 'error']","['aplikasi', 'sampah', 'banyak', 'error']","['aplikasi', 'sampah', 'banyak', 'error']",aplikasi sampah banyak error
833a8735-474f-41fa-a95d-16fbf0c0e483,bagus,4,2026-07-09,9,Juli,positif,bagus,bagus,['bagus'],['bagus'],['bagus'],['bagus'],bagus
837b117d-868d-4543-b950-575ac3afbf46,aplikasi makin jelek nyusahin doang,1,2026-06-30,22,Juni,negatif,aplikasi makin jelek nyusahin doang,aplikasi makin jelek menyusahkan saja,"['aplikasi', 'makin', 'jelek', 'menyusahkan', 'saja']","['aplikasi', 'makin', 'jelek', 'menyusahkan']","['aplikasi', 'makin', 'jelek', 'menyusahkan']","['aplikasi', 'makin', 'jelek', 'susah']",aplikasi makin jelek susah
838a03dd-ae94-4d1f-a147-98b6e4a57591,susah bgt mau daftar nya,1,2026-08-07,15,Agustus,negatif,susah bgt mau daftar nya,susah sangat mau daftar nya,"['susah', 'sangat', 'mau', 'daftar', 'nya']","['susah', 'sangat', 'mau', 'daftar']","['susah', 'sangat', 'mau', 'daftar']","['susah', 'sangat', 'mau', 'daftar']",susah sangat mau daftar
83a846c5-0599-4465-b7f3-c9efc202f833,Oh saya nnti bsok baru,4,2026-06-16,9,Juni,netral,oh saya nnti bsok baru,oh saya nanti bsok baru,"['oh', 'saya', 'nanti', 'bsok', 'baru']","['bsok', 'baru']","['bsok', 'baru']","['bsok', 'baru']",bsok baru
83c54cd0-c3bc-4963-8ffc-97498f6ff138,bagus,3,2026-08-10,17,Agustus,positif,bagus,bagus,['bagus'],['bagus'],['bagus'],['bagus'],bagus
84353d35-6f6a-4088-b58c-d807dbdca22c,jujur sangat mengecewakan apk ini di pakai saat butuh malah error orang sakit bukannya di permudah malah di persulit oleh apk,5,2026-06-08,12,Juni,negatif,jujur sangat mengecewakan apk ini di pakai saat butuh malah error orang sakit bukannya di permudah malah di persulit oleh apk,jujur sangat mengecewakan aplikasi ini dipakai saat butuh malah error orang sakit bukannya dipermudah malah dipersulit oleh aplikasi,"['jujur', 'sangat', 'mengecewakan', 'aplikasi', 'ini', 'dipakai', 'saat', 'butuh', 'malah', 'error', 'orang', 'sakit', 'bukannya', 'dipermudah', 'malah', 'dipersulit', 'oleh', 'aplikasi']","['jujur', 'sangat', 'mengecewakan', 'aplikasi', 'dipakai', 'butuh', 'malah', 'error', 'orang', 'sakit', 'bukannya', 'dipermudah', 'malah', 'dipersulit', 'aplikasi']","['jujur', 'sangat', 'mengecewakan', 'aplikasi', 'dipakai', 'butuh', 'malah', 'error', 'orang', 'sakit', 'bukannya', 'dipermudah', 'malah', 'dipersulit', 'aplikasi']","['jujur', 'sangat', 'kecewa', 'aplikasi', 'pakai', 'butuh', 'malah', 'error', 'orang', 'sakit', 'bukan', 'mudah', 'malah', 'sulit', 'aplikasi']",jujur sangat kecewa aplikasi pakai butuh malah error orang sakit bukan mudah malah sulit aplikasi
8450e359-eb58-4169-bb09-3a224a400f9c,"nih yah, kalau verifikasi pas registrasi harusnya satu kali aja udh cukup, opsinya nomor telepon atau email, masa verifikasi email udh ok, pas mau masukin nomor telpon harus verifikasi lagi, mending kalau berhasil, nyatanya gagal dan nyuruh coba lagi nanti terus, baiknya kalau email udh ok, nomor telepon boleh di tulis tanpa verifikasi, atau sebaliknya, ribet amat, trus yah, masa registrasi harus nunggu hari kerja, ini aplikasi enggk ada bedanya sama kegiatan offline",2,2026-06-16,17,Juni,negatif,nih yah kalau verifikasi pas registrasi harusnya satu kali aja udh cukup opsinya nomor telepon atau email masa verifikasi email udh ok pas mau masukin nomor telpon harus verifikasi lagi mending kalau berhasil nyatanya gagal dan nyuruh coba lagi nanti terus baiknya kalau email udh ok nomor telepon boleh di tulis tanpa verifikasi atau sebaliknya ribet amat trus yah masa registrasi harus nunggu hari kerja ini aplikasi enggk ada bedanya sama kegiatan offline,ini ya kalau verifikasi pas registrasi seharusnya satu kali saja sudah cukup opsinya nomor telepon atau email masa verifikasi email sudah oke pas mau masukkan nomor telepon harus verifikasi lagi lebih baik kalau berhasil nyatanya gagal dan menyuruh coba lagi nanti terus baiknya kalau email sudah oke nomor telepon boleh di tulis tanpa verifikasi atau sebaliknya rumit amat terus ya masa registrasi harus menunggu hari kerja ini aplikasi tidak ada bedanya sama kegiatan luring,"['ini', 'ya', 'kalau', 'verifikasi', 'pas', 'registrasi', 'seharusnya', 'satu', 'kali', 'saja', 'sudah', 'cukup', 'opsinya', 'nomor', 'telepon', 'atau', 'email', 'masa', 'verifikasi', 'email', 'sudah', 'oke', 'pas', 'mau', 'masukkan', 'nomor', 'telepon', 'harus', 'verifikasi', 'lagi', 'lebih', 'baik', 'kalau', 'berhasil', 'nyatanya', 'gagal', 'dan', 'menyuruh', 'coba', 'lagi', 'nanti', 'terus', 'baiknya', 'kalau', 'email', 'sudah', 'oke', 'nomor', 'telepon', 'boleh', 'di', 'tulis', 'tanpa', 'verifikasi', 'atau', 'sebaliknya', 'rumit', 'amat', 'terus', 'ya', 'masa', 'registrasi', 'harus', 'menunggu', 'hari', 'kerja', 'ini', 'aplikasi', 'tidak', 'ada', 'bedanya', 'sama', 'kegiatan', 'luring']","['kalau', 'verifikasi', 'pas', 'registrasi', 'satu', 'kali', 'cukup', 'opsinya', 'nomor', 'telepon', 'email', 'masa', 'verifikasi', 'email', 'oke', 'pas', 'mau', 'masukkan', 'nomor', 'telepon', 'verifikasi', 'lebih', 'baik', 'kalau', 'berhasil', 'nyatanya', 'gagal', 'menyuruh', 'coba', 'terus', 'baiknya', 'kalau', 'email', 'oke', 'nomor', 'telepon', 'tulis', 'verifikasi', 'sebaliknya', 'rumit', 'terus', 'masa', 'registrasi', 'menunggu', 'hari', 'kerja', 'aplikasi', 'tidak', 'bedanya', 'sama', 'kegiatan', 'luring']","['kalau', 'verifikasi', 'pas', 'registrasi', 'satu', 'kali', 'cukup', 'opsinya', 'nomor', 'telepon', 'email', 'masa', 'verifikasi', 'email', 'oke', 'pas', 'mau', 'masukkan', 'nomor', 'telepon', 'verifikasi', 'lebih', 'baik', 'kalau', 'berhasil', 'nyatanya', 'gagal', 'menyuruh', 'coba', 'terus', 'baiknya', 'kalau', 'email', 'oke', 'nomor', 'telepon', 'tulis', 'verifikasi', 'sebaliknya', 'rumit', 'terus', 'masa', 'registrasi', 'menunggu', 'hari', 'kerja', 'aplikasi', 'tidak', 'tidak_bedanya', 'sama', 'kegiatan', 'luring']","['kalau', 'verifikasi', 'pas', 'registrasi', 'satu', 'kali', 'cukup', 'opsi', 'nomor', 'telepon', 'email', 'masa', 'verifikasi', 'email', 'oke', 'pas', 'mau', 'masuk', 'nomor', 'telepon', 'verifikasi', 'lebih', 'baik', 'kalau', 'hasil', 'nyata', 'gagal', 'suruh', 'coba', 'terus', 'baik', 'kalau', 'email', 'oke', 'nomor', 'telepon', 'tulis', 'verifikasi', 'balik', 'rumit', 'terus', 'masa', 'registrasi', 'tunggu', 'hari', 'kerja', 'aplikasi', 'tidak', 'tidak_beda', 'sama', 'giat', 'luring']",kalau verifikasi pas registrasi satu kali cukup opsi nomor telepon email masa verifikasi email oke pas mau masuk nomor telepon verifikasi lebih baik kalau hasil nyata gagal suruh coba terus baik kalau email oke nomor telepon tulis verifikasi balik rumit terus masa registrasi tunggu hari kerja aplikasi tidak tidak_beda sama giat luring
8458bbc6-0ef0-4a3b-8d84-6fe3791215ce,mantap memudahkan masyarakat mendapatkan pelayanan kesehatan,5,2026-08-14,8,Agustus,positif,mantap memudahkan masyarakat mendapatkan pelayanan kesehatan,mantap memudahkan masyarakat mendapatkan pelayanan kesehatan,"['mantap', 'memudahkan', 'masyarakat', 'mendapatkan', 'pelayanan', 'kesehatan']","['mantap', 'memudahkan', 'masyarakat', 'mendapatkan', 'pelayanan', 'kesehatan']","['mantap', 'memudahkan', 'masyarakat', 'mendapatkan', 'pelayanan', 'kesehatan']","['mantap', 'mudah', 'masyarakat', 'dapat', 'layan', 'sehat']",mantap mudah masyarakat dapat layan sehat
845c3e14-d41e-49ea-8f88-d1afe7df8e81,sangat sangat membantu sekali,5,2026-07-29,12,Juli,positif,sangat sangat membantu sekali,sangat sangat membantu sekali,"['sangat', 'sangat', 'membantu', 'sekali']","['sangat', 'sangat', 'membantu', 'sekali']","['sangat', 'sangat', 'membantu', 'sekali']","['sangat', 'sangat', 'bantu', 'sekali']",sangat sangat bantu sekali
84687969-a123-40ca-a9e8-6dfb3a2acb57,Baru daftar dan mudah digunakan aplikasinya,5,2026-08-30,21,Agustus,positif,baru daftar dan mudah digunakan aplikasinya,baru daftar dan mudah digunakan aplikasinya,"['baru', 'daftar', 'dan', 'mudah', 'digunakan', 'aplikasinya']","['baru', 'daftar', 'mudah', 'digunakan', 'aplikasinya']","['baru', 'daftar', 'mudah', 'digunakan', 'aplikasinya']","['baru', 'daftar', 'mudah', 'guna', 'aplikasi']",baru daftar mudah guna aplikasi
84844405-e579-4814-a087-e5ba2a1d8823,terus berikan yg terbaik,5,2026-07-23,8,Juli,positif,terus berikan yg terbaik,terus berikan yang terbaik,"['terus', 'berikan', 'yang', 'terbaik']","['terus', 'berikan', 'terbaik']","['terus', 'berikan', 'terbaik']","['terus', 'ikan', 'baik']",terus ikan baik
84f71574-0557-4dfc-9bc1-8e754265f05a,tingkat kan pelayanan yg lebih baik untuk masyarakat,5,2026-07-21,9,Juli,netral,tingkat kan pelayanan yg lebih baik untuk masyarakat,tingkat kan pelayanan yang lebih baik untuk masyarakat,"['tingkat', 'kan', 'pelayanan', 'yang', 'lebih', 'baik', 'untuk', 'masyarakat']","['tingkat', 'kan', 'pelayanan', 'lebih', 'baik', 'masyarakat']","['tingkat', 'kan', 'pelayanan', 'lebih', 'baik', 'masyarakat']","['tingkat', 'kan', 'layan', 'lebih', 'baik', 'masyarakat']",tingkat kan layan lebih baik masyarakat
85071157-5eee-4fb2-b536-640a62b5e425,aplikasi ga guna,1,2026-08-21,20,Agustus,negatif,aplikasi ga guna,aplikasi tidak berguna,"['aplikasi', 'tidak', 'berguna']","['aplikasi', 'tidak', 'berguna']","['aplikasi', 'tidak', 'tidak_berguna']","['aplikasi', 'tidak', 'tidak_guna']",aplikasi tidak tidak_guna
85539da4-73d9-42b4-aabb-ed0a3849a60d,tolong login sudah 4 nik berbeda bisa di buka lagi,5,2026-06-28,15,Juni,negatif,tolong login sudah 4 nik berbeda bisa di buka lagi,tolong login sudah 4 nik berbeda bisa dibuka lagi,"['tolong', 'login', 'sudah', '4', 'nik', 'berbeda', 'bisa', 'dibuka', 'lagi']","['login', '4', 'nik', 'berbeda', 'dibuka']","['login', '4', 'nik', 'berbeda', 'dibuka']","['login', '4', 'nik', 'beda', 'buka']",login 4 nik beda buka
855a3e90-5467-4e9c-a2d7-7f1b068d76e2,bagus,5,2026-06-01,4,Juni,positif,bagus,bagus,['bagus'],['bagus'],['bagus'],['bagus'],bagus
858520b6-ef2c-4c5f-a906-afa720f1823b,sangat super duper merepotkan rakyat Indonesia inalillahi wa innailaihi rojiun,1,2026-08-05,8,Agustus,negatif,sangat super duper merepotkan rakyat indonesia inalillahi wa innailaihi rojiun,sangat super duper merepotkan rakyat indonesia inalillahi whatsapp innailaihi rojiun,"['sangat', 'super', 'duper', 'merepotkan', 'rakyat', 'indonesia', 'inalillahi', 'whatsapp', 'innailaihi', 'rojiun']","['sangat', 'super', 'duper', 'merepotkan', 'rakyat', 'indonesia', 'inalillahi', 'whatsapp', 'innailaihi', 'rojiun']","['sangat', 'super', 'duper', 'merepotkan', 'rakyat', 'indonesia', 'inalillahi', 'whatsapp', 'innailaihi', 'rojiun']","['sangat', 'super', 'duper', 'repot', 'rakyat', 'indonesia', 'inalillahi', 'whatsapp', 'innailaihi', 'rojiun']",sangat super duper repot rakyat indonesia inalillahi whatsapp innailaihi rojiun
8595b620-ddaf-4323-abd6-709612b20a08,mantaaabb,5,2026-06-11,14,Juni,positif,mantaaabb,mantap,['mantap'],['mantap'],['mantap'],['mantap'],mantap
859764cc-90a7-4043-bf42-82cab11fa3f5,sangat membantu,5,2026-06-24,13,Juni,positif,sangat membantu,sangat membantu,"['sangat', 'membantu']","['sangat', 'membantu']","['sangat', 'membantu']","['sangat', 'bantu']",sangat bantu
85a3c8e0-4335-459e-992b-e978a6d96f89,mantap dan sangat membantu,5,2026-06-18,6,Juni,positif,mantap dan sangat membantu,mantap dan sangat membantu,"['mantap', 'dan', 'sangat', 'membantu']","['mantap', 'sangat', 'membantu']","['mantap', 'sangat', 'membantu']","['mantap', 'sangat', 'bantu']",mantap sangat bantu
85dd1f20-2151-4c37-a01d-eb4789ee400e,Makasih iya,5,2026-08-24,14,Agustus,positif,makasih iya,terima kasih iya,"['terima', 'kasih', 'iya']","['terima', 'kasih', 'iya']","['terima', 'kasih', 'iya']","['terima', 'kasih', 'iya']",terima kasih iya
860f890f-fd34-431b-80e7-c9d0c79a636b,bagus,5,2026-08-10,18,Agustus,positif,bagus,bagus,['bagus'],['bagus'],['bagus'],['bagus'],bagus
8632d8f7-e761-43e8-810d-f3a0e49f672f,gabisa login berkali kali susah jirr apk busuk menyusahkan orang mau berobat sampai mau pingsan hrs daftar online dlu pemerintah stress,1,2026-08-03,11,Agustus,negatif,gabisa login berkali kali susah jirr apk busuk menyusahkan orang mau berobat sampai mau pingsan hrs daftar online dlu pemerintah stress,tidak bisa login berkali kali susah anjing aplikasi busuk menyusahkan orang mau berobat sampai mau pingsan harus daftar daring dulu pemerintah stres,"['tidak', 'bisa', 'login', 'berkali', 'kali', 'susah', 'anjing', 'aplikasi', 'busuk', 'menyusahkan', 'orang', 'mau', 'berobat', 'sampai', 'mau', 'pingsan', 'harus', 'daftar', 'daring', 'dulu', 'pemerintah', 'stres']","['tidak', 'login', 'berkali', 'kali', 'susah', 'anjing', 'aplikasi', 'busuk', 'menyusahkan', 'orang', 'mau', 'berobat', 'mau', 'pingsan', 'daftar', 'daring', 'dulu', 'pemerintah', 'stres']","['tidak', 'tidak_login', 'berkali', 'kali', 'susah', 'anjing', 'aplikasi', 'busuk', 'menyusahkan', 'orang', 'mau', 'berobat', 'mau', 'pingsan', 'daftar', 'daring', 'dulu', 'pemerintah', 'stres']","['tidak', 'tidak_login', 'kali', 'kali', 'susah', 'anjing', 'aplikasi', 'busuk', 'susah', 'orang', 'mau', 'obat', 'mau', 'pingsan', 'daftar', 'daring', 'dulu', 'perintah', 'stres']",tidak tidak_login kali kali susah anjing aplikasi busuk susah orang mau obat mau pingsan daftar daring dulu perintah stres
86947b3b-bf53-43c8-a38d-e541d59d5397,"tolong di perbaiki untuk yang baru daftar tidak masuk masuk kode otp nya!! verifikasi wajah juga eror, udah ganti nomor telp semua aktif tetap tidak dapat kode otp sedangkan semua di suruh ambil antrian online tolong di perbaiki saya tidak bisa menggunakan aplikasi sangat sulit !!",1,2026-08-15,15,Agustus,negatif,tolong di perbaiki untuk yang baru daftar tidak masuk masuk kode otp nya verifikasi wajah juga eror udah ganti nomor telp semua aktif tetap tidak dapat kode otp sedangkan semua di suruh ambil antrian online tolong di perbaiki saya tidak bisa menggunakan aplikasi sangat sulit,tolong diperbaiki untuk yang baru daftar tidak masuk kode otp nya verifikasi wajah juga error sudah ganti nomor telepon semua aktif tetap tidak dapat kode otp sedangkan semua disuruh ambil antrean daring tolong diperbaiki saya tidak bisa menggunakan aplikasi sangat sulit,"['tolong', 'diperbaiki', 'untuk', 'yang', 'baru', 'daftar', 'tidak', 'masuk', 'kode', 'otp', 'nya', 'verifikasi', 'wajah', 'juga', 'error', 'sudah', 'ganti', 'nomor', 'telepon', 'semua', 'aktif', 'tetap', 'tidak', 'dapat', 'kode', 'otp', 'sedangkan', 'semua', 'disuruh', 'ambil', 'antrean', 'daring', 'tolong', 'diperbaiki', 'saya', 'tidak', 'bisa', 'menggunakan', 'aplikasi', 'sangat', 'sulit']","['diperbaiki', 'baru', 'daftar', 'tidak', 'masuk', 'kode', 'otp', 'verifikasi', 'wajah', 'error', 'ganti', 'nomor', 'telepon', 'semua', 'aktif', 'tetap', 'tidak', 'kode', 'otp', 'semua', 'disuruh', 'ambil', 'antrean', 'daring', 'diperbaiki', 'tidak', 'menggunakan', 'aplikasi', 'sangat', 'sulit']","['diperbaiki', 'baru', 'daftar', 'tidak', 'tidak_masuk', 'kode', 'otp', 'verifikasi', 'wajah', 'error', 'ganti', 'nomor', 'telepon', 'semua', 'aktif', 'tetap', 'tidak', 'tidak_kode', 'otp', 'semua', 'disuruh', 'ambil', 'antrean', 'daring', 'diperbaiki', 'tidak', 'tidak_menggunakan', 'aplikasi', 'sangat', 'sulit']","['perbaiki', 'baru', 'daftar', 'tidak', 'tidak_masuk', 'kode', 'otp', 'verifikasi', 'wajah', 'error', 'ganti', 'nomor', 'telepon', 'semua', 'aktif', 'tetap', 'tidak', 'tidak_kode', 'otp', 'semua', 'suruh', 'ambil', 'antre', 'daring', 'perbaiki', 'tidak', 'tidak_guna', 'aplikasi', 'sangat', 'sulit']",perbaiki baru daftar tidak tidak_masuk kode otp verifikasi wajah error ganti nomor telepon semua aktif tetap tidak tidak_kode otp semua suruh ambil antre daring perbaiki tidak tidak_guna aplikasi sangat sulit
86d3ac93-5ea6-409e-be53-e37a4c61acad,"gak ngerti lagi sama apk ini,masa ngirim kode otp pke nomer yg msh aktif di hp ga ke krim trus,trus aku coba pek hp ortu pke nomer ortu tetep ga msuk otp nya ini mksdnya apasi???bnrin dong tolong nnti kalo udh bnr aku ksih bintang 5",1,2026-06-05,21,Juni,negatif,gak ngerti lagi sama apk ini masa ngirim kode otp pke nomer yg msh aktif di hp ga ke krim trus trus aku coba pek hp ortu pke nomer ortu tetep ga msuk otp nya ini mksdnya apasi bnrin dong tolong nnti kalo udh bnr aku ksih bintang 5,tidak mengerti lagi sama aplikasi ini masa mengirim kode otp pakai nomor yang masih aktif di ponsel tidak terkirim terus terus aku coba pakai ponsel orang tua pakai nomor orang tua tetap tidak masuk otp nya ini maksudnya apa sih memperbaiki dong tolong nanti kalau sudah benar aku beri bintang 5,"['tidak', 'mengerti', 'lagi', 'sama', 'aplikasi', 'ini', 'masa', 'mengirim', 'kode', 'otp', 'pakai', 'nomor', 'yang', 'masih', 'aktif', 'di', 'ponsel', 'tidak', 'terkirim', 'terus', 'terus', 'aku', 'coba', 'pakai', 'ponsel', 'orang', 'tua', 'pakai', 'nomor', 'orang', 'tua', 'tetap', 'tidak', 'masuk', 'otp', 'nya', 'ini', 'maksudnya', 'apa', 'sih', 'memperbaiki', 'dong', 'tolong', 'nanti', 'kalau', 'sudah', 'benar', 'aku', 'beri', 'bintang', '5']","['tidak', 'mengerti', 'sama', 'aplikasi', 'masa', 'mengirim', 'kode', 'otp', 'pakai', 'nomor', 'aktif', 'ponsel', 'tidak', 'terkirim', 'terus', 'terus', 'aku', 'coba', 'pakai', 'ponsel', 'orang', 'tua', 'pakai', 'nomor', 'orang', 'tua', 'tetap', 'tidak', 'masuk', 'otp', 'maksudnya', 'apa', 'sih', 'memperbaiki', 'dong', 'kalau', 'benar', 'aku', 'beri', 'bintang', '5']","['tidak', 'tidak_mengerti', 'sama', 'aplikasi', 'masa', 'mengirim', 'kode', 'otp', 'pakai', 'nomor', 'aktif', 'ponsel', 'tidak', 'tidak_terkirim', 'terus', 'terus', 'aku', 'coba', 'pakai', 'ponsel', 'orang', 'tua', 'pakai', 'nomor', 'orang', 'tua', 'tetap', 'tidak', 'tidak_masuk', 'otp', 'maksudnya', 'apa', 'sih', 'memperbaiki', 'dong', 'kalau', 'benar', 'aku', 'beri', 'bintang', '5']","['tidak', 'tidak_erti', 'sama', 'aplikasi', 'masa', 'kirim', 'kode', 'otp', 'pakai', 'nomor', 'aktif', 'ponsel', 'tidak', 'tidak_kirim', 'terus', 'terus', 'aku', 'coba', 'pakai', 'ponsel', 'orang', 'tua', 'pakai', 'nomor', 'orang', 'tua', 'tetap', 'tidak', 'tidak_masuk', 'otp', 'maksud', 'apa', 'sih', 'perbaiki', 'dong', 'kalau', 'benar', 'aku', 'beri', 'bintang', '5']",tidak tidak_erti sama aplikasi masa kirim kode otp pakai nomor aktif ponsel tidak tidak_kirim terus terus aku coba pakai ponsel orang tua pakai nomor orang tua tetap tidak tidak_masuk otp maksud apa sih perbaiki dong kalau benar aku beri bintang 5
86e77863-b686-4b45-bfe1-fdaf73d3605d,Sangat membantu dalam pelayanan keaehatan,5,2026-06-30,9,Juni,positif,sangat membantu dalam pelayanan keaehatan,sangat membantu dalam pelayanan kesehatan,"['sangat', 'membantu', 'dalam', 'pelayanan', 'kesehatan']","['sangat', 'membantu', 'pelayanan', 'kesehatan']","['sangat', 'membantu', 'pelayanan', 'kesehatan']","['sangat', 'bantu', 'layan', 'sehat']",sangat bantu layan sehat
8708cad2-e071-4648-b50c-aa3a715797ec,good,5,2026-08-06,8,Agustus,positif,good,bagus,['bagus'],['bagus'],['bagus'],['bagus'],bagus
8783f1d2-c07c-4a94-a70b-90f585d45928,"gak tau kenpa ubah nomor hp untuk nik anak kok gak bisa, sehrusnya kalau 1 KK kan bisa.",4,2026-08-03,23,Agustus,negatif,gak tau kenpa ubah nomor hp untuk nik anak kok gak bisa sehrusnya kalau 1 kk kan bisa,tidak tahu kenapa ubah nomor ponsel untuk nik anak kok tidak bisa seharusnya kalau 1 kk kan bisa,"['tidak', 'tahu', 'kenapa', 'ubah', 'nomor', 'ponsel', 'untuk', 'nik', 'anak', 'kok', 'tidak', 'bisa', 'seharusnya', 'kalau', '1', 'kk', 'kan', 'bisa']","['tidak', 'tahu', 'ubah', 'nomor', 'ponsel', 'nik', 'anak', 'kok', 'tidak', 'kalau', '1', 'kk', 'kan']","['tidak', 'tidak_tahu', 'ubah', 'nomor', 'ponsel', 'nik', 'anak', 'kok', 'tidak', 'tidak_kalau', '1', 'kk', 'kan']","['tidak', 'tidak_tahu', 'ubah', 'nomor', 'ponsel', 'nik', 'anak', 'kok', 'tidak', 'tidak_kalau', '1', 'kk', 'kan']",tidak tidak_tahu ubah nomor ponsel nik anak kok tidak tidak_kalau 1 kk kan
87cb1302-6cd6-452c-bd0e-d28f56904305,"gampang log out. harus selalu log in kalo mau dipake. ngeribetin. gimna klo kondisinya lagi darurat, dan tiba2 lupa pasword. mana bikin pemulihannya susah banget lagi",1,2026-08-31,21,Agustus,negatif,gampang log out harus selalu log in kalo mau dipake ngeribetin gimna klo kondisinya lagi darurat dan tiba2 lupa pasword mana bikin pemulihannya susah banget lagi,mudah logout harus selalu login kalau mau dipakai mempersulit bagaimana kalau kondisinya lagi darurat dan tiba-tiba lupa kata sandi mana membuat pemulihannya susah sangat lagi,"['mudah', 'logout', 'harus', 'selalu', 'login', 'kalau', 'mau', 'dipakai', 'mempersulit', 'bagaimana', 'kalau', 'kondisinya', 'lagi', 'darurat', 'dan', 'tiba-tiba', 'lupa', 'kata', 'sandi', 'mana', 'membuat', 'pemulihannya', 'susah', 'sangat', 'lagi']","['mudah', 'logout', 'selalu', 'login', 'kalau', 'mau', 'dipakai', 'mempersulit', 'bagaimana', 'kalau', 'kondisinya', 'darurat', 'tiba-tiba', 'lupa', 'kata', 'sandi', 'mana', 'membuat', 'pemulihannya', 'susah', 'sangat']","['mudah', 'logout', 'selalu', 'login', 'kalau', 'mau', 'dipakai', 'mempersulit', 'bagaimana', 'kalau', 'kondisinya', 'darurat', 'tiba-tiba', 'lupa', 'kata', 'sandi', 'mana', 'membuat', 'pemulihannya', 'susah', 'sangat']","['mudah', 'logout', 'selalu', 'login', 'kalau', 'mau', 'pakai', 'sulit', 'bagaimana', 'kalau', 'kondisi', 'darurat', 'tiba', 'lupa', 'kata', 'sandi', 'mana', 'buat', 'pulih', 'susah', 'sangat']",mudah logout selalu login kalau mau pakai sulit bagaimana kalau kondisi darurat tiba lupa kata sandi mana buat pulih susah sangat
882bebd1-121b-4177-b507-a81a4116ce39,cepat pindah faskes sesuai domisili,5,2026-07-27,13,Juli,positif,cepat pindah faskes sesuai domisili,cepat pindah faskes sesuai domisili,"['cepat', 'pindah', 'faskes', 'sesuai', 'domisili']","['cepat', 'pindah', 'faskes', 'sesuai', 'domisili']","['cepat', 'pindah', 'faskes', 'sesuai', 'domisili']","['cepat', 'pindah', 'faskes', 'sesuai', 'domisili']",cepat pindah faskes sesuai domisili
888aacab-c988-41aa-8fe7-269a5b7ccbf2,mantap,4,2026-07-28,12,Juli,positif,mantap,mantap,['mantap'],['mantap'],['mantap'],['mantap'],mantap
888b7c73-6812-4bec-bf31-00024dee53ff,aneh nih mau daftar aja susah!!!! pretttt lah,1,2026-06-19,12,Juni,negatif,aneh nih mau daftar aja susah pretttt lah,aneh ini mau daftar saja susah pretttt lah,"['aneh', 'ini', 'mau', 'daftar', 'saja', 'susah', 'pretttt', 'lah']","['aneh', 'mau', 'daftar', 'susah', 'pretttt', 'lah']","['aneh', 'mau', 'daftar', 'susah', 'pretttt', 'lah']","['aneh', 'mau', 'daftar', 'susah', 'pretttt', 'lah']",aneh mau daftar susah pretttt lah
889be2b5-2360-4aef-b776-718cfc654ac2,lemot banget,1,2026-08-13,23,Agustus,negatif,lemot banget,lambat sangat,"['lambat', 'sangat']","['lambat', 'sangat']","['lambat', 'sangat']","['lambat', 'sangat']",lambat sangat
88a01773-6597-446c-85b2-e243326df90e,bagus,5,2026-06-26,20,Juni,positif,bagus,bagus,['bagus'],['bagus'],['bagus'],['bagus'],bagus
894a6233-86ee-4212-b578-8a3b7adc2096,bikin aplikasi jangan nyusahin Napa sih disuruh ngirim kode tapi ngga bisa terus katanya harus isi pulsa dulu apalah masih ngga bisa,1,2026-07-09,16,Juli,negatif,bikin aplikasi jangan nyusahin napa sih disuruh ngirim kode tapi ngga bisa terus katanya harus isi pulsa dulu apalah masih ngga bisa,membuat aplikasi jangan menyusahkan kenapa sih disuruh mengirim kode tapi tidak bisa terus katanya harus isi pulsa dulu apalah masih tidak bisa,"['membuat', 'aplikasi', 'jangan', 'menyusahkan', 'kenapa', 'sih', 'disuruh', 'mengirim', 'kode', 'tapi', 'tidak', 'bisa', 'terus', 'katanya', 'harus', 'isi', 'pulsa', 'dulu', 'apalah', 'masih', 'tidak', 'bisa']","['membuat', 'aplikasi', 'jangan', 'menyusahkan', 'sih', 'disuruh', 'mengirim', 'kode', 'tidak', 'terus', 'katanya', 'isi', 'pulsa', 'dulu', 'apalah', 'tidak']","['membuat', 'aplikasi', 'jangan', 'menyusahkan', 'sih', 'disuruh', 'mengirim', 'kode', 'tidak', 'tidak_terus', 'katanya', 'isi', 'pulsa', 'dulu', 'apalah', 'tidak']","['buat', 'aplikasi', 'jangan', 'susah', 'sih', 'suruh', 'kirim', 'kode', 'tidak', 'tidak_terus', 'kata', 'isi', 'pulsa', 'dulu', 'apa', 'tidak']",buat aplikasi jangan susah sih suruh kirim kode tidak tidak_terus kata isi pulsa dulu apa tidak
896f7c56-fadb-4e88-837f-5b24e33c4cb7,sangattt membantu bangatttt,4,2026-08-01,12,Agustus,positif,sangattt membantu bangatttt,sangat membantu sangat,"['sangat', 'membantu', 'sangat']","['sangat', 'membantu', 'sangat']","['sangat', 'membantu', 'sangat']","['sangat', 'bantu', 'sangat']",sangat bantu sangat
89ae8ecf-0aaa-4823-8e25-bd5d3deac89f,dibantu sama petugas puskesmas Leuwiliang cara download install daftar dan penggunaanya,5,2026-06-02,10,Juni,netral,dibantu sama petugas puskesmas leuwiliang cara download install daftar dan penggunaanya,dibantu sama petugas puskesmas leuwiliang cara unduh instal daftar dan penggunaannya,"['dibantu', 'sama', 'petugas', 'puskesmas', 'leuwiliang', 'cara', 'unduh', 'instal', 'daftar', 'dan', 'penggunaannya']","['dibantu', 'sama', 'petugas', 'puskesmas', 'leuwiliang', 'cara', 'unduh', 'instal', 'daftar', 'penggunaannya']","['dibantu', 'sama', 'petugas', 'puskesmas', 'leuwiliang', 'cara', 'unduh', 'instal', 'daftar', 'penggunaannya']","['bantu', 'sama', 'tugas', 'puskesmas', 'leuwiliang', 'cara', 'unduh', 'instal', 'daftar', 'guna']",bantu sama tugas puskesmas leuwiliang cara unduh instal daftar guna
89da35b0-9583-4419-a842-f6b30b87c3c9,good lh semoga nanti ga diperribet,5,2026-07-02,15,Juli,positif,good lh semoga nanti ga diperribet,bagus lah semoga nanti tidak dipersulit,"['bagus', 'lah', 'semoga', 'nanti', 'tidak', 'dipersulit']","['bagus', 'lah', 'semoga', 'tidak', 'dipersulit']","['bagus', 'lah', 'semoga', 'tidak', 'tidak_dipersulit']","['bagus', 'lah', 'moga', 'tidak', 'tidak_sulit']",bagus lah moga tidak tidak_sulit
89f11d07-0747-4a50-9284-dc961c929c66,"bisa nga akunya nga usah keluar"" sendiri, kalau udah masuk d akun udah netep aja nga usah yg kluar"" entar mau msuk lagi tu ribet aplgi klau kata sandi sama capca nya tu slah mulu",4,2026-08-01,10,Agustus,negatif,bisa nga akunya nga usah keluar sendiri kalau udah masuk d akun udah netep aja nga usah yg kluar entar mau msuk lagi tu ribet aplgi klau kata sandi sama capca nya tu slah mulu,bisa tidak akunya tidak usah keluar sendiri kalau sudah masuk di akun sudah menetap saja tidak usah yang keluar nanti mau masuk lagi itu rumit aplgi kalau kata sandi sama captcha nya itu salah terus-menerus,"['bisa', 'tidak', 'akunya', 'tidak', 'usah', 'keluar', 'sendiri', 'kalau', 'sudah', 'masuk', 'di', 'akun', 'sudah', 'menetap', 'saja', 'tidak', 'usah', 'yang', 'keluar', 'nanti', 'mau', 'masuk', 'lagi', 'itu', 'rumit', 'aplgi', 'kalau', 'kata', 'sandi', 'sama', 'captcha', 'nya', 'itu', 'salah', 'terus-menerus']","['tidak', 'akunya', 'tidak', 'usah', 'keluar', 'sendiri', 'kalau', 'masuk', 'akun', 'menetap', 'tidak', 'usah', 'keluar', 'mau', 'masuk', 'rumit', 'aplgi', 'kalau', 'kata', 'sandi', 'sama', 'captcha', 'salah', 'terus-menerus']","['tidak', 'tidak_akunya', 'tidak', 'tidak_usah', 'keluar', 'sendiri', 'kalau', 'masuk', 'akun', 'menetap', 'tidak', 'tidak_usah', 'keluar', 'mau', 'masuk', 'rumit', 'aplgi', 'kalau', 'kata', 'sandi', 'sama', 'captcha', 'salah', 'terus-menerus']","['tidak', 'tidak_aku', 'tidak', 'tidak_usah', 'keluar', 'sendiri', 'kalau', 'masuk', 'akun', 'tetap', 'tidak', 'tidak_usah', 'keluar', 'mau', 'masuk', 'rumit', 'aplgi', 'kalau', 'kata', 'sandi', 'sama', 'captcha', 'salah', 'terus']",tidak tidak_aku tidak tidak_usah keluar sendiri kalau masuk akun tetap tidak tidak_usah keluar mau masuk rumit aplgi kalau kata sandi sama captcha salah terus
8a6dae81-1882-41d8-bd55-0d76932ce0f1,"udah masuk mau lihat faskes tingkat lanjut susahnya setengah mati, alasannya coba lagi coba lagi coba lagi, kuota hp buka apk lain pun berjalan lancar knp mobile JKN ini susah sekali bukanya",1,2026-07-21,9,Juli,negatif,udah masuk mau lihat faskes tingkat lanjut susahnya setengah mati alasannya coba lagi coba lagi coba lagi kuota hp buka apk lain pun berjalan lancar knp mobile jkn ini susah sekali bukanya,sudah masuk mau lihat faskes tingkat lanjut susah setengah mati alasannya coba lagi coba lagi coba lagi kuota ponsel buka aplikasi lain pun berjalan lancar kenapa mobile jkn ini susah sekali bukanya,"['sudah', 'masuk', 'mau', 'lihat', 'faskes', 'tingkat', 'lanjut', 'susah', 'setengah', 'mati', 'alasannya', 'coba', 'lagi', 'coba', 'lagi', 'coba', 'lagi', 'kuota', 'ponsel', 'buka', 'aplikasi', 'lain', 'pun', 'berjalan', 'lancar', 'kenapa', 'mobile', 'jkn', 'ini', 'susah', 'sekali', 'bukanya']","['masuk', 'mau', 'lihat', 'faskes', 'tingkat', 'lanjut', 'susah', 'setengah', 'mati', 'alasannya', 'coba', 'coba', 'coba', 'kuota', 'ponsel', 'buka', 'aplikasi', 'berjalan', 'lancar', 'mobile', 'jkn', 'susah', 'sekali', 'bukanya']","['masuk', 'mau', 'lihat', 'faskes', 'tingkat', 'lanjut', 'susah', 'setengah', 'mati', 'alasannya', 'coba', 'coba', 'coba', 'kuota', 'ponsel', 'buka', 'aplikasi', 'berjalan', 'lancar', 'mobile', 'jkn', 'susah', 'sekali', 'bukanya']","['masuk', 'mau', 'lihat', 'faskes', 'tingkat', 'lanjut', 'susah', 'tengah', 'mati', 'alas', 'coba', 'coba', 'coba', 'kuota', 'ponsel', 'buka', 'aplikasi', 'jalan', 'lancar', 'mobile', 'jkn', 'susah', 'sekali', 'buka']",masuk mau lihat faskes tingkat lanjut susah tengah mati alas coba coba coba kuota ponsel buka aplikasi jalan lancar mobile jkn susah sekali buka
8aa0d7cf-42ec-4b07-951d-c6acc835ed23,"Sangat membantu, mengantri di RS jadi tidak terlalu lama. Alhamdulillah, semoga MJKN semakin baik. Terimakasih",5,2026-07-20,21,Juli,netral,sangat membantu mengantri di rs jadi tidak terlalu lama alhamdulillah semoga mjkn semakin baik terimakasih,sangat membantu mengantre di rumah sakit jadi tidak terlalu lama alhamdulillah semoga mobile jkn semakin baik terima kasih,"['sangat', 'membantu', 'mengantre', 'di', 'rumah', 'sakit', 'jadi', 'tidak', 'terlalu', 'lama', 'alhamdulillah', 'semoga', 'mobile', 'jkn', 'semakin', 'baik', 'terima', 'kasih']","['sangat', 'membantu', 'mengantre', 'rumah', 'sakit', 'jadi', 'tidak', 'terlalu', 'lama', 'alhamdulillah', 'semoga', 'mobile', 'jkn', 'semakin', 'baik', 'terima', 'kasih']","['sangat', 'membantu', 'mengantre', 'rumah', 'sakit', 'jadi', 'tidak', 'tidak_terlalu', 'lama', 'alhamdulillah', 'semoga', 'mobile', 'jkn', 'semakin', 'baik', 'terima', 'kasih']","['sangat', 'bantu', 'antre', 'rumah', 'sakit', 'jadi', 'tidak', 'tidak_terlalu', 'lama', 'alhamdulillah', 'moga', 'mobile', 'jkn', 'makin', 'baik', 'terima', 'kasih']",sangat bantu antre rumah sakit jadi tidak tidak_terlalu lama alhamdulillah moga mobile jkn makin baik terima kasih
8b0975a3-2b42-4a49-ae37-78dfa1506d3c,ok,5,2026-08-31,12,Agustus,positif,ok,oke,['oke'],['oke'],['oke'],['oke'],oke
8b27ff5a-c861-40da-a5c8-4ede15e3f1ce,"alhamdulillah pelayanannya cepat,dokter,perawatnya juga ramah2🙏🙏🙏",5,2026-06-15,12,Juni,positif,alhamdulillah pelayanannya cepat dokter perawatnya juga ramah2,alhamdulillah pelayanannya cepat dokter perawatnya juga ramah,"['alhamdulillah', 'pelayanannya', 'cepat', 'dokter', 'perawatnya', 'juga', 'ramah']","['alhamdulillah', 'pelayanannya', 'cepat', 'dokter', 'perawatnya', 'ramah']","['alhamdulillah', 'pelayanannya', 'cepat', 'dokter', 'perawatnya', 'ramah']","['alhamdulillah', 'layan', 'cepat', 'dokter', 'awat', 'ramah']",alhamdulillah layan cepat dokter awat ramah
8b5c79c5-6569-48c4-a826-3e7495771412,tolong aktipkan,5,2026-07-05,8,Juli,netral,tolong aktipkan,tolong aktipkan,"['tolong', 'aktipkan']",['aktipkan'],['aktipkan'],['aktipkan'],aktipkan
8b674438-4d42-4b8e-98fe-2dd6c4bdb67b,aplikasi pemerintah wajib kok android 9 kok ga didukung gimana mau melayani rakyat,1,2026-08-28,12,Agustus,negatif,aplikasi pemerintah wajib kok android 9 kok ga didukung gimana mau melayani rakyat,aplikasi pemerintah wajib kok android 9 kok tidak didukung bagaimana mau melayani rakyat,"['aplikasi', 'pemerintah', 'wajib', 'kok', 'android', '9', 'kok', 'tidak', 'didukung', 'bagaimana', 'mau', 'melayani', 'rakyat']","['aplikasi', 'pemerintah', 'wajib', 'kok', 'android', '9', 'kok', 'tidak', 'didukung', 'bagaimana', 'mau', 'melayani', 'rakyat']","['aplikasi', 'pemerintah', 'wajib', 'kok', 'android', '9', 'kok', 'tidak', 'tidak_didukung', 'bagaimana', 'mau', 'melayani', 'rakyat']","['aplikasi', 'perintah', 'wajib', 'kok', 'android', '9', 'kok', 'tidak', 'tidak_dukung', 'bagaimana', 'mau', 'layan', 'rakyat']",aplikasi perintah wajib kok android 9 kok tidak tidak_dukung bagaimana mau layan rakyat
8b7c195e-18dd-4bf2-9c03-9ee377efa378,eror terus kalo ambil antrean.,1,2026-08-12,18,Agustus,negatif,eror terus kalo ambil antrean,error terus kalau ambil antrean,"['error', 'terus', 'kalau', 'ambil', 'antrean']","['error', 'terus', 'kalau', 'ambil', 'antrean']","['error', 'terus', 'kalau', 'ambil', 'antrean']","['error', 'terus', 'kalau', 'ambil', 'antre']",error terus kalau ambil antre
8b95ab3d-09db-4668-a96c-c4003ab65e59,"kode otp sms nggak masuk masuk padahal kuota ada wifi ada tapi tetep nggak masuk, ini nggak ada respon apa masa iya udah nyoba terus tetep nggak bisa kalau emang ni aplikasi nyusahin ngapain di bikin",1,2026-06-19,15,Juni,negatif,kode otp sms nggak masuk masuk padahal kuota ada wifi ada tapi tetep nggak masuk ini nggak ada respon apa masa iya udah nyoba terus tetep nggak bisa kalau emang ni aplikasi nyusahin ngapain di bikin,kode otp sms tidak masuk padahal kuota ada wifi ada tapi tetap tidak masuk ini tidak ada respons apa masa iya sudah mencoba terus tetap tidak bisa kalau memang ini aplikasi menyusahkan untuk apa di membuat,"['kode', 'otp', 'sms', 'tidak', 'masuk', 'padahal', 'kuota', 'ada', 'wifi', 'ada', 'tapi', 'tetap', 'tidak', 'masuk', 'ini', 'tidak', 'ada', 'respons', 'apa', 'masa', 'iya', 'sudah', 'mencoba', 'terus', 'tetap', 'tidak', 'bisa', 'kalau', 'memang', 'ini', 'aplikasi', 'menyusahkan', 'untuk', 'apa', 'di', 'membuat']","['kode', 'otp', 'sms', 'tidak', 'masuk', 'padahal', 'kuota', 'wifi', 'tetap', 'tidak', 'masuk', 'tidak', 'respons', 'apa', 'masa', 'iya', 'mencoba', 'terus', 'tetap', 'tidak', 'kalau', 'memang', 'aplikasi', 'menyusahkan', 'apa', 'membuat']","['kode', 'otp', 'sms', 'tidak', 'tidak_masuk', 'padahal', 'kuota', 'wifi', 'tetap', 'tidak', 'tidak_masuk', 'tidak', 'tidak_respons', 'apa', 'masa', 'iya', 'mencoba', 'terus', 'tetap', 'tidak', 'tidak_kalau', 'memang', 'aplikasi', 'menyusahkan', 'apa', 'membuat']","['kode', 'otp', 'sms', 'tidak', 'tidak_masuk', 'padahal', 'kuota', 'wifi', 'tetap', 'tidak', 'tidak_masuk', 'tidak', 'tidak_respons', 'apa', 'masa', 'iya', 'coba', 'terus', 'tetap', 'tidak', 'tidak_kalau', 'memang', 'aplikasi', 'susah', 'apa', 'buat']",kode otp sms tidak tidak_masuk padahal kuota wifi tetap tidak tidak_masuk tidak tidak_respons apa masa iya coba terus tetap tidak tidak_kalau memang aplikasi susah apa buat
8bb62418-5d98-4447-ad01-caec6cad7f98,pindah faskes tingkat pertama,5,2026-07-04,1,Juli,netral,pindah faskes tingkat pertama,pindah faskes tingkat pertama,"['pindah', 'faskes', 'tingkat', 'pertama']","['pindah', 'faskes', 'tingkat', 'pertama']","['pindah', 'faskes', 'tingkat', 'pertama']","['pindah', 'faskes', 'tingkat', 'pertama']",pindah faskes tingkat pertama
8bcba967-8ef4-4747-ab17-10c20fbcf8f8,APLIKASI GAK JELAS UDH DI COBA COBA OTP MALAH GA MASUK MASUK TOLOG SISTEM NYA DI EVALUASI LAGI DONGGGG!!!,1,2026-06-04,7,Juni,negatif,aplikasi gak jelas udh di coba coba otp malah ga masuk masuk tolog sistem nya di evaluasi lagi dongggg,aplikasi tidak jelas sudah dicoba coba otp malah tidak masuk tolong sistem nya di evaluasi lagi dong,"['aplikasi', 'tidak', 'jelas', 'sudah', 'dicoba', 'coba', 'otp', 'malah', 'tidak', 'masuk', 'tolong', 'sistem', 'nya', 'di', 'evaluasi', 'lagi', 'dong']","['aplikasi', 'tidak', 'jelas', 'dicoba', 'coba', 'otp', 'malah', 'tidak', 'masuk', 'sistem', 'evaluasi', 'dong']","['aplikasi', 'tidak', 'tidak_jelas', 'dicoba', 'coba', 'otp', 'malah', 'tidak', 'tidak_masuk', 'sistem', 'evaluasi', 'dong']","['aplikasi', 'tidak', 'tidak_jelas', 'coba', 'coba', 'otp', 'malah', 'tidak', 'tidak_masuk', 'sistem', 'evaluasi', 'dong']",aplikasi tidak tidak_jelas coba coba otp malah tidak tidak_masuk sistem evaluasi dong
8bdc0488-8a85-41bc-8d25-7f339fa48b61,aplikasi menyulitkan pasien percuma bayar iuran fasilitas kaya gini,1,2026-08-07,18,Agustus,negatif,aplikasi menyulitkan pasien percuma bayar iuran fasilitas kaya gini,aplikasi menyulitkan pasien percuma bayar iuran fasilitas kaya begini,"['aplikasi', 'menyulitkan', 'pasien', 'percuma', 'bayar', 'iuran', 'fasilitas', 'kaya', 'begini']","['aplikasi', 'menyulitkan', 'pasien', 'percuma', 'bayar', 'iuran', 'fasilitas', 'kaya', 'begini']","['aplikasi', 'menyulitkan', 'pasien', 'percuma', 'bayar', 'iuran', 'fasilitas', 'kaya', 'begini']","['aplikasi', 'sulit', 'pasien', 'percuma', 'bayar', 'iur', 'fasilitas', 'kaya', 'begini']",aplikasi sulit pasien percuma bayar iur fasilitas kaya begini
8bffb97a-6243-4b5a-a092-39381e3fa61c,"ampas, mau daftar kudu isi pulsa ud di isi no otp, balik ke aplikasi ulang lg dari awal emg aplikasi pemerintah ga ada yg bener eror mulu",1,2026-08-11,15,Agustus,negatif,ampas mau daftar kudu isi pulsa ud di isi no otp balik ke aplikasi ulang lg dari awal emg aplikasi pemerintah ga ada yg bener eror mulu,ampas mau daftar harus isi pulsa sudah diisi nomor otp balik ke aplikasi ulang lagi dari awal memang aplikasi pemerintah tidak ada yang benar error terus-menerus,"['ampas', 'mau', 'daftar', 'harus', 'isi', 'pulsa', 'sudah', 'diisi', 'nomor', 'otp', 'balik', 'ke', 'aplikasi', 'ulang', 'lagi', 'dari', 'awal', 'memang', 'aplikasi', 'pemerintah', 'tidak', 'ada', 'yang', 'benar', 'error', 'terus-menerus']","['ampas', 'mau', 'daftar', 'isi', 'pulsa', 'diisi', 'nomor', 'otp', 'balik', 'aplikasi', 'ulang', 'awal', 'memang', 'aplikasi', 'pemerintah', 'tidak', 'benar', 'error', 'terus-menerus']","['ampas', 'mau', 'daftar', 'isi', 'pulsa', 'diisi', 'nomor', 'otp', 'balik', 'aplikasi', 'ulang', 'awal', 'memang', 'aplikasi', 'pemerintah', 'tidak', 'tidak_benar', 'error', 'terus-menerus']","['ampas', 'mau', 'daftar', 'isi', 'pulsa', 'isi', 'nomor', 'otp', 'balik', 'aplikasi', 'ulang', 'awal', 'memang', 'aplikasi', 'perintah', 'tidak', 'tidak_benar', 'error', 'terus']",ampas mau daftar isi pulsa isi nomor otp balik aplikasi ulang awal memang aplikasi perintah tidak tidak_benar error terus
8c399670-7bee-4cfb-86df-42b87a092e11,aplikasi bosok,1,2026-08-24,12,Agustus,negatif,aplikasi bosok,aplikasi busuk,"['aplikasi', 'busuk']","['aplikasi', 'busuk']","['aplikasi', 'busuk']","['aplikasi', 'busuk']",aplikasi busuk
8c535340-1f96-485b-bd6d-ee7ab243a7ca,"apk ngak jelas beberapa hari ngak di buka log out,log on lagi susah harus apal nik,itupun cuman 1 yg bisa log in apk menyusahkan sekali....",1,2026-08-01,17,Agustus,negatif,apk ngak jelas beberapa hari ngak di buka log out log on lagi susah harus apal nik itupun cuman 1 yg bisa log in apk menyusahkan sekali,aplikasi tidak jelas beberapa hari tidak dibuka logout log on lagi susah harus hafal nik itu pun hanya 1 yang bisa login aplikasi menyusahkan sekali,"['aplikasi', 'tidak', 'jelas', 'beberapa', 'hari', 'tidak', 'dibuka', 'logout', 'log', 'on', 'lagi', 'susah', 'harus', 'hafal', 'nik', 'itu', 'pun', 'hanya', '1', 'yang', 'bisa', 'login', 'aplikasi', 'menyusahkan', 'sekali']","['aplikasi', 'tidak', 'jelas', 'beberapa', 'hari', 'tidak', 'dibuka', 'logout', 'log', 'on', 'susah', 'hafal', 'nik', '1', 'login', 'aplikasi', 'menyusahkan', 'sekali']","['aplikasi', 'tidak', 'tidak_jelas', 'beberapa', 'hari', 'tidak', 'tidak_dibuka', 'logout', 'log', 'on', 'susah', 'hafal', 'nik', '1', 'login', 'aplikasi', 'menyusahkan', 'sekali']","['aplikasi', 'tidak', 'tidak_jelas', 'beberapa', 'hari', 'tidak', 'tidak_buka', 'logout', 'log', 'on', 'susah', 'hafal', 'nik', '1', 'login', 'aplikasi', 'susah', 'sekali']",aplikasi tidak tidak_jelas beberapa hari tidak tidak_buka logout log on susah hafal nik 1 login aplikasi susah sekali
8c6cd5eb-5b7a-4682-978b-3cdd6a314b73,apk aneh,1,2026-08-29,8,Agustus,negatif,apk aneh,aplikasi aneh,"['aplikasi', 'aneh']","['aplikasi', 'aneh']","['aplikasi', 'aneh']","['aplikasi', 'aneh']",aplikasi aneh
8c931c63-15fb-4f6c-8dfd-e619ca8137cf,apk mempersulit TDK bisa login,1,2026-08-14,22,Agustus,negatif,apk mempersulit tdk bisa login,aplikasi mempersulit tidak bisa login,"['aplikasi', 'mempersulit', 'tidak', 'bisa', 'login']","['aplikasi', 'mempersulit', 'tidak', 'login']","['aplikasi', 'mempersulit', 'tidak', 'tidak_login']","['aplikasi', 'sulit', 'tidak', 'tidak_login']",aplikasi sulit tidak tidak_login
8c9f3a4d-6307-4573-8b3b-f247e5c3ad2b,sangat membantu sekali terima kasih..,5,2026-08-10,7,Agustus,positif,sangat membantu sekali terima kasih,sangat membantu sekali terima kasih,"['sangat', 'membantu', 'sekali', 'terima', 'kasih']","['sangat', 'membantu', 'sekali', 'terima', 'kasih']","['sangat', 'membantu', 'sekali', 'terima', 'kasih']","['sangat', 'bantu', 'sekali', 'terima', 'kasih']",sangat bantu sekali terima kasih
8cbba076-38a0-4a5b-bb66-0a30ef9835a2,buat kalian yg daftar tapi gak Nerima kode otp ya kalian isi lah pulsa kalian wifi sama data Kelen lancar tapi kalok gak ada pulsa ya percuma bujang jangan lah pelit kali isi pulsa 5 ribu pun tak mau pulak an,5,2026-06-10,9,Juni,negatif,buat kalian yg daftar tapi gak nerima kode otp ya kalian isi lah pulsa kalian wifi sama data kelen lancar tapi kalok gak ada pulsa ya percuma bujang jangan lah pelit kali isi pulsa 5 ribu pun tak mau pulak an,buat kalian yang daftar tapi tidak menerima kode otp ya kalian isi lah pulsa kalian wifi sama data kalian lancar tapi kalau tidak ada pulsa ya percuma bujang jangan lah pelit kali isi pulsa 5 ribu pun tidak mau pula an,"['buat', 'kalian', 'yang', 'daftar', 'tapi', 'tidak', 'menerima', 'kode', 'otp', 'ya', 'kalian', 'isi', 'lah', 'pulsa', 'kalian', 'wifi', 'sama', 'data', 'kalian', 'lancar', 'tapi', 'kalau', 'tidak', 'ada', 'pulsa', 'ya', 'percuma', 'bujang', 'jangan', 'lah', 'pelit', 'kali', 'isi', 'pulsa', '5', 'ribu', 'pun', 'tidak', 'mau', 'pula', 'an']","['buat', 'kalian', 'daftar', 'tidak', 'menerima', 'kode', 'otp', 'kalian', 'isi', 'lah', 'pulsa', 'kalian', 'wifi', 'sama', 'data', 'kalian', 'lancar', 'kalau', 'tidak', 'pulsa', 'percuma', 'bujang', 'jangan', 'lah', 'pelit', 'kali', 'isi', 'pulsa', '5', 'ribu', 'tidak', 'mau', 'an']","['buat', 'kalian', 'daftar', 'tidak', 'tidak_menerima', 'kode', 'otp', 'kalian', 'isi', 'lah', 'pulsa', 'kalian', 'wifi', 'sama', 'data', 'kalian', 'lancar', 'kalau', 'tidak', 'tidak_pulsa', 'percuma', 'bujang', 'jangan', 'lah', 'pelit', 'kali', 'isi', 'pulsa', '5', 'ribu', 'tidak', 'tidak_mau', 'an']","['buat', 'kalian', 'daftar', 'tidak', 'tidak_terima', 'kode', 'otp', 'kalian', 'isi', 'lah', 'pulsa', 'kalian', 'wifi', 'sama', 'data', 'kalian', 'lancar', 'kalau', 'tidak', 'tidak_pulsa', 'percuma', 'bujang', 'jangan', 'lah', 'pelit', 'kali', 'isi', 'pulsa', '5', 'ribu', 'tidak', 'tidak_mau', 'an']",buat kalian daftar tidak tidak_terima kode otp kalian isi lah pulsa kalian wifi sama data kalian lancar kalau tidak tidak_pulsa percuma bujang jangan lah pelit kali isi pulsa 5 ribu tidak tidak_mau an
8cbc1f37-a26f-4a55-ab40-29ff85025175,ok bgt,5,2026-07-28,20,Juli,positif,ok bgt,oke sangat,"['oke', 'sangat']","['oke', 'sangat']","['oke', 'sangat']","['oke', 'sangat']",oke sangat
8cd6086c-4fcd-48be-9f60-e683f4559977,GOOD,5,2026-07-02,18,Juli,positif,good,bagus,['bagus'],['bagus'],['bagus'],['bagus'],bagus
8cefd491-7c99-4309-9a62-d9574c5db205,smoga smkin maju,5,2026-08-01,7,Agustus,netral,smoga smkin maju,smoga smkin maju,"['smoga', 'smkin', 'maju']","['smoga', 'smkin', 'maju']","['smoga', 'smkin', 'maju']","['smoga', 'smkin', 'maju']",smoga smkin maju
8cf32d35-0605-4f8e-b588-55c930b66788,"kak developer tolong dong, saya mau daftar dari tahun kemarin gajadi jadi karena saat verifikasi nomor hp, kode ga kekirim di sms maupun wa saya, tolong ditanggapi terimakasih",3,2026-06-16,22,Juni,negatif,kak developer tolong dong saya mau daftar dari tahun kemarin gajadi jadi karena saat verifikasi nomor hp kode ga kekirim di sms maupun wa saya tolong ditanggapi terimakasih,kak pengembang tolong dong saya mau daftar dari tahun kemarin tidak jadi jadi karena saat verifikasi nomor ponsel kode tidak terkirim di sms maupun whatsapp saya tolong ditanggapi terima kasih,"['kak', 'pengembang', 'tolong', 'dong', 'saya', 'mau', 'daftar', 'dari', 'tahun', 'kemarin', 'tidak', 'jadi', 'jadi', 'karena', 'saat', 'verifikasi', 'nomor', 'ponsel', 'kode', 'tidak', 'terkirim', 'di', 'sms', 'maupun', 'whatsapp', 'saya', 'tolong', 'ditanggapi', 'terima', 'kasih']","['kak', 'pengembang', 'dong', 'mau', 'daftar', 'tahun', 'kemarin', 'tidak', 'jadi', 'jadi', 'verifikasi', 'nomor', 'ponsel', 'kode', 'tidak', 'terkirim', 'sms', 'maupun', 'whatsapp', 'ditanggapi', 'terima', 'kasih']","['kak', 'pengembang', 'dong', 'mau', 'daftar', 'tahun', 'kemarin', 'tidak', 'tidak_jadi', 'jadi', 'verifikasi', 'nomor', 'ponsel', 'kode', 'tidak', 'tidak_terkirim', 'sms', 'maupun', 'whatsapp', 'ditanggapi', 'terima', 'kasih']","['kak', 'kembang', 'dong', 'mau', 'daftar', 'tahun', 'kemarin', 'tidak', 'tidak_jadi', 'jadi', 'verifikasi', 'nomor', 'ponsel', 'kode', 'tidak', 'tidak_kirim', 'sms', 'maupun', 'whatsapp', 'tanggap', 'terima', 'kasih']",kak kembang dong mau daftar tahun kemarin tidak tidak_jadi jadi verifikasi nomor ponsel kode tidak tidak_kirim sms maupun whatsapp tanggap terima kasih
8d5d93a8-b68e-459c-993f-8ad59b612ad4,"Ini saya mau daftar online susah bgt, kenapa poli umum selalu tidak ditemukan",3,2026-06-20,6,Juni,negatif,ini saya mau daftar online susah bgt kenapa poli umum selalu tidak ditemukan,ini saya mau daftar daring susah sangat kenapa poli umum selalu tidak ditemukan,"['ini', 'saya', 'mau', 'daftar', 'daring', 'susah', 'sangat', 'kenapa', 'poli', 'umum', 'selalu', 'tidak', 'ditemukan']","['mau', 'daftar', 'daring', 'susah', 'sangat', 'poli', 'umum', 'selalu', 'tidak', 'ditemukan']","['mau', 'daftar', 'daring', 'susah', 'sangat', 'poli', 'umum', 'selalu', 'tidak', 'tidak_ditemukan']","['mau', 'daftar', 'daring', 'susah', 'sangat', 'pol', 'umum', 'selalu', 'tidak', 'tidak_temu']",mau daftar daring susah sangat pol umum selalu tidak tidak_temu
8d5deb60-91f4-4e79-9ef6-e88abbe2b789,mantap hitungan menit selesai,5,2026-06-19,12,Juni,positif,mantap hitungan menit selesai,mantap hitungan menit selesai,"['mantap', 'hitungan', 'menit', 'selesai']","['mantap', 'hitungan', 'menit', 'selesai']","['mantap', 'hitungan', 'menit', 'selesai']","['mantap', 'hitung', 'menit', 'selesai']",mantap hitung menit selesai
8d847671-269f-421b-86a1-9d5faf90a913,untuk memudahkan daftar antrian,5,2026-08-18,10,Agustus,netral,untuk memudahkan daftar antrian,untuk memudahkan daftar antrean,"['untuk', 'memudahkan', 'daftar', 'antrean']","['memudahkan', 'daftar', 'antrean']","['memudahkan', 'daftar', 'antrean']","['mudah', 'daftar', 'antre']",mudah daftar antre
8d9cf191-2ee3-45a5-98f7-1f45ce059a45,semoga bisa bermanfaat,5,2026-08-31,16,Agustus,netral,semoga bisa bermanfaat,semoga bisa bermanfaat,"['semoga', 'bisa', 'bermanfaat']","['semoga', 'bermanfaat']","['semoga', 'bermanfaat']","['moga', 'manfaat']",moga manfaat
8e475c8e-6e2c-4e7d-85f3-446fbaa5da5e,"setiap update aplikasi pasti selalu ke logout akun nya. verivikasi ribet, otp ga masuk masuk, tiba tiba email ga terdaftar. tolong diperbaiki.",1,2026-06-24,20,Juni,negatif,setiap update aplikasi pasti selalu ke logout akun nya verivikasi ribet otp ga masuk masuk tiba tiba email ga terdaftar tolong diperbaiki,setiap pembaruan aplikasi pasti selalu ke logout akun nya verifikasi rumit otp tidak masuk tiba tiba email tidak terdaftar tolong diperbaiki,"['setiap', 'pembaruan', 'aplikasi', 'pasti', 'selalu', 'ke', 'logout', 'akun', 'nya', 'verifikasi', 'rumit', 'otp', 'tidak', 'masuk', 'tiba', 'tiba', 'email', 'tidak', 'terdaftar', 'tolong', 'diperbaiki']","['pembaruan', 'aplikasi', 'selalu', 'logout', 'akun', 'verifikasi', 'rumit', 'otp', 'tidak', 'masuk', 'tiba', 'tiba', 'email', 'tidak', 'terdaftar', 'diperbaiki']","['pembaruan', 'aplikasi', 'selalu', 'logout', 'akun', 'verifikasi', 'rumit', 'otp', 'tidak', 'tidak_masuk', 'tiba', 'tiba', 'email', 'tidak', 'tidak_terdaftar', 'diperbaiki']","['baru', 'aplikasi', 'selalu', 'logout', 'akun', 'verifikasi', 'rumit', 'otp', 'tidak', 'tidak_masuk', 'tiba', 'tiba', 'email', 'tidak', 'tidak_daftar', 'perbaiki']",baru aplikasi selalu logout akun verifikasi rumit otp tidak tidak_masuk tiba tiba email tidak tidak_daftar perbaiki
8e8ba4f5-a0c8-4340-82c1-ab13423238b6,"apk dongok, kirim otp pake kirim sms dulu yg",1,2026-06-06,0,Juni,negatif,apk dongok kirim otp pake kirim sms dulu yg,aplikasi bodoh kirim otp pakai kirim sms dulu yang,"['aplikasi', 'bodoh', 'kirim', 'otp', 'pakai', 'kirim', 'sms', 'dulu', 'yang']","['aplikasi', 'bodoh', 'kirim', 'otp', 'pakai', 'kirim', 'sms', 'dulu']","['aplikasi', 'bodoh', 'kirim', 'otp', 'pakai', 'kirim', 'sms', 'dulu']","['aplikasi', 'bodoh', 'kirim', 'otp', 'pakai', 'kirim', 'sms', 'dulu']",aplikasi bodoh kirim otp pakai kirim sms dulu
8ea1ba08-f748-4bbe-a9f7-564e766b41d4,semoga selalu membantu,5,2026-07-03,9,Juli,netral,semoga selalu membantu,semoga selalu membantu,"['semoga', 'selalu', 'membantu']","['semoga', 'selalu', 'membantu']","['semoga', 'selalu', 'membantu']","['moga', 'selalu', 'bantu']",moga selalu bantu
8ec0da2d-2360-4e4b-ac04-d3aa96671671,aplikasi nya ngga jelas banget.banyak troubel nya,1,2026-08-18,19,Agustus,negatif,aplikasi nya ngga jelas banget banyak troubel nya,aplikasi nya tidak jelas sangat banyak gangguan nya,"['aplikasi', 'nya', 'tidak', 'jelas', 'sangat', 'banyak', 'gangguan', 'nya']","['aplikasi', 'tidak', 'jelas', 'sangat', 'banyak', 'gangguan']","['aplikasi', 'tidak', 'tidak_jelas', 'sangat', 'banyak', 'gangguan']","['aplikasi', 'tidak', 'tidak_jelas', 'sangat', 'banyak', 'ganggu']",aplikasi tidak tidak_jelas sangat banyak ganggu
8edb7f37-ebe7-44a3-bb27-9d19d864a6e4,CAPTCHA NYA LEMOTTT GA KELUAR KELUAR NOTIFNYA JARINGAN TIDAK ADA PADAHAL PAKE WIFI YANG HARUSNYA SUDAH SANGAT AMAT STABIL!!,5,2026-06-11,22,Juni,negatif,captcha nya lemottt ga keluar keluar notifnya jaringan tidak ada padahal pake wifi yang harusnya sudah sangat amat stabil,captcha nya lambat tidak keluar keluar notifikasinya jaringan tidak ada padahal pakai wifi yang seharusnya sudah sangat amat stabil,"['captcha', 'nya', 'lambat', 'tidak', 'keluar', 'keluar', 'notifikasinya', 'jaringan', 'tidak', 'ada', 'padahal', 'pakai', 'wifi', 'yang', 'seharusnya', 'sudah', 'sangat', 'amat', 'stabil']","['captcha', 'lambat', 'tidak', 'keluar', 'keluar', 'notifikasinya', 'jaringan', 'tidak', 'padahal', 'pakai', 'wifi', 'sangat', 'stabil']","['captcha', 'lambat', 'tidak', 'tidak_keluar', 'keluar', 'notifikasinya', 'jaringan', 'tidak', 'tidak_padahal', 'pakai', 'wifi', 'sangat', 'stabil']","['captcha', 'lambat', 'tidak', 'tidak_keluar', 'keluar', 'notifikasi', 'jaring', 'tidak', 'tidak_padahal', 'pakai', 'wifi', 'sangat', 'stabil']",captcha lambat tidak tidak_keluar keluar notifikasi jaring tidak tidak_padahal pakai wifi sangat stabil
8eddaf78-c454-4a67-a677-5a10c07ed5b0,kagak bisa di download,1,2026-06-30,8,Juni,negatif,kagak bisa di download,tidak bisa diunduh,"['tidak', 'bisa', 'diunduh']","['tidak', 'diunduh']","['tidak', 'tidak_diunduh']","['tidak', 'tidak_unduh']",tidak tidak_unduh
8ede7535-37d5-44de-9432-677ba5fc37d9,selalu gagal pas verifikasi data nomor handphone,1,2026-07-28,12,Juli,negatif,selalu gagal pas verifikasi data nomor handphone,selalu gagal pas verifikasi data nomor ponsel,"['selalu', 'gagal', 'pas', 'verifikasi', 'data', 'nomor', 'ponsel']","['selalu', 'gagal', 'pas', 'verifikasi', 'data', 'nomor', 'ponsel']","['selalu', 'gagal', 'pas', 'verifikasi', 'data', 'nomor', 'ponsel']","['selalu', 'gagal', 'pas', 'verifikasi', 'data', 'nomor', 'ponsel']",selalu gagal pas verifikasi data nomor ponsel
8f138187-32cc-44eb-9710-b3e8c2ae9591,sangat bagus aplikasinya,5,2026-06-08,15,Juni,positif,sangat bagus aplikasinya,sangat bagus aplikasinya,"['sangat', 'bagus', 'aplikasinya']","['sangat', 'bagus', 'aplikasinya']","['sangat', 'bagus', 'aplikasinya']","['sangat', 'bagus', 'aplikasi']",sangat bagus aplikasi
8f943b35-e3db-4bbf-ac5f-231bda71dd4a,"ribet bgt bpjs untuk kontrol, semakin kesini semakin dipersulit kalo mau dipakai. seolah seolah biar ga dipake tu fasilitas bpjsnya",1,2026-08-06,10,Agustus,negatif,ribet bgt bpjs untuk kontrol semakin kesini semakin dipersulit kalo mau dipakai seolah seolah biar ga dipake tu fasilitas bpjsnya,rumit sangat bpjs untuk kontrol semakin ke sini semakin dipersulit kalau mau dipakai seolah seolah agar tidak dipakai itu fasilitas bpjsnya,"['rumit', 'sangat', 'bpjs', 'untuk', 'kontrol', 'semakin', 'ke', 'sini', 'semakin', 'dipersulit', 'kalau', 'mau', 'dipakai', 'seolah', 'seolah', 'agar', 'tidak', 'dipakai', 'itu', 'fasilitas', 'bpjsnya']","['rumit', 'sangat', 'bpjs', 'kontrol', 'semakin', 'sini', 'semakin', 'dipersulit', 'kalau', 'mau', 'dipakai', 'tidak', 'dipakai', 'fasilitas', 'bpjsnya']","['rumit', 'sangat', 'bpjs', 'kontrol', 'semakin', 'sini', 'semakin', 'dipersulit', 'kalau', 'mau', 'dipakai', 'tidak', 'tidak_dipakai', 'fasilitas', 'bpjsnya']","['rumit', 'sangat', 'bpjs', 'kontrol', 'makin', 'sini', 'makin', 'sulit', 'kalau', 'mau', 'pakai', 'tidak', 'tidak_pakai', 'fasilitas', 'bpjsnya']",rumit sangat bpjs kontrol makin sini makin sulit kalau mau pakai tidak tidak_pakai fasilitas bpjsnya
8fbbedf8-4075-41eb-a486-57a3d39b8914,"Dari mulai pagi sampai malam gak bisa login. ""permintaan anda belum dapat di proses coba beberapa saat lagi""",1,2026-07-01,1,Juli,negatif,dari mulai pagi sampai malam gak bisa login permintaan anda belum dapat di proses coba beberapa saat lagi,dari mulai pagi sampai malam tidak bisa login permintaan anda belum dapat di proses coba beberapa saat lagi,"['dari', 'mulai', 'pagi', 'sampai', 'malam', 'tidak', 'bisa', 'login', 'permintaan', 'anda', 'belum', 'dapat', 'di', 'proses', 'coba', 'beberapa', 'saat', 'lagi']","['mulai', 'pagi', 'malam', 'tidak', 'login', 'permintaan', 'proses', 'coba', 'beberapa']","['mulai', 'pagi', 'malam', 'tidak', 'tidak_login', 'permintaan', 'proses', 'coba', 'beberapa']","['mulai', 'pagi', 'malam', 'tidak', 'tidak_login', 'minta', 'proses', 'coba', 'beberapa']",mulai pagi malam tidak tidak_login minta proses coba beberapa
8fef4fac-2400-4543-ab82-363eadc6ea50,semogaa bisa membantu,5,2026-07-07,17,Juli,netral,semogaa bisa membantu,semogaa bisa membantu,"['semogaa', 'bisa', 'membantu']","['semogaa', 'membantu']","['semogaa', 'membantu']","['semogaa', 'bantu']",semogaa bantu
8ff33caa-3398-4fcc-a354-ffeadd765bff,"Banyak bug dan tidak stabil, sekelas platform milik pemerintah kalah sama swasta. pembayaran udah dilakukan manual eh malah tetap di potong otomatis lagi.",1,2026-08-20,22,Agustus,negatif,banyak bug dan tidak stabil sekelas platform milik pemerintah kalah sama swasta pembayaran udah dilakukan manual eh malah tetap di potong otomatis lagi,banyak gangguan sistem dan tidak stabil sekelas platform milik pemerintah kalah sama swasta pembayaran sudah dilakukan manual eh malah tetap di potong otomatis lagi,"['banyak', 'gangguan', 'sistem', 'dan', 'tidak', 'stabil', 'sekelas', 'platform', 'milik', 'pemerintah', 'kalah', 'sama', 'swasta', 'pembayaran', 'sudah', 'dilakukan', 'manual', 'eh', 'malah', 'tetap', 'di', 'potong', 'otomatis', 'lagi']","['banyak', 'gangguan', 'sistem', 'tidak', 'stabil', 'sekelas', 'platform', 'milik', 'pemerintah', 'kalah', 'sama', 'swasta', 'pembayaran', 'dilakukan', 'manual', 'eh', 'malah', 'tetap', 'potong', 'otomatis']","['banyak', 'gangguan', 'sistem', 'tidak', 'tidak_stabil', 'sekelas', 'platform', 'milik', 'pemerintah', 'kalah', 'sama', 'swasta', 'pembayaran', 'dilakukan', 'manual', 'eh', 'malah', 'tetap', 'potong', 'otomatis']","['banyak', 'ganggu', 'sistem', 'tidak', 'tidak_stabil', 'kelas', 'platform', 'milik', 'perintah', 'kalah', 'sama', 'swasta', 'bayar', 'laku', 'manual', 'eh', 'malah', 'tetap', 'potong', 'otomatis']",banyak ganggu sistem tidak tidak_stabil kelas platform milik perintah kalah sama swasta bayar laku manual eh malah tetap potong otomatis
9020ecd9-d771-4f3a-bb14-0eb004e3dad1,sangat membantu,5,2026-07-01,10,Juli,positif,sangat membantu,sangat membantu,"['sangat', 'membantu']","['sangat', 'membantu']","['sangat', 'membantu']","['sangat', 'bantu']",sangat bantu
90210765-28c0-4911-bbdc-1d7568ffc3f4,mantap,5,2026-07-21,18,Juli,positif,mantap,mantap,['mantap'],['mantap'],['mantap'],['mantap'],mantap
909a4bb9-f2d3-4701-9c84-ce45b2c18d54,"menyusahkan bagi sebagian orang tua yang ngak bisa mengunakan smartphone apa lagi orang tua yang ngak ada anak sama sekali,jangan menyusahkan saja orang,BPJS ada kenapa harus online segala mempersulit orang yang lanjut usia,sekian terima kasih",1,2026-07-13,10,Juli,negatif,menyusahkan bagi sebagian orang tua yang ngak bisa mengunakan smartphone apa lagi orang tua yang ngak ada anak sama sekali jangan menyusahkan saja orang bpjs ada kenapa harus online segala mempersulit orang yang lanjut usia sekian terima kasih,menyusahkan bagi sebagian orang tua yang tidak bisa menggunakan ponsel apa lagi orang tua yang tidak ada anak sama sekali jangan menyusahkan saja orang bpjs ada kenapa harus daring segala mempersulit orang yang lanjut usia sekian terima kasih,"['menyusahkan', 'bagi', 'sebagian', 'orang', 'tua', 'yang', 'tidak', 'bisa', 'menggunakan', 'ponsel', 'apa', 'lagi', 'orang', 'tua', 'yang', 'tidak', 'ada', 'anak', 'sama', 'sekali', 'jangan', 'menyusahkan', 'saja', 'orang', 'bpjs', 'ada', 'kenapa', 'harus', 'daring', 'segala', 'mempersulit', 'orang', 'yang', 'lanjut', 'usia', 'sekian', 'terima', 'kasih']","['menyusahkan', 'sebagian', 'orang', 'tua', 'tidak', 'menggunakan', 'ponsel', 'apa', 'orang', 'tua', 'tidak', 'anak', 'sama', 'sekali', 'jangan', 'menyusahkan', 'orang', 'bpjs', 'daring', 'segala', 'mempersulit', 'orang', 'lanjut', 'usia', 'sekian', 'terima', 'kasih']","['menyusahkan', 'sebagian', 'orang', 'tua', 'tidak', 'tidak_menggunakan', 'ponsel', 'apa', 'orang', 'tua', 'tidak', 'tidak_anak', 'sama', 'sekali', 'jangan', 'menyusahkan', 'orang', 'bpjs', 'daring', 'segala', 'mempersulit', 'orang', 'lanjut', 'usia', 'sekian', 'terima', 'kasih']","['susah', 'bagi', 'orang', 'tua', 'tidak', 'tidak_guna', 'ponsel', 'apa', 'orang', 'tua', 'tidak', 'tidak_anak', 'sama', 'sekali', 'jangan', 'susah', 'orang', 'bpjs', 'daring', 'segala', 'sulit', 'orang', 'lanjut', 'usia', 'sekian', 'terima', 'kasih']",susah bagi orang tua tidak tidak_guna ponsel apa orang tua tidak tidak_anak sama sekali jangan susah orang bpjs daring segala sulit orang lanjut usia sekian terima kasih
90b402f2-ebda-41e6-a8f8-4a6e964e2de6,"bagus ,,ubah paskes mudah",5,2026-08-26,16,Agustus,positif,bagus ubah paskes mudah,bagus ubah faskes mudah,"['bagus', 'ubah', 'faskes', 'mudah']","['bagus', 'ubah', 'faskes', 'mudah']","['bagus', 'ubah', 'faskes', 'mudah']","['bagus', 'ubah', 'faskes', 'mudah']",bagus ubah faskes mudah
90c8d685-be25-4c52-9853-4429b3cefed7,bagus,5,2026-06-19,12,Juni,positif,bagus,bagus,['bagus'],['bagus'],['bagus'],['bagus'],bagus
90eba03d-35e8-4adb-a836-4b562f388c54,sangat muda di pahami mantap,5,2026-06-10,20,Juni,positif,sangat muda di pahami mantap,sangat mudah di pahami mantap,"['sangat', 'mudah', 'di', 'pahami', 'mantap']","['sangat', 'mudah', 'pahami', 'mantap']","['sangat', 'mudah', 'pahami', 'mantap']","['sangat', 'mudah', 'paham', 'mantap']",sangat mudah paham mantap
911b2e67-0a07-4fd6-b2a0-6c06f38bc11c,oke,5,2026-08-29,16,Agustus,positif,oke,oke,['oke'],['oke'],['oke'],['oke'],oke
916a74f1-3a6d-4e48-9de3-4d8e4e195e59,aplikasi sudah bagus,5,2026-06-19,10,Juni,positif,aplikasi sudah bagus,aplikasi sudah bagus,"['aplikasi', 'sudah', 'bagus']","['aplikasi', 'bagus']","['aplikasi', 'bagus']","['aplikasi', 'bagus']",aplikasi bagus
916e72b8-706c-44dd-bd15-5c59e2a6d539,"sejauh saya gunakan, BAGUS, JARANG ERROR",5,2026-08-01,17,Agustus,positif,sejauh saya gunakan bagus jarang error,sejauh saya gunakan bagus jarang error,"['sejauh', 'saya', 'gunakan', 'bagus', 'jarang', 'error']","['sejauh', 'gunakan', 'bagus', 'jarang', 'error']","['sejauh', 'gunakan', 'bagus', 'jarang', 'error']","['jauh', 'guna', 'bagus', 'jarang', 'error']",jauh guna bagus jarang error
917da4f7-03d4-4f22-bf73-66cf5fc3cafb,ok,5,2026-08-07,16,Agustus,positif,ok,oke,['oke'],['oke'],['oke'],['oke'],oke
919fba67-b899-4713-a901-82ef65dba87c,cek sudah aktif atau belum,5,2026-07-20,17,Juli,netral,cek sudah aktif atau belum,cek sudah aktif atau belum,"['cek', 'sudah', 'aktif', 'atau', 'belum']","['cek', 'aktif']","['cek', 'aktif']","['cek', 'aktif']",cek aktif
91a65c52-fa85-4374-a067-29e4563dcab1,"pelayanan sangat memuaskan, bagus, cepat",5,2026-07-07,9,Juli,positif,pelayanan sangat memuaskan bagus cepat,pelayanan sangat memuaskan bagus cepat,"['pelayanan', 'sangat', 'memuaskan', 'bagus', 'cepat']","['pelayanan', 'sangat', 'memuaskan', 'bagus', 'cepat']","['pelayanan', 'sangat', 'memuaskan', 'bagus', 'cepat']","['layan', 'sangat', 'muas', 'bagus', 'cepat']",layan sangat muas bagus cepat
91a6b71c-89ac-418d-8392-a2ce7cfcd4af,"apk aneh, otp kagak dapet2. mau daftar pun sulit kali",1,2026-06-16,8,Juni,negatif,apk aneh otp kagak dapet2 mau daftar pun sulit kali,aplikasi aneh otp tidak dapat mau daftar pun sulit kali,"['aplikasi', 'aneh', 'otp', 'tidak', 'dapat', 'mau', 'daftar', 'pun', 'sulit', 'kali']","['aplikasi', 'aneh', 'otp', 'tidak', 'mau', 'daftar', 'sulit', 'kali']","['aplikasi', 'aneh', 'otp', 'tidak', 'tidak_mau', 'daftar', 'sulit', 'kali']","['aplikasi', 'aneh', 'otp', 'tidak', 'tidak_mau', 'daftar', 'sulit', 'kali']",aplikasi aneh otp tidak tidak_mau daftar sulit kali
91bde0e6-cfc9-4543-a54a-c565faae9ac8,sangat menjamin kesehatan warga negara. God Bless BPJS Kesehatan,5,2026-08-26,8,Agustus,positif,sangat menjamin kesehatan warga negara god bless bpjs kesehatan,sangat menjamin kesehatan warga negara god bless bpjs kesehatan,"['sangat', 'menjamin', 'kesehatan', 'warga', 'negara', 'god', 'bless', 'bpjs', 'kesehatan']","['sangat', 'menjamin', 'kesehatan', 'warga', 'negara', 'god', 'bless', 'bpjs', 'kesehatan']","['sangat', 'menjamin', 'kesehatan', 'warga', 'negara', 'god', 'bless', 'bpjs', 'kesehatan']","['sangat', 'jamin', 'sehat', 'warga', 'negara', 'god', 'bless', 'bpjs', 'sehat']",sangat jamin sehat warga negara god bless bpjs sehat
91df38d2-80e5-420e-bb6d-f51e3cda7799,"Tolong dong, aku dah pake 2 kali ini apk syukur masih manjur. Tapi kenapa pas saya pake lagi, mau daftar nomor antrian malah tidak bisa, katanya ""permintaan belum bisa di proses"". Mau di bilang habis masa rujukan, eh tapi belom habis masa nya dan baru hari ke 2 kontrol ke rumah sakit (karena katanya batas kontrol RS itu hanya 3 hari).",4,2026-08-31,14,Agustus,negatif,tolong dong aku dah pake 2 kali ini apk syukur masih manjur tapi kenapa pas saya pake lagi mau daftar nomor antrian malah tidak bisa katanya permintaan belum bisa di proses mau di bilang habis masa rujukan eh tapi belom habis masa nya dan baru hari ke 2 kontrol ke rumah sakit karena katanya batas kontrol rs itu hanya 3 hari,tolong dong aku sudah pakai 2 kali ini aplikasi syukur masih manjur tapi kenapa pas saya pakai lagi mau daftar nomor antrean malah tidak bisa katanya permintaan belum bisa di proses mau di bilang habis masa rujukan eh tapi belum habis masa nya dan baru hari ke 2 kontrol ke rumah sakit karena katanya batas kontrol rumah sakit itu hanya 3 hari,"['tolong', 'dong', 'aku', 'sudah', 'pakai', '2', 'kali', 'ini', 'aplikasi', 'syukur', 'masih', 'manjur', 'tapi', 'kenapa', 'pas', 'saya', 'pakai', 'lagi', 'mau', 'daftar', 'nomor', 'antrean', 'malah', 'tidak', 'bisa', 'katanya', 'permintaan', 'belum', 'bisa', 'di', 'proses', 'mau', 'di', 'bilang', 'habis', 'masa', 'rujukan', 'eh', 'tapi', 'belum', 'habis', 'masa', 'nya', 'dan', 'baru', 'hari', 'ke', '2', 'kontrol', 'ke', 'rumah', 'sakit', 'karena', 'katanya', 'batas', 'kontrol', 'rumah', 'sakit', 'itu', 'hanya', '3', 'hari']","['dong', 'aku', 'pakai', '2', 'kali', 'aplikasi', 'syukur', 'manjur', 'pas', 'pakai', 'mau', 'daftar', 'nomor', 'antrean', 'malah', 'tidak', 'katanya', 'permintaan', 'proses', 'mau', 'bilang', 'habis', 'masa', 'rujukan', 'eh', 'habis', 'masa', 'baru', 'hari', '2', 'kontrol', 'rumah', 'sakit', 'katanya', 'batas', 'kontrol', 'rumah', 'sakit', '3', 'hari']","['dong', 'aku', 'pakai', '2', 'kali', 'aplikasi', 'syukur', 'manjur', 'pas', 'pakai', 'mau', 'daftar', 'nomor', 'antrean', 'malah', 'tidak', 'tidak_katanya', 'permintaan', 'proses', 'mau', 'bilang', 'habis', 'masa', 'rujukan', 'eh', 'habis', 'masa', 'baru', 'hari', '2', 'kontrol', 'rumah', 'sakit', 'katanya', 'batas', 'kontrol', 'rumah', 'sakit', '3', 'hari']","['dong', 'aku', 'pakai', '2', 'kali', 'aplikasi', 'syukur', 'manjur', 'pas', 'pakai', 'mau', 'daftar', 'nomor', 'antre', 'malah', 'tidak', 'tidak_kata', 'minta', 'proses', 'mau', 'bilang', 'habis', 'masa', 'rujuk', 'eh', 'habis', 'masa', 'baru', 'hari', '2', 'kontrol', 'rumah', 'sakit', 'kata', 'batas', 'kontrol', 'rumah', 'sakit', '3', 'hari']",dong aku pakai 2 kali aplikasi syukur manjur pas pakai mau daftar nomor antre malah tidak tidak_kata minta proses mau bilang habis masa rujuk eh habis masa baru hari 2 kontrol rumah sakit kata batas kontrol rumah sakit 3 hari
921a6e8a-2b2e-4aef-8e15-fc88703f89fd,"udah foto suah verivikasi , sekalinya berhasil , eh verifikasi no hp nya ga bisa2 , ribet2",1,2026-06-03,7,Juni,negatif,udah foto suah verivikasi sekalinya berhasil eh verifikasi no hp nya ga bisa2 ribet2,sudah foto sudah verifikasi sekalinya berhasil eh verifikasi nomor ponsel nya tidak bisa rumit,"['sudah', 'foto', 'sudah', 'verifikasi', 'sekalinya', 'berhasil', 'eh', 'verifikasi', 'nomor', 'ponsel', 'nya', 'tidak', 'bisa', 'rumit']","['foto', 'verifikasi', 'sekalinya', 'berhasil', 'eh', 'verifikasi', 'nomor', 'ponsel', 'tidak', 'rumit']","['foto', 'verifikasi', 'sekalinya', 'berhasil', 'eh', 'verifikasi', 'nomor', 'ponsel', 'tidak', 'tidak_rumit']","['foto', 'verifikasi', 'sekali', 'hasil', 'eh', 'verifikasi', 'nomor', 'ponsel', 'tidak', 'tidak_rumit']",foto verifikasi sekali hasil eh verifikasi nomor ponsel tidak tidak_rumit
9248c8da-f387-4d15-ad3a-280c1b984ab9,"apalah mau verifikasi SMS nya susah kali, gagal terus",2,2026-07-24,13,Juli,negatif,apalah mau verifikasi sms nya susah kali gagal terus,apalah mau verifikasi sms nya susah kali gagal terus,"['apalah', 'mau', 'verifikasi', 'sms', 'nya', 'susah', 'kali', 'gagal', 'terus']","['apalah', 'mau', 'verifikasi', 'sms', 'susah', 'kali', 'gagal', 'terus']","['apalah', 'mau', 'verifikasi', 'sms', 'susah', 'kali', 'gagal', 'terus']","['apa', 'mau', 'verifikasi', 'sms', 'susah', 'kali', 'gagal', 'terus']",apa mau verifikasi sms susah kali gagal terus
92864947-1061-401d-af0e-223433ee6d24,ko sekarang sulit di buka,5,2026-07-23,8,Juli,negatif,ko sekarang sulit di buka,kok sekarang sulit dibuka,"['kok', 'sekarang', 'sulit', 'dibuka']","['kok', 'sekarang', 'sulit', 'dibuka']","['kok', 'sekarang', 'sulit', 'dibuka']","['kok', 'sekarang', 'sulit', 'buka']",kok sekarang sulit buka
92c295bf-d506-427b-94dc-dcdf18353639,apk makin bagus. mantap,5,2026-07-29,9,Juli,positif,apk makin bagus mantap,aplikasi makin bagus mantap,"['aplikasi', 'makin', 'bagus', 'mantap']","['aplikasi', 'makin', 'bagus', 'mantap']","['aplikasi', 'makin', 'bagus', 'mantap']","['aplikasi', 'makin', 'bagus', 'mantap']",aplikasi makin bagus mantap
92c36f34-a0e7-4937-9f74-7d68150078ec,nomor Hp tidak bisa di Update.,5,2026-06-04,10,Juni,negatif,nomor hp tidak bisa di update,nomor ponsel tidak bisa di pembaruan,"['nomor', 'ponsel', 'tidak', 'bisa', 'di', 'pembaruan']","['nomor', 'ponsel', 'tidak', 'pembaruan']","['nomor', 'ponsel', 'tidak', 'tidak_pembaruan']","['nomor', 'ponsel', 'tidak', 'tidak_baru']",nomor ponsel tidak tidak_baru
92fc1be2-1a37-4331-ac49-2e20bbb13e43,nih dah gw kasih bintang gede BACA YANG BETUL program lo aneh banget mempersulit orang yang berobat tau dikit² update harus login ulang terus ANEH,5,2026-06-11,18,Juni,negatif,nih dah gw kasih bintang gede baca yang betul program lo aneh banget mempersulit orang yang berobat tau dikit2 update harus login ulang terus aneh,ini sudah saya kasih bintang besar baca yang betul program kamu aneh sangat mempersulit orang yang berobat tahu sedikit-sedikit pembaruan harus login ulang terus aneh,"['ini', 'sudah', 'saya', 'kasih', 'bintang', 'besar', 'baca', 'yang', 'betul', 'program', 'kamu', 'aneh', 'sangat', 'mempersulit', 'orang', 'yang', 'berobat', 'tahu', 'sedikit-sedikit', 'pembaruan', 'harus', 'login', 'ulang', 'terus', 'aneh']","['kasih', 'bintang', 'besar', 'baca', 'betul', 'program', 'kamu', 'aneh', 'sangat', 'mempersulit', 'orang', 'berobat', 'tahu', 'sedikit-sedikit', 'pembaruan', 'login', 'ulang', 'terus', 'aneh']","['kasih', 'bintang', 'besar', 'baca', 'betul', 'program', 'kamu', 'aneh', 'sangat', 'mempersulit', 'orang', 'berobat', 'tahu', 'sedikit-sedikit', 'pembaruan', 'login', 'ulang', 'terus', 'aneh']","['kasih', 'bintang', 'besar', 'baca', 'betul', 'program', 'kamu', 'aneh', 'sangat', 'sulit', 'orang', 'obat', 'tahu', 'sedikit', 'baru', 'login', 'ulang', 'terus', 'aneh']",kasih bintang besar baca betul program kamu aneh sangat sulit orang obat tahu sedikit baru login ulang terus aneh
936a0cdd-cf61-45cd-97e4-992ca1f3befe,"ini gimana sihh mau daftar akun tapi verifikasi nomor HP ga kekirim gimana caranya mau verifikasi kalau angka verifikasi nya saja ga bisa kekirim lewat SMS, aplikasi rusak udah coba beberapa kali tapi ga ada sms masuk padahal nomor sudah benar dan nomor HP masih aktif tapi tidak ada angka verifikasi yang masuk di SMS terus gimana cara daftar nya? ga jelas banget cari solusi di cs nya juga ga dapat apa apa, terus minta ulang kode nya harus nunggu 5 menit aplikasi ga jelas",1,2026-06-09,19,Juni,negatif,ini gimana sihh mau daftar akun tapi verifikasi nomor hp ga kekirim gimana caranya mau verifikasi kalau angka verifikasi nya saja ga bisa kekirim lewat sms aplikasi rusak udah coba beberapa kali tapi ga ada sms masuk padahal nomor sudah benar dan nomor hp masih aktif tapi tidak ada angka verifikasi yang masuk di sms terus gimana cara daftar nya ga jelas banget cari solusi di cs nya juga ga dapat apa apa terus minta ulang kode nya harus nunggu 5 menit aplikasi ga jelas,ini bagaimana sih mau daftar akun tapi verifikasi nomor ponsel tidak terkirim bagaimana caranya mau verifikasi kalau angka verifikasi nya saja tidak bisa terkirim lewat sms aplikasi rusak sudah coba beberapa kali tapi tidak ada sms masuk padahal nomor sudah benar dan nomor ponsel masih aktif tapi tidak ada angka verifikasi yang masuk di sms terus bagaimana cara daftar nya tidak jelas sangat cari solusi di layanan pelanggan nya juga tidak dapat apa apa terus minta ulang kode nya harus menunggu 5 menit aplikasi tidak jelas,"['ini', 'bagaimana', 'sih', 'mau', 'daftar', 'akun', 'tapi', 'verifikasi', 'nomor', 'ponsel', 'tidak', 'terkirim', 'bagaimana', 'caranya', 'mau', 'verifikasi', 'kalau', 'angka', 'verifikasi', 'nya', 'saja', 'tidak', 'bisa', 'terkirim', 'lewat', 'sms', 'aplikasi', 'rusak', 'sudah', 'coba', 'beberapa', 'kali', 'tapi', 'tidak', 'ada', 'sms', 'masuk', 'padahal', 'nomor', 'sudah', 'benar', 'dan', 'nomor', 'ponsel', 'masih', 'aktif', 'tapi', 'tidak', 'ada', 'angka', 'verifikasi', 'yang', 'masuk', 'di', 'sms', 'terus', 'bagaimana', 'cara', 'daftar', 'nya', 'tidak', 'jelas', 'sangat', 'cari', 'solusi', 'di', 'layanan', 'pelanggan', 'nya', 'juga', 'tidak', 'dapat', 'apa', 'apa', 'terus', 'minta', 'ulang', 'kode', 'nya', 'harus', 'menunggu', '5', 'menit', 'aplikasi', 'tidak', 'jelas']","['bagaimana', 'sih', 'mau', 'daftar', 'akun', 'verifikasi', 'nomor', 'ponsel', 'tidak', 'terkirim', 'bagaimana', 'caranya', 'mau', 'verifikasi', 'kalau', 'angka', 'verifikasi', 'tidak', 'terkirim', 'lewat', 'sms', 'aplikasi', 'rusak', 'coba', 'beberapa', 'kali', 'tidak', 'sms', 'masuk', 'padahal', 'nomor', 'benar', 'nomor', 'ponsel', 'aktif', 'tidak', 'angka', 'verifikasi', 'masuk', 'sms', 'terus', 'bagaimana', 'cara', 'daftar', 'tidak', 'jelas', 'sangat', 'cari', 'solusi', 'layanan', 'pelanggan', 'tidak', 'apa', 'apa', 'terus', 'minta', 'ulang', 'kode', 'menunggu', '5', 'menit', 'aplikasi', 'tidak', 'jelas']","['bagaimana', 'sih', 'mau', 'daftar', 'akun', 'verifikasi', 'nomor', 'ponsel', 'tidak', 'tidak_terkirim', 'bagaimana', 'caranya', 'mau', 'verifikasi', 'kalau', 'angka', 'verifikasi', 'tidak', 'tidak_terkirim', 'lewat', 'sms', 'aplikasi', 'rusak', 'coba', 'beberapa', 'kali', 'tidak', 'tidak_sms', 'masuk', 'padahal', 'nomor', 'benar', 'nomor', 'ponsel', 'aktif', 'tidak', 'tidak_angka', 'verifikasi', 'masuk', 'sms', 'terus', 'bagaimana', 'cara', 'daftar', 'tidak', 'tidak_jelas', 'sangat', 'cari', 'solusi', 'layanan', 'pelanggan', 'tidak', 'tidak_apa', 'apa', 'terus', 'minta', 'ulang', 'kode', 'menunggu', '5', 'menit', 'aplikasi', 'tidak', 'tidak_jelas']","['bagaimana', 'sih', 'mau', 'daftar', 'akun', 'verifikasi', 'nomor', 'ponsel', 'tidak', 'tidak_kirim', 'bagaimana', 'cara', 'mau', 'verifikasi', 'kalau', 'angka', 'verifikasi', 'tidak', 'tidak_kirim', 'lewat', 'sms', 'aplikasi', 'rusak', 'coba', 'beberapa', 'kali', 'tidak', 'tidak_sms', 'masuk', 'padahal', 'nomor', 'benar', 'nomor', 'ponsel', 'aktif', 'tidak', 'tidak_angka', 'verifikasi', 'masuk', 'sms', 'terus', 'bagaimana', 'cara', 'daftar', 'tidak', 'tidak_jelas', 'sangat', 'cari', 'solusi', 'layan', 'langgan', 'tidak', 'tidak_apa', 'apa', 'terus', 'minta', 'ulang', 'kode', 'tunggu', '5', 'menit', 'aplikasi', 'tidak', 'tidak_jelas']",bagaimana sih mau daftar akun verifikasi nomor ponsel tidak tidak_kirim bagaimana cara mau verifikasi kalau angka verifikasi tidak tidak_kirim lewat sms aplikasi rusak coba beberapa kali tidak tidak_sms masuk padahal nomor benar nomor ponsel aktif tidak tidak_angka verifikasi masuk sms terus bagaimana cara daftar tidak tidak_jelas sangat cari solusi layan langgan tidak tidak_apa apa terus minta ulang kode tunggu 5 menit aplikasi tidak tidak_jelas
93729d33-e9a0-4b84-9cdb-316c1d46eeb6,bagus semakin mudah pelayanan nyaaa,5,2026-08-15,8,Agustus,positif,bagus semakin mudah pelayanan nyaaa,bagus semakin mudah pelayanan nya,"['bagus', 'semakin', 'mudah', 'pelayanan', 'nya']","['bagus', 'semakin', 'mudah', 'pelayanan']","['bagus', 'semakin', 'mudah', 'pelayanan']","['bagus', 'makin', 'mudah', 'layan']",bagus makin mudah layan
939cb6b0-dff5-40e9-b1d9-a83157be2d4c,keren aplikasinya,5,2026-06-01,20,Juni,positif,keren aplikasinya,keren aplikasinya,"['keren', 'aplikasinya']","['keren', 'aplikasinya']","['keren', 'aplikasinya']","['keren', 'aplikasi']",keren aplikasi
93d0b09c-eecd-454e-a51c-67125c5b6003,"aplikasi aneh minta kode nggak di kirim"" rugi kah nolong orang cuman mau daftar aja sms di persulit",1,2026-06-23,19,Juni,negatif,aplikasi aneh minta kode nggak di kirim rugi kah nolong orang cuman mau daftar aja sms di persulit,aplikasi aneh minta kode tidak dikirim rugi kah menolong orang hanya mau daftar saja sms dipersulit,"['aplikasi', 'aneh', 'minta', 'kode', 'tidak', 'dikirim', 'rugi', 'kah', 'menolong', 'orang', 'hanya', 'mau', 'daftar', 'saja', 'sms', 'dipersulit']","['aplikasi', 'aneh', 'minta', 'kode', 'tidak', 'dikirim', 'rugi', 'menolong', 'orang', 'mau', 'daftar', 'sms', 'dipersulit']","['aplikasi', 'aneh', 'minta', 'kode', 'tidak', 'tidak_dikirim', 'rugi', 'menolong', 'orang', 'mau', 'daftar', 'sms', 'dipersulit']","['aplikasi', 'aneh', 'minta', 'kode', 'tidak', 'tidak_kirim', 'rugi', 'tolong', 'orang', 'mau', 'daftar', 'sms', 'sulit']",aplikasi aneh minta kode tidak tidak_kirim rugi tolong orang mau daftar sms sulit
93dfa906-e7cb-4055-b2f8-347196024449,Aplikasi ini benar benar sangat membantu trimakasih,5,2026-08-03,7,Agustus,positif,aplikasi ini benar benar sangat membantu trimakasih,aplikasi ini benar benar sangat membantu terima kasih,"['aplikasi', 'ini', 'benar', 'benar', 'sangat', 'membantu', 'terima', 'kasih']","['aplikasi', 'benar', 'benar', 'sangat', 'membantu', 'terima', 'kasih']","['aplikasi', 'benar', 'benar', 'sangat', 'membantu', 'terima', 'kasih']","['aplikasi', 'benar', 'benar', 'sangat', 'bantu', 'terima', 'kasih']",aplikasi benar benar sangat bantu terima kasih
93e64c5d-b753-45b3-a61c-1bd104ee6782,"rusak cok, verifikasi otp nya ga kekirim-kirim",3,2026-08-19,15,Agustus,negatif,rusak cok verifikasi otp nya ga kekirim kirim,rusak cok verifikasi otp nya tidak terkirim kirim,"['rusak', 'cok', 'verifikasi', 'otp', 'nya', 'tidak', 'terkirim', 'kirim']","['rusak', 'cok', 'verifikasi', 'otp', 'tidak', 'terkirim', 'kirim']","['rusak', 'cok', 'verifikasi', 'otp', 'tidak', 'tidak_terkirim', 'kirim']","['rusak', 'cok', 'verifikasi', 'otp', 'tidak', 'tidak_kirim', 'kirim']",rusak cok verifikasi otp tidak tidak_kirim kirim
93fae541-bc34-41fb-97e5-36fff4cf6677,penggunaan kurang nyaman mohon ikon nya diperbaiki lagi ya masih banyak bugnya dan juga sering terjadi gangguan jaringan pdahal sinyal internet nya enak banget semoga bisa update lebih baik lagi karena suka banget dengan aplikasi nya,3,2026-08-03,10,Agustus,negatif,penggunaan kurang nyaman mohon ikon nya diperbaiki lagi ya masih banyak bugnya dan juga sering terjadi gangguan jaringan pdahal sinyal internet nya enak banget semoga bisa update lebih baik lagi karena suka banget dengan aplikasi nya,penggunaan kurang nyaman mohon ikon nya diperbaiki lagi ya masih banyak bugnya dan juga sering terjadi gangguan jaringan padahal sinyal internet nya enak sangat semoga bisa pembaruan lebih baik lagi karena suka sangat dengan aplikasi nya,"['penggunaan', 'kurang', 'nyaman', 'mohon', 'ikon', 'nya', 'diperbaiki', 'lagi', 'ya', 'masih', 'banyak', 'bugnya', 'dan', 'juga', 'sering', 'terjadi', 'gangguan', 'jaringan', 'padahal', 'sinyal', 'internet', 'nya', 'enak', 'sangat', 'semoga', 'bisa', 'pembaruan', 'lebih', 'baik', 'lagi', 'karena', 'suka', 'sangat', 'dengan', 'aplikasi', 'nya']","['penggunaan', 'kurang', 'nyaman', 'mohon', 'ikon', 'diperbaiki', 'banyak', 'bugnya', 'sering', 'terjadi', 'gangguan', 'jaringan', 'padahal', 'sinyal', 'internet', 'enak', 'sangat', 'semoga', 'pembaruan', 'lebih', 'baik', 'suka', 'sangat', 'aplikasi']","['penggunaan', 'kurang', 'nyaman', 'mohon', 'ikon', 'diperbaiki', 'banyak', 'bugnya', 'sering', 'terjadi', 'gangguan', 'jaringan', 'padahal', 'sinyal', 'internet', 'enak', 'sangat', 'semoga', 'pembaruan', 'lebih', 'baik', 'suka', 'sangat', 'aplikasi']","['guna', 'kurang', 'nyaman', 'mohon', 'ikon', 'perbaiki', 'banyak', 'bugnya', 'sering', 'jadi', 'ganggu', 'jaring', 'padahal', 'sinyal', 'internet', 'enak', 'sangat', 'moga', 'baru', 'lebih', 'baik', 'suka', 'sangat', 'aplikasi']",guna kurang nyaman mohon ikon perbaiki banyak bugnya sering jadi ganggu jaring padahal sinyal internet enak sangat moga baru lebih baik suka sangat aplikasi
94100358-69e4-4759-9244-fe8dad8ee25a,baguss...,4,2026-06-24,20,Juni,positif,baguss,bagus,['bagus'],['bagus'],['bagus'],['bagus'],bagus
94330c74-873a-40a4-a996-f25c52b0b005,mudah di gunakan,4,2026-08-14,15,Agustus,positif,mudah di gunakan,mudah digunakan,"['mudah', 'digunakan']","['mudah', 'digunakan']","['mudah', 'digunakan']","['mudah', 'guna']",mudah guna
94adbb2e-ddb8-4e62-8ec3-843d59c4e8e3,baru mulai pakai aplikasi semoga bagus pelayanan nya,5,2026-07-30,9,Juli,netral,baru mulai pakai aplikasi semoga bagus pelayanan nya,baru mulai pakai aplikasi semoga bagus pelayanan nya,"['baru', 'mulai', 'pakai', 'aplikasi', 'semoga', 'bagus', 'pelayanan', 'nya']","['baru', 'mulai', 'pakai', 'aplikasi', 'semoga', 'bagus', 'pelayanan']","['baru', 'mulai', 'pakai', 'aplikasi', 'semoga', 'bagus', 'pelayanan']","['baru', 'mulai', 'pakai', 'aplikasi', 'moga', 'bagus', 'layan']",baru mulai pakai aplikasi moga bagus layan
94aec86c-02a2-4844-8717-b6a37773d0e8,tolong di revisi masa daftar mlm kg bisa alesan ofline ini kan sistem bukan manusia yg verifikasi,1,2026-08-01,22,Agustus,negatif,tolong di revisi masa daftar mlm kg bisa alesan ofline ini kan sistem bukan manusia yg verifikasi,tolong di revisi masa daftar malam tidak bisa alasan luring ini kan sistem bukan manusia yang verifikasi,"['tolong', 'di', 'revisi', 'masa', 'daftar', 'malam', 'tidak', 'bisa', 'alasan', 'luring', 'ini', 'kan', 'sistem', 'bukan', 'manusia', 'yang', 'verifikasi']","['revisi', 'masa', 'daftar', 'malam', 'tidak', 'alasan', 'luring', 'kan', 'sistem', 'bukan', 'manusia', 'verifikasi']","['revisi', 'masa', 'daftar', 'malam', 'tidak', 'tidak_alasan', 'luring', 'kan', 'sistem', 'bukan', 'manusia', 'verifikasi']","['revisi', 'masa', 'daftar', 'malam', 'tidak', 'tidak_alas', 'luring', 'kan', 'sistem', 'bukan', 'manusia', 'verifikasi']",revisi masa daftar malam tidak tidak_alas luring kan sistem bukan manusia verifikasi
94c4a8a2-d5db-4444-9e02-4c7f01af369b,aplikasi tololl daftar gabisa²,1,2026-08-28,8,Agustus,negatif,aplikasi tololl daftar gabisa2,aplikasi tolol daftar tidak bisa,"['aplikasi', 'tolol', 'daftar', 'tidak', 'bisa']","['aplikasi', 'tolol', 'daftar', 'tidak']","['aplikasi', 'tolol', 'daftar', 'tidak']","['aplikasi', 'tolol', 'daftar', 'tidak']",aplikasi tolol daftar tidak
9566e849-569a-4962-9044-364b6b0c655e,praktis,5,2026-06-14,21,Juni,positif,praktis,praktis,['praktis'],['praktis'],['praktis'],['praktis'],praktis
959fad7d-6ec2-466c-83ac-e47ce2d5c5d0,"Padahal selalu bayar iuran penuh, tapi sistem aplikasinya tidak USER EASIER/ repot",2,2026-06-02,10,Juni,negatif,padahal selalu bayar iuran penuh tapi sistem aplikasinya tidak user easier repot,padahal selalu bayar iuran penuh tapi sistem aplikasinya tidak pengguna lebih mudah repot,"['padahal', 'selalu', 'bayar', 'iuran', 'penuh', 'tapi', 'sistem', 'aplikasinya', 'tidak', 'pengguna', 'lebih', 'mudah', 'repot']","['padahal', 'selalu', 'bayar', 'iuran', 'penuh', 'sistem', 'aplikasinya', 'tidak', 'pengguna', 'lebih', 'mudah', 'repot']","['padahal', 'selalu', 'bayar', 'iuran', 'penuh', 'sistem', 'aplikasinya', 'tidak', 'tidak_pengguna', 'lebih', 'mudah', 'repot']","['padahal', 'selalu', 'bayar', 'iur', 'penuh', 'sistem', 'aplikasi', 'tidak', 'tidak_guna', 'lebih', 'mudah', 'repot']",padahal selalu bayar iur penuh sistem aplikasi tidak tidak_guna lebih mudah repot
95ff59bb-40af-431f-b1fa-8f57c8ac9c0a,MAU MASUK AJA KODE VERIF GAADA,1,2026-06-09,19,Juni,negatif,mau masuk aja kode verif gaada,mau masuk saja kode verifikasi tidak ada,"['mau', 'masuk', 'saja', 'kode', 'verifikasi', 'tidak', 'ada']","['mau', 'masuk', 'kode', 'verifikasi', 'tidak']","['mau', 'masuk', 'kode', 'verifikasi', 'tidak']","['mau', 'masuk', 'kode', 'verifikasi', 'tidak']",mau masuk kode verifikasi tidak
9614bcef-ddb9-409b-90e4-cfdfe65778f8,"Pelayanan BPJS melalui aplikasi JKN sangat bagus karena menghemat waktu, tenaga, dan biaya. JKN top markotop",5,2026-07-29,13,Juli,positif,pelayanan bpjs melalui aplikasi jkn sangat bagus karena menghemat waktu tenaga dan biaya jkn top markotop,pelayanan bpjs melalui aplikasi jkn sangat bagus karena menghemat waktu tenaga dan biaya jkn terbaik sangat bagus,"['pelayanan', 'bpjs', 'melalui', 'aplikasi', 'jkn', 'sangat', 'bagus', 'karena', 'menghemat', 'waktu', 'tenaga', 'dan', 'biaya', 'jkn', 'terbaik', 'sangat', 'bagus']","['pelayanan', 'bpjs', 'melalui', 'aplikasi', 'jkn', 'sangat', 'bagus', 'menghemat', 'waktu', 'tenaga', 'biaya', 'jkn', 'terbaik', 'sangat', 'bagus']","['pelayanan', 'bpjs', 'melalui', 'aplikasi', 'jkn', 'sangat', 'bagus', 'menghemat', 'waktu', 'tenaga', 'biaya', 'jkn', 'terbaik', 'sangat', 'bagus']","['layan', 'bpjs', 'lalu', 'aplikasi', 'jkn', 'sangat', 'bagus', 'hemat', 'waktu', 'tenaga', 'biaya', 'jkn', 'baik', 'sangat', 'bagus']",layan bpjs lalu aplikasi jkn sangat bagus hemat waktu tenaga biaya jkn baik sangat bagus
96524fa1-3d41-4940-87c6-119a4ef978f0,apk jelek daftar ajh susah buat aph di adain onlain kalau susah daftar nyh,1,2026-07-12,20,Juli,negatif,apk jelek daftar ajh susah buat aph di adain onlain kalau susah daftar nyh,aplikasi jelek daftar saja susah buat apa di adakan daring kalau susah daftar nya,"['aplikasi', 'jelek', 'daftar', 'saja', 'susah', 'buat', 'apa', 'di', 'adakan', 'daring', 'kalau', 'susah', 'daftar', 'nya']","['aplikasi', 'jelek', 'daftar', 'susah', 'buat', 'apa', 'adakan', 'daring', 'kalau', 'susah', 'daftar']","['aplikasi', 'jelek', 'daftar', 'susah', 'buat', 'apa', 'adakan', 'daring', 'kalau', 'susah', 'daftar']","['aplikasi', 'jelek', 'daftar', 'susah', 'buat', 'apa', 'adakan', 'daring', 'kalau', 'susah', 'daftar']",aplikasi jelek daftar susah buat apa adakan daring kalau susah daftar
968ef760-97fc-45f7-961d-978cc5b8b226,semoga beneran cpt pelayanannya,5,2026-06-09,7,Juni,netral,semoga beneran cpt pelayanannya,semoga benar-benar cepat pelayanannya,"['semoga', 'benar-benar', 'cepat', 'pelayanannya']","['semoga', 'benar-benar', 'cepat', 'pelayanannya']","['semoga', 'benar-benar', 'cepat', 'pelayanannya']","['moga', 'benar', 'cepat', 'layan']",moga benar cepat layan
96b7147a-9ed8-4c48-903b-13a1be0cf6cb,Jaminan Kesehatan semoga semakin baik dan profesional ramah murah dalam pelayanan maksimalnya,5,2026-07-31,15,Juli,netral,jaminan kesehatan semoga semakin baik dan profesional ramah murah dalam pelayanan maksimalnya,jaminan kesehatan semoga semakin baik dan profesional ramah murah dalam pelayanan maksimalnya,"['jaminan', 'kesehatan', 'semoga', 'semakin', 'baik', 'dan', 'profesional', 'ramah', 'murah', 'dalam', 'pelayanan', 'maksimalnya']","['jaminan', 'kesehatan', 'semoga', 'semakin', 'baik', 'profesional', 'ramah', 'murah', 'pelayanan', 'maksimalnya']","['jaminan', 'kesehatan', 'semoga', 'semakin', 'baik', 'profesional', 'ramah', 'murah', 'pelayanan', 'maksimalnya']","['jamin', 'sehat', 'moga', 'makin', 'baik', 'profesional', 'ramah', 'murah', 'layan', 'maksimal']",jamin sehat moga makin baik profesional ramah murah layan maksimal
97319322-5f3e-4a2d-adc3-e42bcca3d637,pelayanan tetap sama rata,5,2026-06-12,10,Juni,netral,pelayanan tetap sama rata,pelayanan tetap sama rata,"['pelayanan', 'tetap', 'sama', 'rata']","['pelayanan', 'tetap', 'sama', 'rata']","['pelayanan', 'tetap', 'sama', 'rata']","['layan', 'tetap', 'sama', 'rata']",layan tetap sama rata
97409496-100b-4ef1-8c0e-7d042ba0c471,terima kasih,5,2026-07-30,21,Juli,positif,terima kasih,terima kasih,"['terima', 'kasih']","['terima', 'kasih']","['terima', 'kasih']","['terima', 'kasih']",terima kasih
9795bb4e-fda9-4cc8-8049-0f99cfb8aa57,kacau,1,2026-07-20,16,Juli,negatif,kacau,kacau,['kacau'],['kacau'],['kacau'],['kacau'],kacau
979ab51c-0663-44a6-8cdd-47973f9c5e9d,untuk keseluruhan pokoknya keren,5,2026-08-28,10,Agustus,positif,untuk keseluruhan pokoknya keren,untuk keseluruhan pokoknya keren,"['untuk', 'keseluruhan', 'pokoknya', 'keren']","['keseluruhan', 'pokoknya', 'keren']","['keseluruhan', 'pokoknya', 'keren']","['seluruh', 'pokok', 'keren']",seluruh pokok keren
97af7ead-20fa-42a6-a6b0-34fd1dd4ef26,mudah sekali daftar nya,5,2026-08-02,21,Agustus,positif,mudah sekali daftar nya,mudah sekali daftar nya,"['mudah', 'sekali', 'daftar', 'nya']","['mudah', 'sekali', 'daftar']","['mudah', 'sekali', 'daftar']","['mudah', 'sekali', 'daftar']",mudah sekali daftar
9802072e-4010-4118-bc02-7661eadc1cab,mantab,5,2026-07-07,22,Juli,positif,mantab,mantap,['mantap'],['mantap'],['mantap'],['mantap'],mantap
9842f3a8-709d-4fe7-b09d-f3d7027cc97b,mempermudah akses untuk berobat,5,2026-06-24,10,Juni,positif,mempermudah akses untuk berobat,mempermudah akses untuk berobat,"['mempermudah', 'akses', 'untuk', 'berobat']","['mempermudah', 'akses', 'berobat']","['mempermudah', 'akses', 'berobat']","['mudah', 'akses', 'obat']",mudah akses obat
985ed73e-d4a8-4b1b-99c1-31954e07a421,kenapa harus keluar masuk. masuk nya susah veritifikasi susah. kurang memuaskan,1,2026-08-31,10,Agustus,negatif,kenapa harus keluar masuk masuk nya susah veritifikasi susah kurang memuaskan,kenapa harus keluar masuk masuk nya susah verifikasi susah kurang memuaskan,"['kenapa', 'harus', 'keluar', 'masuk', 'masuk', 'nya', 'susah', 'verifikasi', 'susah', 'kurang', 'memuaskan']","['keluar', 'masuk', 'masuk', 'susah', 'verifikasi', 'susah', 'kurang', 'memuaskan']","['keluar', 'masuk', 'masuk', 'susah', 'verifikasi', 'susah', 'kurang', 'memuaskan']","['keluar', 'masuk', 'masuk', 'susah', 'verifikasi', 'susah', 'kurang', 'muas']",keluar masuk masuk susah verifikasi susah kurang muas
986d18c7-a52d-4587-9555-7cf0d149dabc,"ampun dah susah jdi susah banget masuk aplikasi ini,parah",1,2026-08-05,22,Agustus,negatif,ampun dah susah jdi susah banget masuk aplikasi ini parah,ampun sudah susah jadi susah sangat masuk aplikasi ini parah,"['ampun', 'sudah', 'susah', 'jadi', 'susah', 'sangat', 'masuk', 'aplikasi', 'ini', 'parah']","['ampun', 'susah', 'jadi', 'susah', 'sangat', 'masuk', 'aplikasi', 'parah']","['ampun', 'susah', 'jadi', 'susah', 'sangat', 'masuk', 'aplikasi', 'parah']","['ampun', 'susah', 'jadi', 'susah', 'sangat', 'masuk', 'aplikasi', 'parah']",ampun susah jadi susah sangat masuk aplikasi parah
98bc7916-5f33-4b93-b7de-aea4126f2bde,bagus layannanya,5,2026-07-30,16,Juli,positif,bagus layannanya,bagus layanannya,"['bagus', 'layanannya']","['bagus', 'layanannya']","['bagus', 'layanannya']","['bagus', 'layan']",bagus layan
98cd116b-984f-4e6d-b69a-168eece6de13,"bikin aplikasi yg mudahin masyarakat dong,udah fotonya susah bngt udah masuk ,smsny ga masuk2 ,lewat wa harusnya bisa ini ga ada pilihan,nyebelin bngt",1,2026-07-19,14,Juli,negatif,bikin aplikasi yg mudahin masyarakat dong udah fotonya susah bngt udah masuk smsny ga masuk2 lewat wa harusnya bisa ini ga ada pilihan nyebelin bngt,membuat aplikasi yang memudahkan masyarakat dong sudah fotonya susah sangat sudah masuk smsny tidak masuk lewat whatsapp seharusnya bisa ini tidak ada pilihan menjengkelkan sangat,"['membuat', 'aplikasi', 'yang', 'memudahkan', 'masyarakat', 'dong', 'sudah', 'fotonya', 'susah', 'sangat', 'sudah', 'masuk', 'smsny', 'tidak', 'masuk', 'lewat', 'whatsapp', 'seharusnya', 'bisa', 'ini', 'tidak', 'ada', 'pilihan', 'menjengkelkan', 'sangat']","['membuat', 'aplikasi', 'memudahkan', 'masyarakat', 'dong', 'fotonya', 'susah', 'sangat', 'masuk', 'smsny', 'tidak', 'masuk', 'lewat', 'whatsapp', 'tidak', 'pilihan', 'menjengkelkan', 'sangat']","['membuat', 'aplikasi', 'memudahkan', 'masyarakat', 'dong', 'fotonya', 'susah', 'sangat', 'masuk', 'smsny', 'tidak', 'tidak_masuk', 'lewat', 'whatsapp', 'tidak', 'tidak_pilihan', 'menjengkelkan', 'sangat']","['buat', 'aplikasi', 'mudah', 'masyarakat', 'dong', 'foto', 'susah', 'sangat', 'masuk', 'smsny', 'tidak', 'tidak_masuk', 'lewat', 'whatsapp', 'tidak', 'tidak_pilih', 'jengkel', 'sangat']",buat aplikasi mudah masyarakat dong foto susah sangat masuk smsny tidak tidak_masuk lewat whatsapp tidak tidak_pilih jengkel sangat
98e022f8-033e-4542-bca3-bcb8e1dae8e5,sangat bagus dan membantu,5,2026-06-09,7,Juni,positif,sangat bagus dan membantu,sangat bagus dan membantu,"['sangat', 'bagus', 'dan', 'membantu']","['sangat', 'bagus', 'membantu']","['sangat', 'bagus', 'membantu']","['sangat', 'bagus', 'bantu']",sangat bagus bantu
990809da-a3b7-4ebe-806b-efedc90ef1b7,mantap,5,2026-08-06,13,Agustus,positif,mantap,mantap,['mantap'],['mantap'],['mantap'],['mantap'],mantap
9922db0f-dc35-4281-b33b-6e13963ca538,sangat puas,5,2026-07-16,11,Juli,positif,sangat puas,sangat puas,"['sangat', 'puas']","['sangat', 'puas']","['sangat', 'puas']","['sangat', 'puas']",sangat puas
99262a7d-772a-4814-b2c9-f1e02aea261b,sangat bermanfaat bagi saya dan keluarga,5,2026-08-25,19,Agustus,positif,sangat bermanfaat bagi saya dan keluarga,sangat bermanfaat bagi saya dan keluarga,"['sangat', 'bermanfaat', 'bagi', 'saya', 'dan', 'keluarga']","['sangat', 'bermanfaat', 'keluarga']","['sangat', 'bermanfaat', 'keluarga']","['sangat', 'manfaat', 'keluarga']",sangat manfaat keluarga
99b5f0a0-99dc-44b2-8555-6be2ce5699e9,"aplikasi sangat buruk, verifikasi nomor telepon ga bisa bisa, udah di coba sampe berkali kali tetep ga bisa... kenapa sih harus di buat ribet gini.... ya Allah",1,2026-08-07,13,Agustus,negatif,aplikasi sangat buruk verifikasi nomor telepon ga bisa bisa udah di coba sampe berkali kali tetep ga bisa kenapa sih harus di buat ribet gini ya allah,aplikasi sangat buruk verifikasi nomor telepon tidak bisa sudah dicoba sampai berkali kali tetap tidak bisa kenapa sih harus di buat rumit begini ya allah,"['aplikasi', 'sangat', 'buruk', 'verifikasi', 'nomor', 'telepon', 'tidak', 'bisa', 'sudah', 'dicoba', 'sampai', 'berkali', 'kali', 'tetap', 'tidak', 'bisa', 'kenapa', 'sih', 'harus', 'di', 'buat', 'rumit', 'begini', 'ya', 'allah']","['aplikasi', 'sangat', 'buruk', 'verifikasi', 'nomor', 'telepon', 'tidak', 'dicoba', 'berkali', 'kali', 'tetap', 'tidak', 'sih', 'buat', 'rumit', 'begini', 'allah']","['aplikasi', 'sangat', 'buruk', 'verifikasi', 'nomor', 'telepon', 'tidak', 'tidak_dicoba', 'berkali', 'kali', 'tetap', 'tidak', 'tidak_sih', 'buat', 'rumit', 'begini', 'allah']","['aplikasi', 'sangat', 'buruk', 'verifikasi', 'nomor', 'telepon', 'tidak', 'tidak_coba', 'kali', 'kali', 'tetap', 'tidak', 'tidak_sih', 'buat', 'rumit', 'begini', 'allah']",aplikasi sangat buruk verifikasi nomor telepon tidak tidak_coba kali kali tetap tidak tidak_sih buat rumit begini allah
9a471e59-c9d5-4a51-a26a-06e792c33132,kak. ini gimana ya kok susah beneer mau register. mending ga usah pake aplikasi sekalian. mohon untuk segera d perbaiki kak. karna apk ini sudah terhubung dengan rumah sakit,1,2026-06-24,12,Juni,negatif,kak ini gimana ya kok susah beneer mau register mending ga usah pake aplikasi sekalian mohon untuk segera d perbaiki kak karna apk ini sudah terhubung dengan rumah sakit,kak ini bagaimana ya kok susah benar mau registrasi lebih baik tidak usah pakai aplikasi sekalian mohon untuk segera diperbaiki kak karena aplikasi ini sudah terhubung dengan rumah sakit,"['kak', 'ini', 'bagaimana', 'ya', 'kok', 'susah', 'benar', 'mau', 'registrasi', 'lebih', 'baik', 'tidak', 'usah', 'pakai', 'aplikasi', 'sekalian', 'mohon', 'untuk', 'segera', 'diperbaiki', 'kak', 'karena', 'aplikasi', 'ini', 'sudah', 'terhubung', 'dengan', 'rumah', 'sakit']","['kak', 'bagaimana', 'kok', 'susah', 'benar', 'mau', 'registrasi', 'lebih', 'baik', 'tidak', 'usah', 'pakai', 'aplikasi', 'sekalian', 'mohon', 'segera', 'diperbaiki', 'kak', 'aplikasi', 'terhubung', 'rumah', 'sakit']","['kak', 'bagaimana', 'kok', 'susah', 'benar', 'mau', 'registrasi', 'lebih', 'baik', 'tidak', 'tidak_usah', 'pakai', 'aplikasi', 'sekalian', 'mohon', 'segera', 'diperbaiki', 'kak', 'aplikasi', 'terhubung', 'rumah', 'sakit']","['kak', 'bagaimana', 'kok', 'susah', 'benar', 'mau', 'registrasi', 'lebih', 'baik', 'tidak', 'tidak_usah', 'pakai', 'aplikasi', 'sekali', 'mohon', 'segera', 'perbaiki', 'kak', 'aplikasi', 'hubung', 'rumah', 'sakit']",kak bagaimana kok susah benar mau registrasi lebih baik tidak tidak_usah pakai aplikasi sekali mohon segera perbaiki kak aplikasi hubung rumah sakit
9a5b66bb-8ca7-43fc-b3c2-036e5c10f24d,setelah update malah gak jelas,1,2026-06-08,12,Juni,negatif,setelah update malah gak jelas,setelah pembaruan malah tidak jelas,"['setelah', 'pembaruan', 'malah', 'tidak', 'jelas']","['pembaruan', 'malah', 'tidak', 'jelas']","['pembaruan', 'malah', 'tidak', 'tidak_jelas']","['baru', 'malah', 'tidak', 'tidak_jelas']",baru malah tidak tidak_jelas
9a8d2d59-9831-4b5c-9abf-89c09ec617a8,mau buat akun gagal terus udah nyoba 5kali lebih,2,2026-07-18,8,Juli,negatif,mau buat akun gagal terus udah nyoba 5kali lebih,mau buat akun gagal terus sudah mencoba 5 kali lebih,"['mau', 'buat', 'akun', 'gagal', 'terus', 'sudah', 'mencoba', '5', 'kali', 'lebih']","['mau', 'buat', 'akun', 'gagal', 'terus', 'mencoba', '5', 'kali', 'lebih']","['mau', 'buat', 'akun', 'gagal', 'terus', 'mencoba', '5', 'kali', 'lebih']","['mau', 'buat', 'akun', 'gagal', 'terus', 'coba', '5', 'kali', 'lebih']",mau buat akun gagal terus coba 5 kali lebih
9a99f1e3-8343-4e18-bb2f-5e74d4cbb7de,sangat baik,5,2026-07-09,13,Juli,positif,sangat baik,sangat baik,"['sangat', 'baik']","['sangat', 'baik']","['sangat', 'baik']","['sangat', 'baik']",sangat baik
9aa5f480-4cc1-44e8-94e6-ca022d740d38,aplikasi nya tidak membantu sama sekali,1,2026-08-29,7,Agustus,negatif,aplikasi nya tidak membantu sama sekali,aplikasi nya tidak membantu sama sekali,"['aplikasi', 'nya', 'tidak', 'membantu', 'sama', 'sekali']","['aplikasi', 'tidak', 'membantu', 'sama', 'sekali']","['aplikasi', 'tidak', 'tidak_membantu', 'sama', 'sekali']","['aplikasi', 'tidak', 'tidak_bantu', 'sama', 'sekali']",aplikasi tidak tidak_bantu sama sekali
9ae650eb-ebe8-41b3-b430-feb2e5516a51,"baru mau daftar aja gk bisa, kode otp gk masuk²",1,2026-06-11,3,Juni,negatif,baru mau daftar aja gk bisa kode otp gk masuk2,baru mau daftar saja tidak bisa kode otp tidak masuk,"['baru', 'mau', 'daftar', 'saja', 'tidak', 'bisa', 'kode', 'otp', 'tidak', 'masuk']","['baru', 'mau', 'daftar', 'tidak', 'kode', 'otp', 'tidak', 'masuk']","['baru', 'mau', 'daftar', 'tidak', 'tidak_kode', 'otp', 'tidak', 'tidak_masuk']","['baru', 'mau', 'daftar', 'tidak', 'tidak_kode', 'otp', 'tidak', 'tidak_masuk']",baru mau daftar tidak tidak_kode otp tidak tidak_masuk
9afeba14-5215-4864-bc24-3699dbff3539,"siapa di sini ""tersiksa"" karena pendaftaran,",2,2026-06-04,12,Juni,negatif,siapa di sini tersiksa karena pendaftaran,siapa di sini tersiksa karena pendaftaran,"['siapa', 'di', 'sini', 'tersiksa', 'karena', 'pendaftaran']","['siapa', 'sini', 'tersiksa', 'pendaftaran']","['siapa', 'sini', 'tersiksa', 'pendaftaran']","['siapa', 'sini', 'siksa', 'daftar']",siapa sini siksa daftar
9b744d17-5657-4481-9903-47f6239e9e55,"Mustahil bisa verifikasi, sudah masuk malah di kick. verifikasi lagi ga bisa lagi",1,2026-07-22,10,Juli,negatif,mustahil bisa verifikasi sudah masuk malah di kick verifikasi lagi ga bisa lagi,mustahil bisa verifikasi sudah masuk malah di kick verifikasi lagi tidak bisa lagi,"['mustahil', 'bisa', 'verifikasi', 'sudah', 'masuk', 'malah', 'di', 'kick', 'verifikasi', 'lagi', 'tidak', 'bisa', 'lagi']","['mustahil', 'verifikasi', 'masuk', 'malah', 'kick', 'verifikasi', 'tidak']","['mustahil', 'verifikasi', 'masuk', 'malah', 'kick', 'verifikasi', 'tidak']","['mustahil', 'verifikasi', 'masuk', 'malah', 'kick', 'verifikasi', 'tidak']",mustahil verifikasi masuk malah kick verifikasi tidak
9b75190c-4e62-4f00-82e9-195aaf8b0956,apk nya ribet log out otomatis tiap mau berobat harus log in dulu.,1,2026-07-04,4,Juli,negatif,apk nya ribet log out otomatis tiap mau berobat harus log in dulu,aplikasi nya rumit logout otomatis tiap mau berobat harus login dulu,"['aplikasi', 'nya', 'rumit', 'logout', 'otomatis', 'tiap', 'mau', 'berobat', 'harus', 'login', 'dulu']","['aplikasi', 'rumit', 'logout', 'otomatis', 'tiap', 'mau', 'berobat', 'login', 'dulu']","['aplikasi', 'rumit', 'logout', 'otomatis', 'tiap', 'mau', 'berobat', 'login', 'dulu']","['aplikasi', 'rumit', 'logout', 'otomatis', 'tiap', 'mau', 'obat', 'login', 'dulu']",aplikasi rumit logout otomatis tiap mau obat login dulu
9b817b97-211c-4955-8116-2ea05262ad68,apk ribet tiap buka harus masukan no nik ktp,3,2026-06-01,9,Juni,negatif,apk ribet tiap buka harus masukan no nik ktp,aplikasi rumit tiap buka harus masukan nomor nik ktp,"['aplikasi', 'rumit', 'tiap', 'buka', 'harus', 'masukan', 'nomor', 'nik', 'ktp']","['aplikasi', 'rumit', 'tiap', 'buka', 'masukan', 'nomor', 'nik', 'ktp']","['aplikasi', 'rumit', 'tiap', 'buka', 'masukan', 'nomor', 'nik', 'ktp']","['aplikasi', 'rumit', 'tiap', 'buka', 'masuk', 'nomor', 'nik', 'ktp']",aplikasi rumit tiap buka masuk nomor nik ktp
9b8cbbf7-82a7-4371-b1fc-6fcbd243a339,majulah bpjsku,5,2026-08-31,10,Agustus,netral,majulah bpjsku,majulah bpjs saya,"['majulah', 'bpjs', 'saya']","['majulah', 'bpjs']","['majulah', 'bpjs']","['maju', 'bpjs']",maju bpjs
9ba45c84-1d5d-4ce3-9baf-20fb60822a3c,Alhamdulillah sangat membantu,5,2026-08-30,7,Agustus,positif,alhamdulillah sangat membantu,alhamdulillah sangat membantu,"['alhamdulillah', 'sangat', 'membantu']","['alhamdulillah', 'sangat', 'membantu']","['alhamdulillah', 'sangat', 'membantu']","['alhamdulillah', 'sangat', 'bantu']",alhamdulillah sangat bantu
9ba5d505-8eec-4fa9-9d3f-f0b94c0d93ea,ok.. 💪,5,2026-08-12,20,Agustus,positif,ok,oke,['oke'],['oke'],['oke'],['oke'],oke
9ba793a6-c28e-4ddc-8eb0-db1f7fe61df9,Semoga menjadikan Indonesia Yang Kuat dan Sehat serta data yang akurat,5,2026-07-17,23,Juli,netral,semoga menjadikan indonesia yang kuat dan sehat serta data yang akurat,semoga menjadikan indonesia yang kuat dan sehat serta data yang akurat,"['semoga', 'menjadikan', 'indonesia', 'yang', 'kuat', 'dan', 'sehat', 'serta', 'data', 'yang', 'akurat']","['semoga', 'menjadikan', 'indonesia', 'kuat', 'sehat', 'data', 'akurat']","['semoga', 'menjadikan', 'indonesia', 'kuat', 'sehat', 'data', 'akurat']","['moga', 'jadi', 'indonesia', 'kuat', 'sehat', 'data', 'akurat']",moga jadi indonesia kuat sehat data akurat
9bd0e656-c592-49c4-985d-e3d80fa4600c,Allhamdulilah,5,2026-07-17,10,Juli,netral,allhamdulilah,alhamdulillah,['alhamdulillah'],['alhamdulillah'],['alhamdulillah'],['alhamdulillah'],alhamdulillah
9bd35ab3-0b4e-44cd-bda8-231d921213d9,"dipaksa pakai aplikasi, tapi aplikasinya menyusahkan",1,2026-08-23,11,Agustus,negatif,dipaksa pakai aplikasi tapi aplikasinya menyusahkan,dipaksa pakai aplikasi tapi aplikasinya menyusahkan,"['dipaksa', 'pakai', 'aplikasi', 'tapi', 'aplikasinya', 'menyusahkan']","['dipaksa', 'pakai', 'aplikasi', 'aplikasinya', 'menyusahkan']","['dipaksa', 'pakai', 'aplikasi', 'aplikasinya', 'menyusahkan']","['paksa', 'pakai', 'aplikasi', 'aplikasi', 'susah']",paksa pakai aplikasi aplikasi susah
9c2529c6-c9aa-47bc-8c43-dd2901b44d48,tingkatkan dan pertahankan,5,2026-07-18,17,Juli,netral,tingkatkan dan pertahankan,tingkatkan dan pertahankan,"['tingkatkan', 'dan', 'pertahankan']","['tingkatkan', 'pertahankan']","['tingkatkan', 'pertahankan']","['tingkat', 'tahan']",tingkat tahan
9c5d4113-7704-44b0-8656-b023ed0f3e38,Aplikasi Sanga membantu,5,2026-07-14,14,Juli,positif,aplikasi sanga membantu,aplikasi sangat membantu,"['aplikasi', 'sangat', 'membantu']","['aplikasi', 'sangat', 'membantu']","['aplikasi', 'sangat', 'membantu']","['aplikasi', 'sangat', 'bantu']",aplikasi sangat bantu
9c78114b-857e-4e43-82b1-ce802bcad484,kasih fitur kamera belakang lah woi,3,2026-08-19,8,Agustus,netral,kasih fitur kamera belakang lah woi,kasih fitur kamera belakang lah woi,"['kasih', 'fitur', 'kamera', 'belakang', 'lah', 'woi']","['kasih', 'fitur', 'kamera', 'belakang', 'lah', 'woi']","['kasih', 'fitur', 'kamera', 'belakang', 'lah', 'woi']","['kasih', 'fitur', 'kamera', 'belakang', 'lah', 'woi']",kasih fitur kamera belakang lah woi
9c9f7c60-2b4d-4157-a96d-fd587a32bb94,program bagus,5,2026-08-01,9,Agustus,positif,program bagus,program bagus,"['program', 'bagus']","['program', 'bagus']","['program', 'bagus']","['program', 'bagus']",program bagus
9ca530b4-b7f6-4862-8e07-550d01c1fe03,"ampass banget app pemerintah kode otp ga masuk"" makin ribet ajaaa",1,2026-06-10,7,Juni,negatif,ampass banget app pemerintah kode otp ga masuk makin ribet ajaaa,ampas sangat aplikasi pemerintah kode otp tidak masuk makin rumit saja,"['ampas', 'sangat', 'aplikasi', 'pemerintah', 'kode', 'otp', 'tidak', 'masuk', 'makin', 'rumit', 'saja']","['ampas', 'sangat', 'aplikasi', 'pemerintah', 'kode', 'otp', 'tidak', 'masuk', 'makin', 'rumit']","['ampas', 'sangat', 'aplikasi', 'pemerintah', 'kode', 'otp', 'tidak', 'tidak_masuk', 'makin', 'rumit']","['ampas', 'sangat', 'aplikasi', 'perintah', 'kode', 'otp', 'tidak', 'tidak_masuk', 'makin', 'rumit']",ampas sangat aplikasi perintah kode otp tidak tidak_masuk makin rumit
9ccab082-694a-498b-bdc4-cee80fb28a8d,sangat membantu dan nggak sulit apl bagus dan mantap,5,2026-07-28,14,Juli,positif,sangat membantu dan nggak sulit apl bagus dan mantap,sangat membantu dan tidak sulit aplikasi bagus dan mantap,"['sangat', 'membantu', 'dan', 'tidak', 'sulit', 'aplikasi', 'bagus', 'dan', 'mantap']","['sangat', 'membantu', 'tidak', 'sulit', 'aplikasi', 'bagus', 'mantap']","['sangat', 'membantu', 'tidak', 'tidak_sulit', 'aplikasi', 'bagus', 'mantap']","['sangat', 'bantu', 'tidak', 'tidak_sulit', 'aplikasi', 'bagus', 'mantap']",sangat bantu tidak tidak_sulit aplikasi bagus mantap
9cde5dd6-6ebd-436f-b5ef-288fed2a9c2a,mantap,5,2026-06-08,15,Juni,positif,mantap,mantap,['mantap'],['mantap'],['mantap'],['mantap'],mantap
9cf3abd9-52ae-4f1f-912f-6f981c729d73,"ini akun saya kenapa gk bisa dibuka ya ,trus gliran suruh update, perangkat hp anda tidak kompatibel dengan apk ini, mksdnya gmn yah ,udh uninstall gliran mau diinstal gk bsa lg",3,2026-07-27,0,Juli,negatif,ini akun saya kenapa gk bisa dibuka ya trus gliran suruh update perangkat hp anda tidak kompatibel dengan apk ini mksdnya gmn yah udh uninstall gliran mau diinstal gk bsa lg,ini akun saya kenapa tidak bisa dibuka ya terus giliran menyuruh pembaruan perangkat ponsel anda tidak kompatibel dengan aplikasi ini maksudnya bagaimana ya sudah hapus instalasi giliran mau diinstal tidak bisa lagi,"['ini', 'akun', 'saya', 'kenapa', 'tidak', 'bisa', 'dibuka', 'ya', 'terus', 'giliran', 'menyuruh', 'pembaruan', 'perangkat', 'ponsel', 'anda', 'tidak', 'kompatibel', 'dengan', 'aplikasi', 'ini', 'maksudnya', 'bagaimana', 'ya', 'sudah', 'hapus', 'instalasi', 'giliran', 'mau', 'diinstal', 'tidak', 'bisa', 'lagi']","['akun', 'tidak', 'dibuka', 'terus', 'giliran', 'menyuruh', 'pembaruan', 'perangkat', 'ponsel', 'tidak', 'kompatibel', 'aplikasi', 'maksudnya', 'bagaimana', 'hapus', 'instalasi', 'giliran', 'mau', 'diinstal', 'tidak']","['akun', 'tidak', 'tidak_dibuka', 'terus', 'giliran', 'menyuruh', 'pembaruan', 'perangkat', 'ponsel', 'tidak', 'tidak_kompatibel', 'aplikasi', 'maksudnya', 'bagaimana', 'hapus', 'instalasi', 'giliran', 'mau', 'diinstal', 'tidak']","['akun', 'tidak', 'tidak_buka', 'terus', 'gilir', 'suruh', 'baru', 'perangkat', 'ponsel', 'tidak', 'tidak_kompatibel', 'aplikasi', 'maksud', 'bagaimana', 'hapus', 'instalasi', 'gilir', 'mau', 'diinstal', 'tidak']",akun tidak tidak_buka terus gilir suruh baru perangkat ponsel tidak tidak_kompatibel aplikasi maksud bagaimana hapus instalasi gilir mau diinstal tidak
9d255902-c892-4389-8233-db16324005b9,4 bintang dulu,4,2026-06-30,15,Juni,positif,4 bintang dulu,4 bintang dulu,"['4', 'bintang', 'dulu']","['4', 'bintang', 'dulu']","['4', 'bintang', 'dulu']","['4', 'bintang', 'dulu']",4 bintang dulu
9d9b8b1a-fe16-4271-8030-a0157ffc13c7,oke,5,2026-07-23,20,Juli,positif,oke,oke,['oke'],['oke'],['oke'],['oke'],oke
9daa8c39-ba73-4ad7-afde-6c737529364d,mudah untuk perubahan data n tidak sulit,5,2026-06-07,20,Juni,positif,mudah untuk perubahan data n tidak sulit,mudah untuk perubahan data dan tidak sulit,"['mudah', 'untuk', 'perubahan', 'data', 'dan', 'tidak', 'sulit']","['mudah', 'perubahan', 'data', 'tidak', 'sulit']","['mudah', 'perubahan', 'data', 'tidak', 'tidak_sulit']","['mudah', 'ubah', 'data', 'tidak', 'tidak_sulit']",mudah ubah data tidak tidak_sulit
9dd9baaf-19e7-4ef7-9c4a-d6062f32a6d3,pendaftaran online kurang jelas untuk anak harus ke poli KIA dan gak ada keterangan nya padahal sudah pilih siapa yg akan berobat tapi semua poli muncul sebaiknya di perbaiki jika anak2 poli yg bisa di pakai saja yg muncul. mahal pajaknya aplikasinya busuk,1,2026-07-14,8,Juli,negatif,pendaftaran online kurang jelas untuk anak harus ke poli kia dan gak ada keterangan nya padahal sudah pilih siapa yg akan berobat tapi semua poli muncul sebaiknya di perbaiki jika anak2 poli yg bisa di pakai saja yg muncul mahal pajaknya aplikasinya busuk,pendaftaran daring kurang jelas untuk anak harus ke poli kia dan tidak ada keterangan nya padahal sudah pilih siapa yang akan berobat tapi semua poli muncul sebaiknya diperbaiki jika anak-anak poli yang bisa dipakai saja yang muncul mahal pajaknya aplikasinya busuk,"['pendaftaran', 'daring', 'kurang', 'jelas', 'untuk', 'anak', 'harus', 'ke', 'poli', 'kia', 'dan', 'tidak', 'ada', 'keterangan', 'nya', 'padahal', 'sudah', 'pilih', 'siapa', 'yang', 'akan', 'berobat', 'tapi', 'semua', 'poli', 'muncul', 'sebaiknya', 'diperbaiki', 'jika', 'anak-anak', 'poli', 'yang', 'bisa', 'dipakai', 'saja', 'yang', 'muncul', 'mahal', 'pajaknya', 'aplikasinya', 'busuk']","['pendaftaran', 'daring', 'kurang', 'jelas', 'anak', 'poli', 'kia', 'tidak', 'keterangan', 'padahal', 'pilih', 'siapa', 'berobat', 'semua', 'poli', 'muncul', 'sebaiknya', 'diperbaiki', 'anak-anak', 'poli', 'dipakai', 'muncul', 'mahal', 'pajaknya', 'aplikasinya', 'busuk']","['pendaftaran', 'daring', 'kurang', 'jelas', 'anak', 'poli', 'kia', 'tidak', 'tidak_keterangan', 'padahal', 'pilih', 'siapa', 'berobat', 'semua', 'poli', 'muncul', 'sebaiknya', 'diperbaiki', 'anak-anak', 'poli', 'dipakai', 'muncul', 'mahal', 'pajaknya', 'aplikasinya', 'busuk']","['daftar', 'daring', 'kurang', 'jelas', 'anak', 'pol', 'kia', 'tidak', 'tidak_terang', 'padahal', 'pilih', 'siapa', 'obat', 'semua', 'pol', 'muncul', 'baik', 'perbaiki', 'anak', 'pol', 'pakai', 'muncul', 'mahal', 'pajak', 'aplikasi', 'busuk']",daftar daring kurang jelas anak pol kia tidak tidak_terang padahal pilih siapa obat semua pol muncul baik perbaiki anak pol pakai muncul mahal pajak aplikasi busuk
9e04b366-8647-48a3-a882-f846bdcebd88,sering erorr...masuk login susah.,2,2026-06-05,16,Juni,negatif,sering erorr masuk login susah,sering error masuk login susah,"['sering', 'error', 'masuk', 'login', 'susah']","['sering', 'error', 'masuk', 'login', 'susah']","['sering', 'error', 'masuk', 'login', 'susah']","['sering', 'error', 'masuk', 'login', 'susah']",sering error masuk login susah
9e291d2d-eabe-4e0b-8ab3-e4361b1f969d,"perbaikin serverny udah login mau antre malah kelur, verifikasi gbs.",1,2026-07-01,9,Juli,negatif,perbaikin serverny udah login mau antre malah kelur verifikasi gbs,memperbaiki servernya sudah login mau antre malah keluar verifikasi tidak bisa,"['memperbaiki', 'servernya', 'sudah', 'login', 'mau', 'antre', 'malah', 'keluar', 'verifikasi', 'tidak', 'bisa']","['memperbaiki', 'servernya', 'login', 'mau', 'antre', 'malah', 'keluar', 'verifikasi', 'tidak']","['memperbaiki', 'servernya', 'login', 'mau', 'antre', 'malah', 'keluar', 'verifikasi', 'tidak']","['perbaiki', 'servernya', 'login', 'mau', 'antre', 'malah', 'keluar', 'verifikasi', 'tidak']",perbaiki servernya login mau antre malah keluar verifikasi tidak
9e5fb6a2-4b15-4317-bd2d-0d235c05e0cd,Sangat Membantu Masyarakat,5,2026-07-25,11,Juli,positif,sangat membantu masyarakat,sangat membantu masyarakat,"['sangat', 'membantu', 'masyarakat']","['sangat', 'membantu', 'masyarakat']","['sangat', 'membantu', 'masyarakat']","['sangat', 'bantu', 'masyarakat']",sangat bantu masyarakat
9e73017f-7cf5-45fe-a449-01ecc32bea51,sukses dan berkembang terus dalam berinovasi mobile JKN dalam memberikan layanan kesehatan,5,2026-06-14,17,Juni,positif,sukses dan berkembang terus dalam berinovasi mobile jkn dalam memberikan layanan kesehatan,sukses dan berkembang terus dalam berinovasi mobile jkn dalam memberikan layanan kesehatan,"['sukses', 'dan', 'berkembang', 'terus', 'dalam', 'berinovasi', 'mobile', 'jkn', 'dalam', 'memberikan', 'layanan', 'kesehatan']","['sukses', 'berkembang', 'terus', 'berinovasi', 'mobile', 'jkn', 'memberikan', 'layanan', 'kesehatan']","['sukses', 'berkembang', 'terus', 'berinovasi', 'mobile', 'jkn', 'memberikan', 'layanan', 'kesehatan']","['sukses', 'kembang', 'terus', 'inovasi', 'mobile', 'jkn', 'beri', 'layan', 'sehat']",sukses kembang terus inovasi mobile jkn beri layan sehat
9e9c1794-99f8-413e-bd67-d37189d11ee1,buat daftar aja susah buat verivikasi aplikasi ga berguna,1,2026-07-26,19,Juli,negatif,buat daftar aja susah buat verivikasi aplikasi ga berguna,buat daftar saja susah buat verifikasi aplikasi tidak berguna,"['buat', 'daftar', 'saja', 'susah', 'buat', 'verifikasi', 'aplikasi', 'tidak', 'berguna']","['buat', 'daftar', 'susah', 'buat', 'verifikasi', 'aplikasi', 'tidak', 'berguna']","['buat', 'daftar', 'susah', 'buat', 'verifikasi', 'aplikasi', 'tidak', 'tidak_berguna']","['buat', 'daftar', 'susah', 'buat', 'verifikasi', 'aplikasi', 'tidak', 'tidak_guna']",buat daftar susah buat verifikasi aplikasi tidak tidak_guna
9ef2b257-3de2-4b7e-95ad-d38061e890dc,verifikasi bug Mulu asw,1,2026-07-19,16,Juli,negatif,verifikasi bug mulu asw,verifikasi gangguan sistem terus-menerus anjing,"['verifikasi', 'gangguan', 'sistem', 'terus-menerus', 'anjing']","['verifikasi', 'gangguan', 'sistem', 'terus-menerus', 'anjing']","['verifikasi', 'gangguan', 'sistem', 'terus-menerus', 'anjing']","['verifikasi', 'ganggu', 'sistem', 'terus', 'anjing']",verifikasi ganggu sistem terus anjing
9fa28d00-e6cd-4c32-9867-5cc169a0903d,sangatlah penting untuk kesehatan kedepankan ini semoga bermanfaat buat sobat semua yang telah ditetapkan di PBI JKN,5,2026-06-10,8,Juni,netral,sangatlah penting untuk kesehatan kedepankan ini semoga bermanfaat buat sobat semua yang telah ditetapkan di pbi jkn,sangatlah penting untuk kesehatan kedepankan ini semoga bermanfaat buat sobat semua yang telah ditetapkan di pbi jkn,"['sangatlah', 'penting', 'untuk', 'kesehatan', 'kedepankan', 'ini', 'semoga', 'bermanfaat', 'buat', 'sobat', 'semua', 'yang', 'telah', 'ditetapkan', 'di', 'pbi', 'jkn']","['sangatlah', 'penting', 'kesehatan', 'kedepankan', 'semoga', 'bermanfaat', 'buat', 'sobat', 'semua', 'ditetapkan', 'pbi', 'jkn']","['sangatlah', 'penting', 'kesehatan', 'kedepankan', 'semoga', 'bermanfaat', 'buat', 'sobat', 'semua', 'ditetapkan', 'pbi', 'jkn']","['sangat', 'penting', 'sehat', 'depan', 'moga', 'manfaat', 'buat', 'sobat', 'semua', 'tetap', 'pbi', 'jkn']",sangat penting sehat depan moga manfaat buat sobat semua tetap pbi jkn
9fc7443a-c69b-4128-b465-d35876c730e7,bagus banget sangat membantu,5,2026-06-28,5,Juni,positif,bagus banget sangat membantu,bagus sangat sangat membantu,"['bagus', 'sangat', 'sangat', 'membantu']","['bagus', 'sangat', 'sangat', 'membantu']","['bagus', 'sangat', 'sangat', 'membantu']","['bagus', 'sangat', 'sangat', 'bantu']",bagus sangat sangat bantu
9fcd86f8-9500-4216-bcd4-6883e51053d5,4 peserta udah update kk jadi 3 peserta sudah update kk Poto norek tetap aja bayar 4,1,2026-08-09,6,Agustus,negatif,4 peserta udah update kk jadi 3 peserta sudah update kk poto norek tetap aja bayar 4,4 peserta sudah pembaruan kk jadi 3 peserta sudah pembaruan kk foto norek tetap saja bayar 4,"['4', 'peserta', 'sudah', 'pembaruan', 'kk', 'jadi', '3', 'peserta', 'sudah', 'pembaruan', 'kk', 'foto', 'norek', 'tetap', 'saja', 'bayar', '4']","['4', 'peserta', 'pembaruan', 'kk', 'jadi', '3', 'peserta', 'pembaruan', 'kk', 'foto', 'norek', 'tetap', 'bayar', '4']","['4', 'peserta', 'pembaruan', 'kk', 'jadi', '3', 'peserta', 'pembaruan', 'kk', 'foto', 'norek', 'tetap', 'bayar', '4']","['4', 'serta', 'baru', 'kk', 'jadi', '3', 'serta', 'baru', 'kk', 'foto', 'norek', 'tetap', 'bayar', '4']",4 serta baru kk jadi 3 serta baru kk foto norek tetap bayar 4
9fd41752-f228-4be9-b5bf-b56411f86be7,woke,5,2026-06-19,19,Juni,positif,woke,oke,['oke'],['oke'],['oke'],['oke'],oke
9fffcb56-42b9-4098-8a18-41911f49031f,kren,5,2026-06-26,8,Juni,positif,kren,keren,['keren'],['keren'],['keren'],['keren'],keren
a067c45c-1cd1-4af8-8178-43f34cd474ee,gak nonstop di aplikasi setiap mau buka harus masukin LG sandi skrg malah susah gak bisa masuk,4,2026-08-19,21,Agustus,negatif,gak nonstop di aplikasi setiap mau buka harus masukin lg sandi skrg malah susah gak bisa masuk,tidak nonstop di aplikasi setiap mau buka harus masukkan lagi sandi sekarang malah susah tidak bisa masuk,"['tidak', 'nonstop', 'di', 'aplikasi', 'setiap', 'mau', 'buka', 'harus', 'masukkan', 'lagi', 'sandi', 'sekarang', 'malah', 'susah', 'tidak', 'bisa', 'masuk']","['tidak', 'nonstop', 'aplikasi', 'mau', 'buka', 'masukkan', 'sandi', 'sekarang', 'malah', 'susah', 'tidak', 'masuk']","['tidak', 'tidak_nonstop', 'aplikasi', 'mau', 'buka', 'masukkan', 'sandi', 'sekarang', 'malah', 'susah', 'tidak', 'tidak_masuk']","['tidak', 'tidak_nonstop', 'aplikasi', 'mau', 'buka', 'masuk', 'sandi', 'sekarang', 'malah', 'susah', 'tidak', 'tidak_masuk']",tidak tidak_nonstop aplikasi mau buka masuk sandi sekarang malah susah tidak tidak_masuk
a089d69f-ba67-4706-abd7-9d8356c1ac7f,good aps,5,2026-07-15,19,Juli,positif,good aps,bagus aplikasi,"['bagus', 'aplikasi']","['bagus', 'aplikasi']","['bagus', 'aplikasi']","['bagus', 'aplikasi']",bagus aplikasi
a1232877-4191-4cc6-9fc4-2ff210ce1aa5,"APK gak jelas, udah berkali kali nungguin kode otp ga keluar keluar lain kali pake WA aja gatau aja ada keperluan yang lain",1,2026-07-06,15,Juli,negatif,apk gak jelas udah berkali kali nungguin kode otp ga keluar keluar lain kali pake wa aja gatau aja ada keperluan yang lain,aplikasi tidak jelas sudah berkali kali menunggu kode otp tidak keluar keluar lain kali pakai whatsapp saja tidak tahu saja ada keperluan yang lain,"['aplikasi', 'tidak', 'jelas', 'sudah', 'berkali', 'kali', 'menunggu', 'kode', 'otp', 'tidak', 'keluar', 'keluar', 'lain', 'kali', 'pakai', 'whatsapp', 'saja', 'tidak', 'tahu', 'saja', 'ada', 'keperluan', 'yang', 'lain']","['aplikasi', 'tidak', 'jelas', 'berkali', 'kali', 'menunggu', 'kode', 'otp', 'tidak', 'keluar', 'keluar', 'kali', 'pakai', 'whatsapp', 'tidak', 'tahu', 'keperluan']","['aplikasi', 'tidak', 'tidak_jelas', 'berkali', 'kali', 'menunggu', 'kode', 'otp', 'tidak', 'tidak_keluar', 'keluar', 'kali', 'pakai', 'whatsapp', 'tidak', 'tidak_tahu', 'keperluan']","['aplikasi', 'tidak', 'tidak_jelas', 'kali', 'kali', 'tunggu', 'kode', 'otp', 'tidak', 'tidak_keluar', 'keluar', 'kali', 'pakai', 'whatsapp', 'tidak', 'tidak_tahu', 'perlu']",aplikasi tidak tidak_jelas kali kali tunggu kode otp tidak tidak_keluar keluar kali pakai whatsapp tidak tidak_tahu perlu
a15952c9-682a-4945-9883-4d55977774e6,mantap,5,2026-07-13,9,Juli,positif,mantap,mantap,['mantap'],['mantap'],['mantap'],['mantap'],mantap
a175e123-952e-4a33-b118-661c33642287,"Repot , tolong apk nya lebih responsif kalo untuk daftar baru perekaman,",1,2026-07-01,11,Juli,negatif,repot tolong apk nya lebih responsif kalo untuk daftar baru perekaman,repot tolong aplikasi nya lebih responsif kalau untuk daftar baru perekaman,"['repot', 'tolong', 'aplikasi', 'nya', 'lebih', 'responsif', 'kalau', 'untuk', 'daftar', 'baru', 'perekaman']","['repot', 'aplikasi', 'lebih', 'responsif', 'kalau', 'daftar', 'baru', 'perekaman']","['repot', 'aplikasi', 'lebih', 'responsif', 'kalau', 'daftar', 'baru', 'perekaman']","['repot', 'aplikasi', 'lebih', 'responsif', 'kalau', 'daftar', 'baru', 'rekam']",repot aplikasi lebih responsif kalau daftar baru rekam
a1f537ec-55ef-4c02-843d-5caca1f4ba74,"ngrepotin, nyusahin",1,2026-06-02,9,Juni,negatif,ngrepotin nyusahin,merepotkan menyusahkan,"['merepotkan', 'menyusahkan']","['merepotkan', 'menyusahkan']","['merepotkan', 'menyusahkan']","['repot', 'susah']",repot susah
a20ac046-7373-4000-9d98-13c83cbec495,saya baru pertama akan menggunakan JKN ini untuk berobat ke POLI GIGI,5,2026-08-07,6,Agustus,netral,saya baru pertama akan menggunakan jkn ini untuk berobat ke poli gigi,saya baru pertama akan menggunakan jkn ini untuk berobat ke poli gigi,"['saya', 'baru', 'pertama', 'akan', 'menggunakan', 'jkn', 'ini', 'untuk', 'berobat', 'ke', 'poli', 'gigi']","['baru', 'pertama', 'menggunakan', 'jkn', 'berobat', 'poli', 'gigi']","['baru', 'pertama', 'menggunakan', 'jkn', 'berobat', 'poli', 'gigi']","['baru', 'pertama', 'guna', 'jkn', 'obat', 'pol', 'gigi']",baru pertama guna jkn obat pol gigi
a247a74a-517b-477c-9719-cb5171ac23aa,good job,5,2026-08-30,13,Agustus,positif,good job,kerja bagus,"['kerja', 'bagus']","['kerja', 'bagus']","['kerja', 'bagus']","['kerja', 'bagus']",kerja bagus
a251708a-a560-4d54-95d6-78fd0d8e9443,ok,5,2026-07-16,19,Juli,positif,ok,oke,['oke'],['oke'],['oke'],['oke'],oke
a26368f0-e992-475c-b0c1-fdc0eade92e3,sangat mmbantu,5,2026-06-20,10,Juni,positif,sangat mmbantu,sangat membantu,"['sangat', 'membantu']","['sangat', 'membantu']","['sangat', 'membantu']","['sangat', 'bantu']",sangat bantu
a2833bd1-db6e-44a5-bdbd-5f40c35f9bc6,ok,5,2026-06-03,10,Juni,positif,ok,oke,['oke'],['oke'],['oke'],['oke'],oke
a2d1e7bb-d248-41fb-85a2-ff7ed9ffa1b7,memudahkan mendaftar lewat online sehingga tidak perlu antri lama,5,2026-06-28,12,Juni,positif,memudahkan mendaftar lewat online sehingga tidak perlu antri lama,memudahkan mendaftar lewat daring sehingga tidak perlu antre lama,"['memudahkan', 'mendaftar', 'lewat', 'daring', 'sehingga', 'tidak', 'perlu', 'antre', 'lama']","['memudahkan', 'mendaftar', 'lewat', 'daring', 'tidak', 'perlu', 'antre', 'lama']","['memudahkan', 'mendaftar', 'lewat', 'daring', 'tidak', 'tidak_perlu', 'antre', 'lama']","['mudah', 'daftar', 'lewat', 'daring', 'tidak', 'tidak_perlu', 'antre', 'lama']",mudah daftar lewat daring tidak tidak_perlu antre lama
a3414dc4-6a30-461b-8212-3807b1a5e9e1,tdk update,1,2026-07-01,10,Juli,negatif,tdk update,tidak pembaruan,"['tidak', 'pembaruan']","['tidak', 'pembaruan']","['tidak', 'tidak_pembaruan']","['tidak', 'tidak_baru']",tidak tidak_baru
a39d8d30-ca43-42e3-8bb3-5acabaaba027,ketika menambahkan peserta aplikasi tidak dapat merespon untuk pengisian no KK nya tolong aplikasi nya diperbaiki lagi kami sudah bayar pajak coy,1,2026-07-20,3,Juli,negatif,ketika menambahkan peserta aplikasi tidak dapat merespon untuk pengisian no kk nya tolong aplikasi nya diperbaiki lagi kami sudah bayar pajak coy,ketika menambahkan peserta aplikasi tidak dapat merespons untuk pengisian nomor kk nya tolong aplikasi nya diperbaiki lagi kami sudah bayar pajak coy,"['ketika', 'menambahkan', 'peserta', 'aplikasi', 'tidak', 'dapat', 'merespons', 'untuk', 'pengisian', 'nomor', 'kk', 'nya', 'tolong', 'aplikasi', 'nya', 'diperbaiki', 'lagi', 'kami', 'sudah', 'bayar', 'pajak', 'coy']","['menambahkan', 'peserta', 'aplikasi', 'tidak', 'merespons', 'pengisian', 'nomor', 'kk', 'aplikasi', 'diperbaiki', 'bayar', 'pajak', 'coy']","['menambahkan', 'peserta', 'aplikasi', 'tidak', 'tidak_merespons', 'pengisian', 'nomor', 'kk', 'aplikasi', 'diperbaiki', 'bayar', 'pajak', 'coy']","['tambah', 'serta', 'aplikasi', 'tidak', 'tidak_respons', 'isi', 'nomor', 'kk', 'aplikasi', 'perbaiki', 'bayar', 'pajak', 'coy']",tambah serta aplikasi tidak tidak_respons isi nomor kk aplikasi perbaiki bayar pajak coy
a3a3e83f-1c4b-4a37-ab54-7536335af3b6,aplikasi lemot n sering tidak bisa buat dftr,1,2026-08-06,5,Agustus,negatif,aplikasi lemot n sering tidak bisa buat dftr,aplikasi lambat dan sering tidak bisa buat daftar,"['aplikasi', 'lambat', 'dan', 'sering', 'tidak', 'bisa', 'buat', 'daftar']","['aplikasi', 'lambat', 'sering', 'tidak', 'buat', 'daftar']","['aplikasi', 'lambat', 'sering', 'tidak', 'tidak_buat', 'daftar']","['aplikasi', 'lambat', 'sering', 'tidak', 'tidak_buat', 'daftar']",aplikasi lambat sering tidak tidak_buat daftar
a3d2c9b5-f242-466a-b8b8-5a47fdfc7c9c,alhamdulillah berguna bagi publik,5,2026-07-01,17,Juli,positif,alhamdulillah berguna bagi publik,alhamdulillah berguna bagi publik,"['alhamdulillah', 'berguna', 'bagi', 'publik']","['alhamdulillah', 'berguna', 'publik']","['alhamdulillah', 'berguna', 'publik']","['alhamdulillah', 'guna', 'publik']",alhamdulillah guna publik
a3efad75-35b0-4712-87b4-dcbc81ece50a,sangat baik,5,2026-07-03,11,Juli,positif,sangat baik,sangat baik,"['sangat', 'baik']","['sangat', 'baik']","['sangat', 'baik']","['sangat', 'baik']",sangat baik
a42f0d8a-b00c-4277-88f3-51c0bc944bb2,perubahan faskes 1 anggota keluarga,5,2026-08-31,9,Agustus,netral,perubahan faskes 1 anggota keluarga,perubahan faskes 1 anggota keluarga,"['perubahan', 'faskes', '1', 'anggota', 'keluarga']","['perubahan', 'faskes', '1', 'anggota', 'keluarga']","['perubahan', 'faskes', '1', 'anggota', 'keluarga']","['ubah', 'faskes', '1', 'anggota', 'keluarga']",ubah faskes 1 anggota keluarga
a430380e-3e33-4430-a95d-bde9fda8f09a,Biometrik nya susah banget di verifikasi.....kalah sama pinjol.....tolong perbaiki lah.....,1,2026-06-15,18,Juni,negatif,biometrik nya susah banget di verifikasi kalah sama pinjol tolong perbaiki lah,biometrik nya susah sangat di verifikasi kalah sama pinjol tolong perbaiki lah,"['biometrik', 'nya', 'susah', 'sangat', 'di', 'verifikasi', 'kalah', 'sama', 'pinjol', 'tolong', 'perbaiki', 'lah']","['biometrik', 'susah', 'sangat', 'verifikasi', 'kalah', 'sama', 'pinjol', 'perbaiki', 'lah']","['biometrik', 'susah', 'sangat', 'verifikasi', 'kalah', 'sama', 'pinjol', 'perbaiki', 'lah']","['biometrik', 'susah', 'sangat', 'verifikasi', 'kalah', 'sama', 'pinjol', 'perbaiki', 'lah']",biometrik susah sangat verifikasi kalah sama pinjol perbaiki lah
a430a514-9669-4a3c-928b-337daed26e6f,kenapa saat mau ambil antrian kok gak bisa.selalu ada notif di hari yang sama,3,2026-06-29,6,Juni,negatif,kenapa saat mau ambil antrian kok gak bisa selalu ada notif di hari yang sama,kenapa saat mau ambil antrean kok tidak bisa selalu ada notifikasi di hari yang sama,"['kenapa', 'saat', 'mau', 'ambil', 'antrean', 'kok', 'tidak', 'bisa', 'selalu', 'ada', 'notifikasi', 'di', 'hari', 'yang', 'sama']","['mau', 'ambil', 'antrean', 'kok', 'tidak', 'selalu', 'notifikasi', 'hari', 'sama']","['mau', 'ambil', 'antrean', 'kok', 'tidak', 'tidak_selalu', 'notifikasi', 'hari', 'sama']","['mau', 'ambil', 'antre', 'kok', 'tidak', 'tidak_selalu', 'notifikasi', 'hari', 'sama']",mau ambil antre kok tidak tidak_selalu notifikasi hari sama
a43f25b6-6175-4dd6-afe7-f00783fa3c4e,ingin berobat jadi lebih gampang,5,2026-06-02,14,Juni,positif,ingin berobat jadi lebih gampang,ingin berobat jadi lebih mudah,"['ingin', 'berobat', 'jadi', 'lebih', 'mudah']","['berobat', 'jadi', 'lebih', 'mudah']","['berobat', 'jadi', 'lebih', 'mudah']","['obat', 'jadi', 'lebih', 'mudah']",obat jadi lebih mudah
a458d4d8-5694-41fd-8e0f-da6961644c8b,"Ribet banget, hanya sekedar daftar aja. oh iya, kalau ndak ribet, bukan NKRI nama nya.",1,2026-08-02,14,Agustus,negatif,ribet banget hanya sekedar daftar aja oh iya kalau ndak ribet bukan nkri nama nya,rumit sangat hanya sekadar daftar saja oh iya kalau tidak rumit bukan nkri nama nya,"['rumit', 'sangat', 'hanya', 'sekadar', 'daftar', 'saja', 'oh', 'iya', 'kalau', 'tidak', 'rumit', 'bukan', 'nkri', 'nama', 'nya']","['rumit', 'sangat', 'sekadar', 'daftar', 'iya', 'kalau', 'tidak', 'rumit', 'bukan', 'nkri', 'nama']","['rumit', 'sangat', 'sekadar', 'daftar', 'iya', 'kalau', 'tidak', 'tidak_rumit', 'bukan', 'nkri', 'nama']","['rumit', 'sangat', 'sekadar', 'daftar', 'iya', 'kalau', 'tidak', 'tidak_rumit', 'bukan', 'nkri', 'nama']",rumit sangat sekadar daftar iya kalau tidak tidak_rumit bukan nkri nama
a4671e31-7767-408b-ab3f-b5263b08fdc5,mudah2an ga ribet,5,2026-06-01,12,Juni,netral,mudah2an ga ribet,mudah2an tidak rumit,"['mudah2an', 'tidak', 'rumit']","['mudah2an', 'tidak', 'rumit']","['mudah2an', 'tidak', 'tidak_rumit']","['mudah2an', 'tidak', 'tidak_rumit']",mudah2an tidak tidak_rumit
a4b6a542-aebe-4a13-b344-bef8d9ea2e41,sayang tidak bisa di registrasi dari akun lain kalau mau Konsul atau rujukan Ke RS,4,2026-06-01,10,Juni,negatif,sayang tidak bisa di registrasi dari akun lain kalau mau konsul atau rujukan ke rs,sayang tidak bisa di registrasi dari akun lain kalau mau konsultasi atau rujukan ke rumah sakit,"['sayang', 'tidak', 'bisa', 'di', 'registrasi', 'dari', 'akun', 'lain', 'kalau', 'mau', 'konsultasi', 'atau', 'rujukan', 'ke', 'rumah', 'sakit']","['sayang', 'tidak', 'registrasi', 'akun', 'kalau', 'mau', 'konsultasi', 'rujukan', 'rumah', 'sakit']","['sayang', 'tidak', 'tidak_registrasi', 'akun', 'kalau', 'mau', 'konsultasi', 'rujukan', 'rumah', 'sakit']","['sayang', 'tidak', 'tidak_registrasi', 'akun', 'kalau', 'mau', 'konsultasi', 'rujuk', 'rumah', 'sakit']",sayang tidak tidak_registrasi akun kalau mau konsultasi rujuk rumah sakit
a4c72576-3e56-45ea-a195-1df455b67075,saya baru mengubah lokasi faskes 1. semoga untuk seterusnya mudah penggunaan aplikasi ini,5,2026-08-03,13,Agustus,netral,saya baru mengubah lokasi faskes 1 semoga untuk seterusnya mudah penggunaan aplikasi ini,saya baru mengubah lokasi faskes 1 semoga untuk seterusnya mudah penggunaan aplikasi ini,"['saya', 'baru', 'mengubah', 'lokasi', 'faskes', '1', 'semoga', 'untuk', 'seterusnya', 'mudah', 'penggunaan', 'aplikasi', 'ini']","['baru', 'mengubah', 'lokasi', 'faskes', '1', 'semoga', 'mudah', 'penggunaan', 'aplikasi']","['baru', 'mengubah', 'lokasi', 'faskes', '1', 'semoga', 'mudah', 'penggunaan', 'aplikasi']","['baru', 'ubah', 'lokasi', 'faskes', '1', 'moga', 'mudah', 'guna', 'aplikasi']",baru ubah lokasi faskes 1 moga mudah guna aplikasi
a4c78951-37e5-42bc-9b9a-286ef11d2534,baik,4,2026-08-06,8,Agustus,positif,baik,baik,['baik'],['baik'],['baik'],['baik'],baik
a4ea3f30-467d-4e8a-95ad-4bd5b5192b90,aplikasi bikin orang naik pitam suruh hubungi Pandawa katanya udah diverifikasi eh giliran daftar gagal lagi,2,2026-06-02,9,Juni,negatif,aplikasi bikin orang naik pitam suruh hubungi pandawa katanya udah diverifikasi eh giliran daftar gagal lagi,aplikasi membuat orang naik pitam menyuruh hubungi pandawa katanya sudah diverifikasi eh giliran daftar gagal lagi,"['aplikasi', 'membuat', 'orang', 'naik', 'pitam', 'menyuruh', 'hubungi', 'pandawa', 'katanya', 'sudah', 'diverifikasi', 'eh', 'giliran', 'daftar', 'gagal', 'lagi']","['aplikasi', 'membuat', 'orang', 'naik', 'pitam', 'menyuruh', 'hubungi', 'pandawa', 'katanya', 'diverifikasi', 'eh', 'giliran', 'daftar', 'gagal']","['aplikasi', 'membuat', 'orang', 'naik', 'pitam', 'menyuruh', 'hubungi', 'pandawa', 'katanya', 'diverifikasi', 'eh', 'giliran', 'daftar', 'gagal']","['aplikasi', 'buat', 'orang', 'naik', 'pitam', 'suruh', 'hubung', 'pandawa', 'kata', 'verifikasi', 'eh', 'gilir', 'daftar', 'gagal']",aplikasi buat orang naik pitam suruh hubung pandawa kata verifikasi eh gilir daftar gagal
a4ea53d0-0e8c-4359-b8cb-40c243890e11,"hp saya malah ga suport, buset dah",1,2026-07-02,17,Juli,negatif,hp saya malah ga suport buset dah,ponsel saya malah tidak mendukung buset sudah,"['ponsel', 'saya', 'malah', 'tidak', 'mendukung', 'buset', 'sudah']","['ponsel', 'malah', 'tidak', 'mendukung', 'buset']","['ponsel', 'malah', 'tidak', 'tidak_mendukung', 'buset']","['ponsel', 'malah', 'tidak', 'tidak_dukung', 'buset']",ponsel malah tidak tidak_dukung buset
a4f6e95b-07bf-4ece-8de2-1d67a235dd1d,"pas daftar susah banget, sistem eror mulu.",2,2026-07-20,13,Juli,negatif,pas daftar susah banget sistem eror mulu,pas daftar susah sangat sistem error terus-menerus,"['pas', 'daftar', 'susah', 'sangat', 'sistem', 'error', 'terus-menerus']","['pas', 'daftar', 'susah', 'sangat', 'sistem', 'error', 'terus-menerus']","['pas', 'daftar', 'susah', 'sangat', 'sistem', 'error', 'terus-menerus']","['pas', 'daftar', 'susah', 'sangat', 'sistem', 'error', 'terus']",pas daftar susah sangat sistem error terus
a50480d6-da6e-491a-bdb9-6deaa3763231,"kode otpnya diintegrasikan dengan WA ngemtodd, susah amat minta code lewat sms",1,2026-07-14,6,Juli,negatif,kode otpnya diintegrasikan dengan wa ngemtodd susah amat minta code lewat sms,kode otp diintegrasikan dengan whatsapp buruk susah amat minta kode lewat sms,"['kode', 'otp', 'diintegrasikan', 'dengan', 'whatsapp', 'buruk', 'susah', 'amat', 'minta', 'kode', 'lewat', 'sms']","['kode', 'otp', 'diintegrasikan', 'whatsapp', 'buruk', 'susah', 'minta', 'kode', 'lewat', 'sms']","['kode', 'otp', 'diintegrasikan', 'whatsapp', 'buruk', 'susah', 'minta', 'kode', 'lewat', 'sms']","['kode', 'otp', 'integrasi', 'whatsapp', 'buruk', 'susah', 'minta', 'kode', 'lewat', 'sms']",kode otp integrasi whatsapp buruk susah minta kode lewat sms
a50eb2d1-925c-4c1b-8b0f-b37e86c32694,memuaskan saat aplikasi ini digunakan,5,2026-07-10,7,Juli,positif,memuaskan saat aplikasi ini digunakan,memuaskan saat aplikasi ini digunakan,"['memuaskan', 'saat', 'aplikasi', 'ini', 'digunakan']","['memuaskan', 'aplikasi', 'digunakan']","['memuaskan', 'aplikasi', 'digunakan']","['muas', 'aplikasi', 'guna']",muas aplikasi guna
a516cfd9-d48a-422e-9624-6da73b261da9,sangat efektif membantu banget,5,2026-07-04,23,Juli,positif,sangat efektif membantu banget,sangat efektif membantu sangat,"['sangat', 'efektif', 'membantu', 'sangat']","['sangat', 'efektif', 'membantu', 'sangat']","['sangat', 'efektif', 'membantu', 'sangat']","['sangat', 'efektif', 'bantu', 'sangat']",sangat efektif bantu sangat
a54e9e89-a00e-4c22-8ebd-1d9cfe5577e3,aplikasi kesehatan,5,2026-07-14,14,Juli,netral,aplikasi kesehatan,aplikasi kesehatan,"['aplikasi', 'kesehatan']","['aplikasi', 'kesehatan']","['aplikasi', 'kesehatan']","['aplikasi', 'sehat']",aplikasi sehat
a573052f-76f7-45aa-865b-6a348d29b0a1,"males, uninstall aja login Mulu aja",2,2026-06-19,21,Juni,negatif,males uninstall aja login mulu aja,malas hapus instalasi saja login terus-menerus saja,"['malas', 'hapus', 'instalasi', 'saja', 'login', 'terus-menerus', 'saja']","['malas', 'hapus', 'instalasi', 'login', 'terus-menerus']","['malas', 'hapus', 'instalasi', 'login', 'terus-menerus']","['malas', 'hapus', 'instalasi', 'login', 'terus']",malas hapus instalasi login terus
a612405c-158f-41c2-803c-6490e4b731b9,kenapa si apk nya aneh banget pas buka offline Mulu ga ada data katanya padahal pake wifi buka apk lain aman aman aja buka apk ini ga bisa terus heran,2,2026-08-13,11,Agustus,negatif,kenapa si apk nya aneh banget pas buka offline mulu ga ada data katanya padahal pake wifi buka apk lain aman aman aja buka apk ini ga bisa terus heran,kenapa si aplikasi nya aneh sangat pas buka luring terus-menerus tidak ada data katanya padahal pakai wifi buka aplikasi lain aman aman saja buka aplikasi ini tidak bisa terus heran,"['kenapa', 'si', 'aplikasi', 'nya', 'aneh', 'sangat', 'pas', 'buka', 'luring', 'terus-menerus', 'tidak', 'ada', 'data', 'katanya', 'padahal', 'pakai', 'wifi', 'buka', 'aplikasi', 'lain', 'aman', 'aman', 'saja', 'buka', 'aplikasi', 'ini', 'tidak', 'bisa', 'terus', 'heran']","['si', 'aplikasi', 'aneh', 'sangat', 'pas', 'buka', 'luring', 'terus-menerus', 'tidak', 'data', 'katanya', 'padahal', 'pakai', 'wifi', 'buka', 'aplikasi', 'aman', 'aman', 'buka', 'aplikasi', 'tidak', 'terus', 'heran']","['si', 'aplikasi', 'aneh', 'sangat', 'pas', 'buka', 'luring', 'terus-menerus', 'tidak', 'tidak_data', 'katanya', 'padahal', 'pakai', 'wifi', 'buka', 'aplikasi', 'aman', 'aman', 'buka', 'aplikasi', 'tidak', 'tidak_terus', 'heran']","['si', 'aplikasi', 'aneh', 'sangat', 'pas', 'buka', 'luring', 'terus', 'tidak', 'tidak_data', 'kata', 'padahal', 'pakai', 'wifi', 'buka', 'aplikasi', 'aman', 'aman', 'buka', 'aplikasi', 'tidak', 'tidak_terus', 'heran']",si aplikasi aneh sangat pas buka luring terus tidak tidak_data kata padahal pakai wifi buka aplikasi aman aman buka aplikasi tidak tidak_terus heran
a64a7cbf-7fb7-4b49-83a4-48197b55ca8d,kok susah banget buat pembaharuan no telpon bikin susah ambil no antrian .,1,2026-07-31,17,Juli,negatif,kok susah banget buat pembaharuan no telpon bikin susah ambil no antrian,kok susah sangat buat pembaruan nomor telepon membuat susah ambil nomor antrean,"['kok', 'susah', 'sangat', 'buat', 'pembaruan', 'nomor', 'telepon', 'membuat', 'susah', 'ambil', 'nomor', 'antrean']","['kok', 'susah', 'sangat', 'buat', 'pembaruan', 'nomor', 'telepon', 'membuat', 'susah', 'ambil', 'nomor', 'antrean']","['kok', 'susah', 'sangat', 'buat', 'pembaruan', 'nomor', 'telepon', 'membuat', 'susah', 'ambil', 'nomor', 'antrean']","['kok', 'susah', 'sangat', 'buat', 'baru', 'nomor', 'telepon', 'buat', 'susah', 'ambil', 'nomor', 'antre']",kok susah sangat buat baru nomor telepon buat susah ambil nomor antre
a66a6875-6317-40ed-bd9a-c864a0c1b546,kirim otp aja lamanya minta ampun. apalagi bantuin rakyat yang susah.,1,2026-08-28,13,Agustus,negatif,kirim otp aja lamanya minta ampun apalagi bantuin rakyat yang susah,kirim otp saja lamanya minta ampun apalagi membantu rakyat yang susah,"['kirim', 'otp', 'saja', 'lamanya', 'minta', 'ampun', 'apalagi', 'membantu', 'rakyat', 'yang', 'susah']","['kirim', 'otp', 'lamanya', 'minta', 'ampun', 'membantu', 'rakyat', 'susah']","['kirim', 'otp', 'lamanya', 'minta', 'ampun', 'membantu', 'rakyat', 'susah']","['kirim', 'otp', 'lama', 'minta', 'ampun', 'bantu', 'rakyat', 'susah']",kirim otp lama minta ampun bantu rakyat susah
a6995c36-00fb-4286-a863-5847b5e050a5,keren,5,2026-06-10,9,Juni,positif,keren,keren,['keren'],['keren'],['keren'],['keren'],keren
a6de0d6b-ecd4-49a3-9ab9-50909aba5504,baru download mau pakai ini aplikasi malah ribet loginnya. belum lagi tiap buka fitur bilang akun belum terverifikasi. tapi verifikasinya susah banget,1,2026-07-27,9,Juli,negatif,baru download mau pakai ini aplikasi malah ribet loginnya belum lagi tiap buka fitur bilang akun belum terverifikasi tapi verifikasinya susah banget,baru unduh mau pakai ini aplikasi malah rumit login belum lagi tiap buka fitur bilang akun belum terverifikasi tapi verifikasinya susah sangat,"['baru', 'unduh', 'mau', 'pakai', 'ini', 'aplikasi', 'malah', 'rumit', 'login', 'belum', 'lagi', 'tiap', 'buka', 'fitur', 'bilang', 'akun', 'belum', 'terverifikasi', 'tapi', 'verifikasinya', 'susah', 'sangat']","['baru', 'unduh', 'mau', 'pakai', 'aplikasi', 'malah', 'rumit', 'login', 'tiap', 'buka', 'fitur', 'bilang', 'akun', 'terverifikasi', 'verifikasinya', 'susah', 'sangat']","['baru', 'unduh', 'mau', 'pakai', 'aplikasi', 'malah', 'rumit', 'login', 'tiap', 'buka', 'fitur', 'bilang', 'akun', 'terverifikasi', 'verifikasinya', 'susah', 'sangat']","['baru', 'unduh', 'mau', 'pakai', 'aplikasi', 'malah', 'rumit', 'login', 'tiap', 'buka', 'fitur', 'bilang', 'akun', 'verifikasi', 'verifikasi', 'susah', 'sangat']",baru unduh mau pakai aplikasi malah rumit login tiap buka fitur bilang akun verifikasi verifikasi susah sangat
a709a9e6-bde4-4c58-a084-370afbcbd79b,layanan oke,5,2026-08-12,18,Agustus,positif,layanan oke,layanan oke,"['layanan', 'oke']","['layanan', 'oke']","['layanan', 'oke']","['layan', 'oke']",layan oke
a72122cc-4ae1-45ce-ab8e-69446a66af9f,semoga amanah,5,2026-08-28,11,Agustus,netral,semoga amanah,semoga amanah,"['semoga', 'amanah']","['semoga', 'amanah']","['semoga', 'amanah']","['moga', 'amanah']",moga amanah
a737e662-772c-4c25-8453-fba7dd00b3f8,sangat puas,5,2026-08-22,19,Agustus,positif,sangat puas,sangat puas,"['sangat', 'puas']","['sangat', 'puas']","['sangat', 'puas']","['sangat', 'puas']",sangat puas
a74c43da-fac7-4152-bde9-baab2e30fbeb,"tolong untuk di update untuk android 8 kebawah , karena ini applikasi untuk semua kalangan harusnya untuk semua model android masih support android 7 keatas",2,2026-08-04,7,Agustus,netral,tolong untuk di update untuk android 8 kebawah karena ini applikasi untuk semua kalangan harusnya untuk semua model android masih support android 7 keatas,tolong untuk di pembaruan untuk android 8 ke bawah karena ini aplikasi untuk semua kalangan seharusnya untuk semua model android masih mendukung android 7 keatas,"['tolong', 'untuk', 'di', 'pembaruan', 'untuk', 'android', '8', 'ke', 'bawah', 'karena', 'ini', 'aplikasi', 'untuk', 'semua', 'kalangan', 'seharusnya', 'untuk', 'semua', 'model', 'android', 'masih', 'mendukung', 'android', '7', 'keatas']","['pembaruan', 'android', '8', 'bawah', 'aplikasi', 'semua', 'kalangan', 'semua', 'model', 'android', 'mendukung', 'android', '7', 'keatas']","['pembaruan', 'android', '8', 'bawah', 'aplikasi', 'semua', 'kalangan', 'semua', 'model', 'android', 'mendukung', 'android', '7', 'keatas']","['baru', 'android', '8', 'bawah', 'aplikasi', 'semua', 'kalang', 'semua', 'model', 'android', 'dukung', 'android', '7', 'atas']",baru android 8 bawah aplikasi semua kalang semua model android dukung android 7 atas
a7a86a65-3a16-4160-85e4-2dfb6b10938c,semoga lebih baik,5,2026-07-14,17,Juli,netral,semoga lebih baik,semoga lebih baik,"['semoga', 'lebih', 'baik']","['semoga', 'lebih', 'baik']","['semoga', 'lebih', 'baik']","['moga', 'lebih', 'baik']",moga lebih baik
a7b10363-b4eb-458a-85f9-6f0160b79de4,susah banget buat daptar,1,2026-08-31,21,Agustus,negatif,susah banget buat daptar,susah sangat buat daftar,"['susah', 'sangat', 'buat', 'daftar']","['susah', 'sangat', 'buat', 'daftar']","['susah', 'sangat', 'buat', 'daftar']","['susah', 'sangat', 'buat', 'daftar']",susah sangat buat daftar
a7c7dc71-4010-49e3-9102-61fdea0ede9d,"ka tolong informasinya.. kenapa di hp saya gabisa install, aplikasinya hilang di playstore. apa karena versi hp saya lama? tp di hp adik saya ada.",1,2026-07-01,18,Juli,negatif,ka tolong informasinya kenapa di hp saya gabisa install aplikasinya hilang di playstore apa karena versi hp saya lama tp di hp adik saya ada,kak tolong informasinya kenapa di ponsel saya tidak bisa instal aplikasinya hilang di play store apa karena versi ponsel saya lama tapi di ponsel adik saya ada,"['kak', 'tolong', 'informasinya', 'kenapa', 'di', 'ponsel', 'saya', 'tidak', 'bisa', 'instal', 'aplikasinya', 'hilang', 'di', 'play', 'store', 'apa', 'karena', 'versi', 'ponsel', 'saya', 'lama', 'tapi', 'di', 'ponsel', 'adik', 'saya', 'ada']","['kak', 'informasinya', 'ponsel', 'tidak', 'instal', 'aplikasinya', 'hilang', 'play', 'store', 'apa', 'versi', 'ponsel', 'lama', 'ponsel', 'adik']","['kak', 'informasinya', 'ponsel', 'tidak', 'tidak_instal', 'aplikasinya', 'hilang', 'play', 'store', 'apa', 'versi', 'ponsel', 'lama', 'ponsel', 'adik']","['kak', 'informasi', 'ponsel', 'tidak', 'tidak_instal', 'aplikasi', 'hilang', 'play', 'store', 'apa', 'versi', 'ponsel', 'lama', 'ponsel', 'adik']",kak informasi ponsel tidak tidak_instal aplikasi hilang play store apa versi ponsel lama ponsel adik
a7f3beeb-db4b-459e-88cb-431bab764877,aplikasinya bagus,5,2026-06-16,18,Juni,positif,aplikasinya bagus,aplikasinya bagus,"['aplikasinya', 'bagus']","['aplikasinya', 'bagus']","['aplikasinya', 'bagus']","['aplikasi', 'bagus']",aplikasi bagus
a8688a06-4f70-403b-abd7-8183395b68fa,ok,5,2026-07-26,12,Juli,positif,ok,oke,['oke'],['oke'],['oke'],['oke'],oke
a8809593-da3b-4fe5-9df8-cb70686496e3,"aplikasi tidak berguna, mau login saja tidak bisa, loading dan offline keterangan nya, padahal jaringan aman, aplikasi tolol",1,2026-07-12,3,Juli,negatif,aplikasi tidak berguna mau login saja tidak bisa loading dan offline keterangan nya padahal jaringan aman aplikasi tolol,aplikasi tidak berguna mau login saja tidak bisa memuat dan luring keterangan nya padahal jaringan aman aplikasi tolol,"['aplikasi', 'tidak', 'berguna', 'mau', 'login', 'saja', 'tidak', 'bisa', 'memuat', 'dan', 'luring', 'keterangan', 'nya', 'padahal', 'jaringan', 'aman', 'aplikasi', 'tolol']","['aplikasi', 'tidak', 'berguna', 'mau', 'login', 'tidak', 'memuat', 'luring', 'keterangan', 'padahal', 'jaringan', 'aman', 'aplikasi', 'tolol']","['aplikasi', 'tidak', 'tidak_berguna', 'mau', 'login', 'tidak', 'tidak_memuat', 'luring', 'keterangan', 'padahal', 'jaringan', 'aman', 'aplikasi', 'tolol']","['aplikasi', 'tidak', 'tidak_guna', 'mau', 'login', 'tidak', 'tidak_muat', 'luring', 'terang', 'padahal', 'jaring', 'aman', 'aplikasi', 'tolol']",aplikasi tidak tidak_guna mau login tidak tidak_muat luring terang padahal jaring aman aplikasi tolol
a8ae6876-f122-4d52-879b-fbd9a9e7be7e,ok,4,2026-07-08,11,Juli,positif,ok,oke,['oke'],['oke'],['oke'],['oke'],oke
a8f9526a-5c58-400e-9556-b802f6d2f784,masih proses menunggu 14 hari utk aktivitasi,4,2026-08-29,22,Agustus,netral,masih proses menunggu 14 hari utk aktivitasi,masih proses menunggu 14 hari untuk aktivitasi,"['masih', 'proses', 'menunggu', '14', 'hari', 'untuk', 'aktivitasi']","['proses', 'menunggu', '14', 'hari', 'aktivitasi']","['proses', 'menunggu', '14', 'hari', 'aktivitasi']","['proses', 'tunggu', '14', 'hari', 'aktivitas']",proses tunggu 14 hari aktivitas
a8fd1a23-b0bf-4a25-be59-471296a332d5,aplikasi tidak mendukung hp saya. buruk,1,2026-08-22,17,Agustus,negatif,aplikasi tidak mendukung hp saya buruk,aplikasi tidak mendukung ponsel saya buruk,"['aplikasi', 'tidak', 'mendukung', 'ponsel', 'saya', 'buruk']","['aplikasi', 'tidak', 'mendukung', 'ponsel', 'buruk']","['aplikasi', 'tidak', 'tidak_mendukung', 'ponsel', 'buruk']","['aplikasi', 'tidak', 'tidak_dukung', 'ponsel', 'buruk']",aplikasi tidak tidak_dukung ponsel buruk
a9005cd7-4448-4b1b-ac7e-f0b35cce236d,"aplikasi pemerintah gda yg beres,ngirim kode otp aj ga masuk²",1,2026-07-31,8,Juli,negatif,aplikasi pemerintah gda yg beres ngirim kode otp aj ga masuk2,aplikasi pemerintah tidak ada yang beres mengirim kode otp saja tidak masuk,"['aplikasi', 'pemerintah', 'tidak', 'ada', 'yang', 'beres', 'mengirim', 'kode', 'otp', 'saja', 'tidak', 'masuk']","['aplikasi', 'pemerintah', 'tidak', 'beres', 'mengirim', 'kode', 'otp', 'tidak', 'masuk']","['aplikasi', 'pemerintah', 'tidak', 'tidak_beres', 'mengirim', 'kode', 'otp', 'tidak', 'tidak_masuk']","['aplikasi', 'perintah', 'tidak', 'tidak_beres', 'kirim', 'kode', 'otp', 'tidak', 'tidak_masuk']",aplikasi perintah tidak tidak_beres kirim kode otp tidak tidak_masuk
a9643706-5abc-4918-a8ed-2e4eaf78c4bb,mantap terus berkembang,5,2026-08-18,22,Agustus,positif,mantap terus berkembang,mantap terus berkembang,"['mantap', 'terus', 'berkembang']","['mantap', 'terus', 'berkembang']","['mantap', 'terus', 'berkembang']","['mantap', 'terus', 'kembang']",mantap terus kembang
a96c8424-f592-4660-b35d-967ccd585bb5,"aplikasi busuk, gampang eror",1,2026-08-29,17,Agustus,negatif,aplikasi busuk gampang eror,aplikasi busuk mudah error,"['aplikasi', 'busuk', 'mudah', 'error']","['aplikasi', 'busuk', 'mudah', 'error']","['aplikasi', 'busuk', 'mudah', 'error']","['aplikasi', 'busuk', 'mudah', 'error']",aplikasi busuk mudah error
a979ee3b-93c4-4fb6-8e28-672b441a2f95,"setiap login sulit. selalu minta otp buang"" waktu otp nya susah",1,2026-07-01,9,Juli,negatif,setiap login sulit selalu minta otp buang waktu otp nya susah,setiap login sulit selalu minta otp buang waktu otp nya susah,"['setiap', 'login', 'sulit', 'selalu', 'minta', 'otp', 'buang', 'waktu', 'otp', 'nya', 'susah']","['login', 'sulit', 'selalu', 'minta', 'otp', 'buang', 'waktu', 'otp', 'susah']","['login', 'sulit', 'selalu', 'minta', 'otp', 'buang', 'waktu', 'otp', 'susah']","['login', 'sulit', 'selalu', 'minta', 'otp', 'buang', 'waktu', 'otp', 'susah']",login sulit selalu minta otp buang waktu otp susah
a98f1bc5-ac3f-4514-bcfa-6ad019ae9b5b,aplikasi hancur,1,2026-06-21,18,Juni,negatif,aplikasi hancur,aplikasi hancur,"['aplikasi', 'hancur']","['aplikasi', 'hancur']","['aplikasi', 'hancur']","['aplikasi', 'hancur']",aplikasi hancur
a99053a2-5bc8-40a0-aa83-be7cc72beebc,berguna,5,2026-06-25,14,Juni,positif,berguna,berguna,['berguna'],['berguna'],['berguna'],['guna'],guna
a9f62767-44b7-41b8-8ef6-1d40426c854b,sangat membantu,5,2026-07-17,8,Juli,positif,sangat membantu,sangat membantu,"['sangat', 'membantu']","['sangat', 'membantu']","['sangat', 'membantu']","['sangat', 'bantu']",sangat bantu
aa013ccb-460a-4f1a-b7f1-5df0d2f33791,Alhamdulillah,5,2026-07-04,22,Juli,netral,alhamdulillah,alhamdulillah,['alhamdulillah'],['alhamdulillah'],['alhamdulillah'],['alhamdulillah'],alhamdulillah
aa08e2da-737f-4123-8d5a-c31c23100a53,semoga bagus dan bermanfaat teurs,5,2026-07-13,10,Juli,netral,semoga bagus dan bermanfaat teurs,semoga bagus dan bermanfaat terus,"['semoga', 'bagus', 'dan', 'bermanfaat', 'terus']","['semoga', 'bagus', 'bermanfaat', 'terus']","['semoga', 'bagus', 'bermanfaat', 'terus']","['moga', 'bagus', 'manfaat', 'terus']",moga bagus manfaat terus
aa1e68a9-028c-4371-aa74-1a7f60f739d0,bagus,5,2026-08-27,15,Agustus,positif,bagus,bagus,['bagus'],['bagus'],['bagus'],['bagus'],bagus
aa2c878b-bb89-4bbf-9d48-3a0d8d49f519,good app,5,2026-06-19,20,Juni,positif,good app,bagus aplikasi,"['bagus', 'aplikasi']","['bagus', 'aplikasi']","['bagus', 'aplikasi']","['bagus', 'aplikasi']",bagus aplikasi
aa30faa7-2c5a-4d2c-b6e2-77b45e68362c,"sumpah mau berobat aja di buat susah, masa di bagian no tlpnya coba lagi trus, padahal no sudah benar",5,2026-06-11,19,Juni,negatif,sumpah mau berobat aja di buat susah masa di bagian no tlpnya coba lagi trus padahal no sudah benar,sumpah mau berobat saja di buat susah masa di bagian nomor teleponnya coba lagi terus padahal nomor sudah benar,"['sumpah', 'mau', 'berobat', 'saja', 'di', 'buat', 'susah', 'masa', 'di', 'bagian', 'nomor', 'teleponnya', 'coba', 'lagi', 'terus', 'padahal', 'nomor', 'sudah', 'benar']","['sumpah', 'mau', 'berobat', 'buat', 'susah', 'masa', 'bagian', 'nomor', 'teleponnya', 'coba', 'terus', 'padahal', 'nomor', 'benar']","['sumpah', 'mau', 'berobat', 'buat', 'susah', 'masa', 'bagian', 'nomor', 'teleponnya', 'coba', 'terus', 'padahal', 'nomor', 'benar']","['sumpah', 'mau', 'obat', 'buat', 'susah', 'masa', 'bagi', 'nomor', 'telepon', 'coba', 'terus', 'padahal', 'nomor', 'benar']",sumpah mau obat buat susah masa bagi nomor telepon coba terus padahal nomor benar
aa4e700e-84f0-490f-b007-5447caffccdf,sangat bagus,5,2026-06-13,14,Juni,positif,sangat bagus,sangat bagus,"['sangat', 'bagus']","['sangat', 'bagus']","['sangat', 'bagus']","['sangat', 'bagus']",sangat bagus
aa862514-6a9b-4f76-94d6-a0346aee6d6e,"Halo JKN, Menu pendaftaran untuk Autodebit Bank BNI kok ga ada?",4,2026-07-14,7,Juli,netral,halo jkn menu pendaftaran untuk autodebit bank bni kok ga ada,halo jkn menu pendaftaran untuk autodebit bank bni kok tidak ada,"['halo', 'jkn', 'menu', 'pendaftaran', 'untuk', 'autodebit', 'bank', 'bni', 'kok', 'tidak', 'ada']","['halo', 'jkn', 'menu', 'pendaftaran', 'autodebit', 'bank', 'bni', 'kok', 'tidak']","['halo', 'jkn', 'menu', 'pendaftaran', 'autodebit', 'bank', 'bni', 'kok', 'tidak']","['halo', 'jkn', 'menu', 'daftar', 'autodebit', 'bank', 'bni', 'kok', 'tidak']",halo jkn menu daftar autodebit bank bni kok tidak
aa90fe53-adf7-4a8d-9917-8f1c7da3e3ba,udah ga bisa dipasang ini aplikasi di redmi 7,1,2026-07-01,18,Juli,negatif,udah ga bisa dipasang ini aplikasi di redmi 7,sudah tidak bisa dipasang ini aplikasi di redmi 7,"['sudah', 'tidak', 'bisa', 'dipasang', 'ini', 'aplikasi', 'di', 'redmi', '7']","['tidak', 'dipasang', 'aplikasi', 'redmi', '7']","['tidak', 'tidak_dipasang', 'aplikasi', 'redmi', '7']","['tidak', 'tidak_pasang', 'aplikasi', 'redmi', '7']",tidak tidak_pasang aplikasi redmi 7
aaac623f-784c-413a-b480-3837720c3b82,makin kesini makin ribet,1,2026-06-22,9,Juni,negatif,makin kesini makin ribet,makin ke sini makin rumit,"['makin', 'ke', 'sini', 'makin', 'rumit']","['makin', 'sini', 'makin', 'rumit']","['makin', 'sini', 'makin', 'rumit']","['makin', 'sini', 'makin', 'rumit']",makin sini makin rumit
aab4ce4a-f3a1-49a0-9069-063215bc7b53,semoga layanan pemerintah lainnya digital semua dah biar memudahkan,5,2026-06-24,17,Juni,netral,semoga layanan pemerintah lainnya digital semua dah biar memudahkan,semoga layanan pemerintah lainnya digital semua sudah agar memudahkan,"['semoga', 'layanan', 'pemerintah', 'lainnya', 'digital', 'semua', 'sudah', 'agar', 'memudahkan']","['semoga', 'layanan', 'pemerintah', 'lainnya', 'digital', 'semua', 'memudahkan']","['semoga', 'layanan', 'pemerintah', 'lainnya', 'digital', 'semua', 'memudahkan']","['moga', 'layan', 'perintah', 'lain', 'digital', 'semua', 'mudah']",moga layan perintah lain digital semua mudah
aab71e7d-f7ed-4201-aa06-e34c87a76729,Optimalkan dan tingkatkan stabilitas performa nya.. Trimakasih 🙂🙏🏻,5,2026-06-19,10,Juni,netral,optimalkan dan tingkatkan stabilitas performa nya trimakasih,optimalkan dan tingkatkan stabilitas performa nya terima kasih,"['optimalkan', 'dan', 'tingkatkan', 'stabilitas', 'performa', 'nya', 'terima', 'kasih']","['optimalkan', 'tingkatkan', 'stabilitas', 'performa', 'terima', 'kasih']","['optimalkan', 'tingkatkan', 'stabilitas', 'performa', 'terima', 'kasih']","['optimal', 'tingkat', 'stabilitas', 'performa', 'terima', 'kasih']",optimal tingkat stabilitas performa terima kasih
aabbc392-618c-4858-bb5d-9e052372b209,ok,5,2026-07-25,20,Juli,positif,ok,oke,['oke'],['oke'],['oke'],['oke'],oke
aacb557f-7515-4308-86e0-acb114f540ea,sangat membantu,5,2026-06-02,8,Juni,positif,sangat membantu,sangat membantu,"['sangat', 'membantu']","['sangat', 'membantu']","['sangat', 'membantu']","['sangat', 'bantu']",sangat bantu
ab0c1633-35b3-4a31-8eb5-bd9023b457bb,sangat membantu 👍,5,2026-07-01,7,Juli,positif,sangat membantu,sangat membantu,"['sangat', 'membantu']","['sangat', 'membantu']","['sangat', 'membantu']","['sangat', 'bantu']",sangat bantu
ab460412-4b84-476c-a1c0-95ae056f6e84,cukup cepat dan mudah dioperasikan,5,2026-08-04,14,Agustus,positif,cukup cepat dan mudah dioperasikan,cukup cepat dan mudah dioperasikan,"['cukup', 'cepat', 'dan', 'mudah', 'dioperasikan']","['cukup', 'cepat', 'mudah', 'dioperasikan']","['cukup', 'cepat', 'mudah', 'dioperasikan']","['cukup', 'cepat', 'mudah', 'operasi']",cukup cepat mudah operasi
ab84255c-e035-46cb-bcff-b7197f6478b9,sangat bermanfaat dalam hal penyelenggaraan jaminan kesehatan nasional bagi para peserta mandiri secara keseluruhan baik pribadi maupun keluarga...,5,2026-06-02,10,Juni,positif,sangat bermanfaat dalam hal penyelenggaraan jaminan kesehatan nasional bagi para peserta mandiri secara keseluruhan baik pribadi maupun keluarga,sangat bermanfaat dalam hal penyelenggaraan jaminan kesehatan nasional bagi para peserta mandiri secara keseluruhan baik pribadi maupun keluarga,"['sangat', 'bermanfaat', 'dalam', 'hal', 'penyelenggaraan', 'jaminan', 'kesehatan', 'nasional', 'bagi', 'para', 'peserta', 'mandiri', 'secara', 'keseluruhan', 'baik', 'pribadi', 'maupun', 'keluarga']","['sangat', 'bermanfaat', 'penyelenggaraan', 'jaminan', 'kesehatan', 'nasional', 'peserta', 'mandiri', 'keseluruhan', 'baik', 'pribadi', 'maupun', 'keluarga']","['sangat', 'bermanfaat', 'penyelenggaraan', 'jaminan', 'kesehatan', 'nasional', 'peserta', 'mandiri', 'keseluruhan', 'baik', 'pribadi', 'maupun', 'keluarga']","['sangat', 'manfaat', 'selenggara', 'jamin', 'sehat', 'nasional', 'serta', 'mandiri', 'seluruh', 'baik', 'pribadi', 'maupun', 'keluarga']",sangat manfaat selenggara jamin sehat nasional serta mandiri seluruh baik pribadi maupun keluarga
ab8b67c5-5eba-41c0-b2ea-94fa8a7d7be0,mengapa saya tidak bisa mendownload apk ini lagi,5,2026-08-16,2,Agustus,negatif,mengapa saya tidak bisa mendownload apk ini lagi,mengapa saya tidak bisa mengunduh aplikasi ini lagi,"['mengapa', 'saya', 'tidak', 'bisa', 'mengunduh', 'aplikasi', 'ini', 'lagi']","['tidak', 'mengunduh', 'aplikasi']","['tidak', 'tidak_mengunduh', 'aplikasi']","['tidak', 'tidak_unduh', 'aplikasi']",tidak tidak_unduh aplikasi
abade524-9be4-45f3-8681-0360d1c5bc3d,ngotak dikit kau yg bikin nih aplikasi,1,2026-06-27,6,Juni,negatif,ngotak dikit kau yg bikin nih aplikasi,masuk akal sedikit kau yang membuat ini aplikasi,"['masuk', 'akal', 'sedikit', 'kau', 'yang', 'membuat', 'ini', 'aplikasi']","['masuk', 'akal', 'sedikit', 'kau', 'membuat', 'aplikasi']","['masuk', 'akal', 'sedikit', 'kau', 'membuat', 'aplikasi']","['masuk', 'akal', 'sedikit', 'kau', 'buat', 'aplikasi']",masuk akal sedikit kau buat aplikasi
abc4e4e1-6aab-44f2-92a3-ff402288a525,"aplikasi eror, pembayaran sudah sukses tapi diaplikasi masih belum terbayar aneh",1,2026-08-10,7,Agustus,negatif,aplikasi eror pembayaran sudah sukses tapi diaplikasi masih belum terbayar aneh,aplikasi error pembayaran sudah sukses tapi di aplikasi masih belum terbayar aneh,"['aplikasi', 'error', 'pembayaran', 'sudah', 'sukses', 'tapi', 'di', 'aplikasi', 'masih', 'belum', 'terbayar', 'aneh']","['aplikasi', 'error', 'pembayaran', 'sukses', 'aplikasi', 'terbayar', 'aneh']","['aplikasi', 'error', 'pembayaran', 'sukses', 'aplikasi', 'terbayar', 'aneh']","['aplikasi', 'error', 'bayar', 'sukses', 'aplikasi', 'bayar', 'aneh']",aplikasi error bayar sukses aplikasi bayar aneh
abd1a171-4973-46a6-aa60-c90b79338cfb,semoga lebih baik,5,2026-06-09,19,Juni,netral,semoga lebih baik,semoga lebih baik,"['semoga', 'lebih', 'baik']","['semoga', 'lebih', 'baik']","['semoga', 'lebih', 'baik']","['moga', 'lebih', 'baik']",moga lebih baik
ac54e5b7-9bed-4be0-8254-3dcf2fb54316,pembayaran masih ditangguhkan. sedangkan Duit sudah tersedot via autodebet......coba Menkes....tolong review apk. JKN,1,2026-08-28,18,Agustus,negatif,pembayaran masih ditangguhkan sedangkan duit sudah tersedot via autodebet coba menkes tolong review apk jkn,pembayaran masih ditangguhkan sedangkan duit sudah tersedot via autodebit coba menkes tolong ulasan aplikasi jkn,"['pembayaran', 'masih', 'ditangguhkan', 'sedangkan', 'duit', 'sudah', 'tersedot', 'via', 'autodebit', 'coba', 'menkes', 'tolong', 'ulasan', 'aplikasi', 'jkn']","['pembayaran', 'ditangguhkan', 'duit', 'tersedot', 'via', 'autodebit', 'coba', 'menkes', 'ulasan', 'aplikasi', 'jkn']","['pembayaran', 'ditangguhkan', 'duit', 'tersedot', 'via', 'autodebit', 'coba', 'menkes', 'ulasan', 'aplikasi', 'jkn']","['bayar', 'tangguh', 'duit', 'sedot', 'via', 'autodebit', 'coba', 'menkes', 'ulas', 'aplikasi', 'jkn']",bayar tangguh duit sedot via autodebit coba menkes ulas aplikasi jkn
ac72cba8-a32c-4619-811b-65b986867a7b,jos,5,2026-08-21,15,Agustus,positif,jos,bagus,['bagus'],['bagus'],['bagus'],['bagus'],bagus
ac9ebe80-8e0b-4106-8d75-dfaebe9f3236,aplikasi ini sangat bagus dan memuaskan,5,2026-07-07,12,Juli,positif,aplikasi ini sangat bagus dan memuaskan,aplikasi ini sangat bagus dan memuaskan,"['aplikasi', 'ini', 'sangat', 'bagus', 'dan', 'memuaskan']","['aplikasi', 'sangat', 'bagus', 'memuaskan']","['aplikasi', 'sangat', 'bagus', 'memuaskan']","['aplikasi', 'sangat', 'bagus', 'muas']",aplikasi sangat bagus muas
accddddd-68c2-4fc4-9b78-2091cc962a75,sae pisan,5,2026-06-16,14,Juni,positif,sae pisan,baik sekali,"['baik', 'sekali']","['baik', 'sekali']","['baik', 'sekali']","['baik', 'sekali']",baik sekali
acd6b054-0260-487a-a083-1b46b16b21ca,bagus pelayanan nya,5,2026-07-03,15,Juli,positif,bagus pelayanan nya,bagus pelayanan nya,"['bagus', 'pelayanan', 'nya']","['bagus', 'pelayanan']","['bagus', 'pelayanan']","['bagus', 'layan']",bagus layan
ad8c409a-e010-4e1d-95fe-a2ce871fdabc,"kata akumah benerin dulu nih apk , busuk bangett susah juga kalo mau di pakek suruh nunggu beberapa menit tpi dari malam Sampek pagi tetep ga bisa ngelag ngelag trus apk aneh",1,2026-08-03,7,Agustus,negatif,kata akumah benerin dulu nih apk busuk bangett susah juga kalo mau di pakek suruh nunggu beberapa menit tpi dari malam sampek pagi tetep ga bisa ngelag ngelag trus apk aneh,kata saya memperbaiki dulu ini aplikasi busuk sangat susah juga kalau mau dipakai menyuruh menunggu beberapa menit tapi dari malam sampai pagi tetap tidak bisa lambat lambat terus aplikasi aneh,"['kata', 'saya', 'memperbaiki', 'dulu', 'ini', 'aplikasi', 'busuk', 'sangat', 'susah', 'juga', 'kalau', 'mau', 'dipakai', 'menyuruh', 'menunggu', 'beberapa', 'menit', 'tapi', 'dari', 'malam', 'sampai', 'pagi', 'tetap', 'tidak', 'bisa', 'lambat', 'lambat', 'terus', 'aplikasi', 'aneh']","['kata', 'memperbaiki', 'dulu', 'aplikasi', 'busuk', 'sangat', 'susah', 'kalau', 'mau', 'dipakai', 'menyuruh', 'menunggu', 'beberapa', 'menit', 'malam', 'pagi', 'tetap', 'tidak', 'lambat', 'lambat', 'terus', 'aplikasi', 'aneh']","['kata', 'memperbaiki', 'dulu', 'aplikasi', 'busuk', 'sangat', 'susah', 'kalau', 'mau', 'dipakai', 'menyuruh', 'menunggu', 'beberapa', 'menit', 'malam', 'pagi', 'tetap', 'tidak', 'tidak_lambat', 'lambat', 'terus', 'aplikasi', 'aneh']","['kata', 'perbaiki', 'dulu', 'aplikasi', 'busuk', 'sangat', 'susah', 'kalau', 'mau', 'pakai', 'suruh', 'tunggu', 'beberapa', 'menit', 'malam', 'pagi', 'tetap', 'tidak', 'tidak_lambat', 'lambat', 'terus', 'aplikasi', 'aneh']",kata perbaiki dulu aplikasi busuk sangat susah kalau mau pakai suruh tunggu beberapa menit malam pagi tetap tidak tidak_lambat lambat terus aplikasi aneh
ad99724b-d72d-453c-bf19-0a0a3ddd91d4,"Niat gak sih buat apknya, masa gak bisa daftar buat masuk terus sih, kalau gak bisa kenapa apknya dibuat yaudah gak usah dibuat aja sekalian, orang gak bisa masuk juga.",1,2026-08-28,13,Agustus,negatif,niat gak sih buat apknya masa gak bisa daftar buat masuk terus sih kalau gak bisa kenapa apknya dibuat yaudah gak usah dibuat aja sekalian orang gak bisa masuk juga,niat tidak sih buat aplikasinya masa tidak bisa daftar buat masuk terus sih kalau tidak bisa kenapa aplikasinya dibuat ya sudah tidak usah dibuat saja sekalian orang tidak bisa masuk juga,"['niat', 'tidak', 'sih', 'buat', 'aplikasinya', 'masa', 'tidak', 'bisa', 'daftar', 'buat', 'masuk', 'terus', 'sih', 'kalau', 'tidak', 'bisa', 'kenapa', 'aplikasinya', 'dibuat', 'ya', 'sudah', 'tidak', 'usah', 'dibuat', 'saja', 'sekalian', 'orang', 'tidak', 'bisa', 'masuk', 'juga']","['niat', 'tidak', 'sih', 'buat', 'aplikasinya', 'masa', 'tidak', 'daftar', 'buat', 'masuk', 'terus', 'sih', 'kalau', 'tidak', 'aplikasinya', 'dibuat', 'tidak', 'usah', 'dibuat', 'sekalian', 'orang', 'tidak', 'masuk']","['niat', 'tidak', 'tidak_sih', 'buat', 'aplikasinya', 'masa', 'tidak', 'tidak_daftar', 'buat', 'masuk', 'terus', 'sih', 'kalau', 'tidak', 'tidak_aplikasinya', 'dibuat', 'tidak', 'tidak_usah', 'dibuat', 'sekalian', 'orang', 'tidak', 'tidak_masuk']","['niat', 'tidak', 'tidak_sih', 'buat', 'aplikasi', 'masa', 'tidak', 'tidak_daftar', 'buat', 'masuk', 'terus', 'sih', 'kalau', 'tidak', 'tidak_aplikasi', 'buat', 'tidak', 'tidak_usah', 'buat', 'sekali', 'orang', 'tidak', 'tidak_masuk']",niat tidak tidak_sih buat aplikasi masa tidak tidak_daftar buat masuk terus sih kalau tidak tidak_aplikasi buat tidak tidak_usah buat sekali orang tidak tidak_masuk
ad9b3822-68e3-4da8-a38f-f34741295b59,"aplikasi buruk, udah log in tiba2 keluar sendiri, mau login harus pakai pulsa lagi.",1,2026-08-31,21,Agustus,negatif,aplikasi buruk udah log in tiba2 keluar sendiri mau login harus pakai pulsa lagi,aplikasi buruk sudah login tiba-tiba keluar sendiri mau login harus pakai pulsa lagi,"['aplikasi', 'buruk', 'sudah', 'login', 'tiba-tiba', 'keluar', 'sendiri', 'mau', 'login', 'harus', 'pakai', 'pulsa', 'lagi']","['aplikasi', 'buruk', 'login', 'tiba-tiba', 'keluar', 'sendiri', 'mau', 'login', 'pakai', 'pulsa']","['aplikasi', 'buruk', 'login', 'tiba-tiba', 'keluar', 'sendiri', 'mau', 'login', 'pakai', 'pulsa']","['aplikasi', 'buruk', 'login', 'tiba', 'keluar', 'sendiri', 'mau', 'login', 'pakai', 'pulsa']",aplikasi buruk login tiba keluar sendiri mau login pakai pulsa
addadad5-60ea-476c-9681-13ed380791de,Semoga selalu bermanfaat untuk umat manusia,5,2026-06-26,9,Juni,netral,semoga selalu bermanfaat untuk umat manusia,semoga selalu bermanfaat untuk umat manusia,"['semoga', 'selalu', 'bermanfaat', 'untuk', 'umat', 'manusia']","['semoga', 'selalu', 'bermanfaat', 'umat', 'manusia']","['semoga', 'selalu', 'bermanfaat', 'umat', 'manusia']","['moga', 'selalu', 'manfaat', 'umat', 'manusia']",moga selalu manfaat umat manusia
ade68745-9815-4052-a1c8-4a3b3cfc382d,"arahannya mudah, jadi kita gampang buat ubahnya",5,2026-07-02,5,Juli,positif,arahannya mudah jadi kita gampang buat ubahnya,arahannya mudah jadi kita mudah buat ubahnya,"['arahannya', 'mudah', 'jadi', 'kita', 'mudah', 'buat', 'ubahnya']","['arahannya', 'mudah', 'jadi', 'mudah', 'buat', 'ubahnya']","['arahannya', 'mudah', 'jadi', 'mudah', 'buat', 'ubahnya']","['arah', 'mudah', 'jadi', 'mudah', 'buat', 'ubah']",arah mudah jadi mudah buat ubah
adf8f89c-ce43-4ef3-bccc-829b5e601424,"tolong APLIKASI NYE MEMPERMUDAH penggunanye , kami orang orang ,sakit butuh Aplikasi ini",5,2026-06-23,22,Juni,netral,tolong aplikasi nye mempermudah penggunanye kami orang orang sakit butuh aplikasi ini,tolong aplikasi nya mempermudah penggunanya kami orang orang sakit butuh aplikasi ini,"['tolong', 'aplikasi', 'nya', 'mempermudah', 'penggunanya', 'kami', 'orang', 'orang', 'sakit', 'butuh', 'aplikasi', 'ini']","['aplikasi', 'mempermudah', 'penggunanya', 'orang', 'orang', 'sakit', 'butuh', 'aplikasi']","['aplikasi', 'mempermudah', 'penggunanya', 'orang', 'orang', 'sakit', 'butuh', 'aplikasi']","['aplikasi', 'mudah', 'guna', 'orang', 'orang', 'sakit', 'butuh', 'aplikasi']",aplikasi mudah guna orang orang sakit butuh aplikasi
ae153882-fdfa-41fb-8aff-80b62385e599,gabisa daftar ga di acc terus njir ckss,1,2026-06-12,19,Juni,negatif,gabisa daftar ga di acc terus njir ckss,tidak bisa daftar tidak di disetujui terus anjing ckss,"['tidak', 'bisa', 'daftar', 'tidak', 'di', 'disetujui', 'terus', 'anjing', 'ckss']","['tidak', 'daftar', 'tidak', 'disetujui', 'terus', 'anjing', 'ckss']","['tidak', 'tidak_daftar', 'tidak', 'tidak_disetujui', 'terus', 'anjing', 'ckss']","['tidak', 'tidak_daftar', 'tidak', 'tidak_tuju', 'terus', 'anjing', 'ckss']",tidak tidak_daftar tidak tidak_tuju terus anjing ckss
ae170eef-c66d-4997-8d4d-e8caa6d63175,"PENGURUSANYA Ribet, kode otp tdk masuk sdh berkali kali di minta tdk pernah dikirim",1,2026-08-11,6,Agustus,negatif,pengurusanya ribet kode otp tdk masuk sdh berkali kali di minta tdk pernah dikirim,pengurusannya rumit kode otp tidak masuk sudah berkali kali di minta tidak pernah dikirim,"['pengurusannya', 'rumit', 'kode', 'otp', 'tidak', 'masuk', 'sudah', 'berkali', 'kali', 'di', 'minta', 'tidak', 'pernah', 'dikirim']","['pengurusannya', 'rumit', 'kode', 'otp', 'tidak', 'masuk', 'berkali', 'kali', 'minta', 'tidak', 'pernah', 'dikirim']","['pengurusannya', 'rumit', 'kode', 'otp', 'tidak', 'tidak_masuk', 'berkali', 'kali', 'minta', 'tidak', 'tidak_pernah', 'dikirim']","['urus', 'rumit', 'kode', 'otp', 'tidak', 'tidak_masuk', 'kali', 'kali', 'minta', 'tidak', 'tidak_pernah', 'kirim']",urus rumit kode otp tidak tidak_masuk kali kali minta tidak tidak_pernah kirim
ae2676f0-e1a8-4cea-b177-88ccaa868c03,"saya pribadi kurang puas dengan aplikasi ini, untuk mendaftar antrian secara online seperti nya kurang real/masih terjadi bug.mohon untuk ditingkatkan lagi dari update pelayanan nya dan sistem nya",1,2026-07-17,3,Juli,negatif,saya pribadi kurang puas dengan aplikasi ini untuk mendaftar antrian secara online seperti nya kurang real masih terjadi bug mohon untuk ditingkatkan lagi dari update pelayanan nya dan sistem nya,saya pribadi kurang puas dengan aplikasi ini untuk mendaftar antrean secara daring seperti nya kurang nyata masih terjadi gangguan sistem mohon untuk ditingkatkan lagi dari pembaruan pelayanan nya dan sistem nya,"['saya', 'pribadi', 'kurang', 'puas', 'dengan', 'aplikasi', 'ini', 'untuk', 'mendaftar', 'antrean', 'secara', 'daring', 'seperti', 'nya', 'kurang', 'nyata', 'masih', 'terjadi', 'gangguan', 'sistem', 'mohon', 'untuk', 'ditingkatkan', 'lagi', 'dari', 'pembaruan', 'pelayanan', 'nya', 'dan', 'sistem', 'nya']","['pribadi', 'kurang', 'puas', 'aplikasi', 'mendaftar', 'antrean', 'daring', 'kurang', 'nyata', 'terjadi', 'gangguan', 'sistem', 'mohon', 'ditingkatkan', 'pembaruan', 'pelayanan', 'sistem']","['pribadi', 'kurang', 'puas', 'aplikasi', 'mendaftar', 'antrean', 'daring', 'kurang', 'nyata', 'terjadi', 'gangguan', 'sistem', 'mohon', 'ditingkatkan', 'pembaruan', 'pelayanan', 'sistem']","['pribadi', 'kurang', 'puas', 'aplikasi', 'daftar', 'antre', 'daring', 'kurang', 'nyata', 'jadi', 'ganggu', 'sistem', 'mohon', 'tingkat', 'baru', 'layan', 'sistem']",pribadi kurang puas aplikasi daftar antre daring kurang nyata jadi ganggu sistem mohon tingkat baru layan sistem
ae39a508-1419-4227-95bb-4e86e4922c2d,KODE OTP TIDAK ADA!!!!!,1,2026-07-19,12,Juli,negatif,kode otp tidak ada,kode otp tidak ada,"['kode', 'otp', 'tidak', 'ada']","['kode', 'otp', 'tidak']","['kode', 'otp', 'tidak']","['kode', 'otp', 'tidak']",kode otp tidak
ae40acec-70ad-4b23-81d4-0d922122524f,oke,5,2026-08-18,15,Agustus,positif,oke,oke,['oke'],['oke'],['oke'],['oke'],oke
aee190bd-64af-40be-96f7-8b5c1610694e,untuk daftar ke faskes lanjutan masih sulit,4,2026-06-16,5,Juni,negatif,untuk daftar ke faskes lanjutan masih sulit,untuk daftar ke faskes lanjutan masih sulit,"['untuk', 'daftar', 'ke', 'faskes', 'lanjutan', 'masih', 'sulit']","['daftar', 'faskes', 'lanjutan', 'sulit']","['daftar', 'faskes', 'lanjutan', 'sulit']","['daftar', 'faskes', 'lanjut', 'sulit']",daftar faskes lanjut sulit
aefba0d2-fdf9-40d7-8b83-ec9f8aac77b8,sangat membantu,5,2026-07-22,11,Juli,positif,sangat membantu,sangat membantu,"['sangat', 'membantu']","['sangat', 'membantu']","['sangat', 'membantu']","['sangat', 'bantu']",sangat bantu
af779bae-3ca2-406d-bbc8-629294c55886,tingkatkam lgi pelayanan biar lebih bagus,5,2026-08-12,7,Agustus,netral,tingkatkam lgi pelayanan biar lebih bagus,tingkatkan lagi pelayanan agar lebih bagus,"['tingkatkan', 'lagi', 'pelayanan', 'agar', 'lebih', 'bagus']","['tingkatkan', 'pelayanan', 'lebih', 'bagus']","['tingkatkan', 'pelayanan', 'lebih', 'bagus']","['tingkat', 'layan', 'lebih', 'bagus']",tingkat layan lebih bagus
afb33815-29ff-4648-9863-82920b518658,ok,5,2026-07-14,5,Juli,positif,ok,oke,['oke'],['oke'],['oke'],['oke'],oke
afbccd56-09ae-42ee-80ba-6c46d80aab35,mantap,5,2026-08-10,9,Agustus,positif,mantap,mantap,['mantap'],['mantap'],['mantap'],['mantap'],mantap
b03b0317-9be7-4aa7-8f4b-1742eed22ca5,sejauh ini bermanfaat dan memudahkan proses administrasi awal di faskes,4,2026-07-07,14,Juli,positif,sejauh ini bermanfaat dan memudahkan proses administrasi awal di faskes,sejauh ini bermanfaat dan memudahkan proses administrasi awal di faskes,"['sejauh', 'ini', 'bermanfaat', 'dan', 'memudahkan', 'proses', 'administrasi', 'awal', 'di', 'faskes']","['sejauh', 'bermanfaat', 'memudahkan', 'proses', 'administrasi', 'awal', 'faskes']","['sejauh', 'bermanfaat', 'memudahkan', 'proses', 'administrasi', 'awal', 'faskes']","['jauh', 'manfaat', 'mudah', 'proses', 'administrasi', 'awal', 'faskes']",jauh manfaat mudah proses administrasi awal faskes
b04caa5f-e332-4178-ad6e-9c4d78b522f9,Aplikasi bagus pelayanan sudah mulai membaik,3,2026-08-09,6,Agustus,positif,aplikasi bagus pelayanan sudah mulai membaik,aplikasi bagus pelayanan sudah mulai membaik,"['aplikasi', 'bagus', 'pelayanan', 'sudah', 'mulai', 'membaik']","['aplikasi', 'bagus', 'pelayanan', 'mulai', 'membaik']","['aplikasi', 'bagus', 'pelayanan', 'mulai', 'membaik']","['aplikasi', 'bagus', 'layan', 'mulai', 'baik']",aplikasi bagus layan mulai baik
b07d0e75-f2c1-4571-8db9-6e4d0742c60b,bagus,5,2026-08-14,18,Agustus,positif,bagus,bagus,['bagus'],['bagus'],['bagus'],['bagus'],bagus
b085e850-7236-40f4-94a8-98142e45f23f,bagus,4,2026-06-08,8,Juni,positif,bagus,bagus,['bagus'],['bagus'],['bagus'],['bagus'],bagus
b08dad89-32fc-4ccd-a16a-aed9550ca627,"pelayanan untuk orang jompo, penggantian data ( no hp. lupa pasword,dll) terlalu dipersulit.. tidak rekomendasi untuk orang lanjut usia..",1,2026-07-17,9,Juli,negatif,pelayanan untuk orang jompo penggantian data no hp lupa pasword dll terlalu dipersulit tidak rekomendasi untuk orang lanjut usia,pelayanan untuk orang jompo penggantian data nomor ponsel lupa kata sandi dan lain-lain terlalu dipersulit tidak rekomendasi untuk orang lanjut usia,"['pelayanan', 'untuk', 'orang', 'jompo', 'penggantian', 'data', 'nomor', 'ponsel', 'lupa', 'kata', 'sandi', 'dan', 'lain-lain', 'terlalu', 'dipersulit', 'tidak', 'rekomendasi', 'untuk', 'orang', 'lanjut', 'usia']","['pelayanan', 'orang', 'jompo', 'penggantian', 'data', 'nomor', 'ponsel', 'lupa', 'kata', 'sandi', 'lain-lain', 'terlalu', 'dipersulit', 'tidak', 'rekomendasi', 'orang', 'lanjut', 'usia']","['pelayanan', 'orang', 'jompo', 'penggantian', 'data', 'nomor', 'ponsel', 'lupa', 'kata', 'sandi', 'lain-lain', 'terlalu', 'dipersulit', 'tidak', 'tidak_rekomendasi', 'orang', 'lanjut', 'usia']","['layan', 'orang', 'jompo', 'ganti', 'data', 'nomor', 'ponsel', 'lupa', 'kata', 'sandi', 'lain', 'terlalu', 'sulit', 'tidak', 'tidak_rekomendasi', 'orang', 'lanjut', 'usia']",layan orang jompo ganti data nomor ponsel lupa kata sandi lain terlalu sulit tidak tidak_rekomendasi orang lanjut usia
b09bc991-ae54-4996-ab8a-bad444287693,apk sering error gak jelas ini,1,2026-08-07,10,Agustus,negatif,apk sering error gak jelas ini,aplikasi sering error tidak jelas ini,"['aplikasi', 'sering', 'error', 'tidak', 'jelas', 'ini']","['aplikasi', 'sering', 'error', 'tidak', 'jelas']","['aplikasi', 'sering', 'error', 'tidak', 'tidak_jelas']","['aplikasi', 'sering', 'error', 'tidak', 'tidak_jelas']",aplikasi sering error tidak tidak_jelas
b0f766c1-cac9-4361-afef-61505f036872,bagus banget,5,2026-06-01,8,Juni,positif,bagus banget,bagus sangat,"['bagus', 'sangat']","['bagus', 'sangat']","['bagus', 'sangat']","['bagus', 'sangat']",bagus sangat
b125622a-12b7-4af7-84a9-b4c6209f4653,ingin bergabung setelah keuangan membaik,5,2026-07-21,13,Juli,netral,ingin bergabung setelah keuangan membaik,ingin bergabung setelah keuangan membaik,"['ingin', 'bergabung', 'setelah', 'keuangan', 'membaik']","['bergabung', 'keuangan', 'membaik']","['bergabung', 'keuangan', 'membaik']","['gabung', 'uang', 'baik']",gabung uang baik
b125ff4e-fb06-4306-99f1-29d93389a68b,sangat baguss,5,2026-07-14,8,Juli,positif,sangat baguss,sangat bagus,"['sangat', 'bagus']","['sangat', 'bagus']","['sangat', 'bagus']","['sangat', 'bagus']",sangat bagus
b12681b1-4e42-41c6-96db-cf978df9a48a,tolong untuk autodebit kasih opsi BNI 🙏,3,2026-07-27,17,Juli,netral,tolong untuk autodebit kasih opsi bni,tolong untuk autodebit kasih opsi bni,"['tolong', 'untuk', 'autodebit', 'kasih', 'opsi', 'bni']","['autodebit', 'kasih', 'opsi', 'bni']","['autodebit', 'kasih', 'opsi', 'bni']","['autodebit', 'kasih', 'opsi', 'bni']",autodebit kasih opsi bni
b18be949-017e-47a8-8b2b-12eef28fe135,"tiba tiba ke log out sendiri, pdhal tidak login didevice lain.. konyoll",2,2026-08-18,20,Agustus,negatif,tiba tiba ke log out sendiri pdhal tidak login didevice lain konyoll,tiba tiba ke logout sendiri padahal tidak login di perangkat lain konyol,"['tiba', 'tiba', 'ke', 'logout', 'sendiri', 'padahal', 'tidak', 'login', 'di', 'perangkat', 'lain', 'konyol']","['tiba', 'tiba', 'logout', 'sendiri', 'padahal', 'tidak', 'login', 'perangkat', 'konyol']","['tiba', 'tiba', 'logout', 'sendiri', 'padahal', 'tidak', 'tidak_login', 'perangkat', 'konyol']","['tiba', 'tiba', 'logout', 'sendiri', 'padahal', 'tidak', 'tidak_login', 'perangkat', 'konyol']",tiba tiba logout sendiri padahal tidak tidak_login perangkat konyol
b1958460-113f-4002-b801-2270b3fe8046,mudah dalam penggunaan,5,2026-06-25,16,Juni,positif,mudah dalam penggunaan,mudah dalam penggunaan,"['mudah', 'dalam', 'penggunaan']","['mudah', 'penggunaan']","['mudah', 'penggunaan']","['mudah', 'guna']",mudah guna
b1a2fc1e-a257-4521-b7d4-54d6baa7e7e5,kenapa tidak bisa dengan perangkat saya ini tolong lah untuk anak saya berobat ini parah amat sie ini pemerintah,1,2026-07-05,21,Juli,negatif,kenapa tidak bisa dengan perangkat saya ini tolong lah untuk anak saya berobat ini parah amat sie ini pemerintah,kenapa tidak bisa dengan perangkat saya ini tolong lah untuk anak saya berobat ini parah amat sie ini pemerintah,"['kenapa', 'tidak', 'bisa', 'dengan', 'perangkat', 'saya', 'ini', 'tolong', 'lah', 'untuk', 'anak', 'saya', 'berobat', 'ini', 'parah', 'amat', 'sie', 'ini', 'pemerintah']","['tidak', 'perangkat', 'lah', 'anak', 'berobat', 'parah', 'sie', 'pemerintah']","['tidak', 'tidak_perangkat', 'lah', 'anak', 'berobat', 'parah', 'sie', 'pemerintah']","['tidak', 'tidak_perangkat', 'lah', 'anak', 'obat', 'parah', 'sie', 'perintah']",tidak tidak_perangkat lah anak obat parah sie perintah
b1a80c70-a66a-4192-8395-24beb64114d5,sekarang sulit untuk masuk untuk mendapatkan kode capcha,3,2026-07-18,22,Juli,negatif,sekarang sulit untuk masuk untuk mendapatkan kode capcha,sekarang sulit untuk masuk untuk mendapatkan kode captcha,"['sekarang', 'sulit', 'untuk', 'masuk', 'untuk', 'mendapatkan', 'kode', 'captcha']","['sekarang', 'sulit', 'masuk', 'mendapatkan', 'kode', 'captcha']","['sekarang', 'sulit', 'masuk', 'mendapatkan', 'kode', 'captcha']","['sekarang', 'sulit', 'masuk', 'dapat', 'kode', 'captcha']",sekarang sulit masuk dapat kode captcha
b1b9eed9-0d75-4e42-8887-3405f0c5aa13,"susah banget daftarnya, nyusahin banget",1,2026-06-19,14,Juni,negatif,susah banget daftarnya nyusahin banget,susah sangat daftar menyusahkan sangat,"['susah', 'sangat', 'daftar', 'menyusahkan', 'sangat']","['susah', 'sangat', 'daftar', 'menyusahkan', 'sangat']","['susah', 'sangat', 'daftar', 'menyusahkan', 'sangat']","['susah', 'sangat', 'daftar', 'susah', 'sangat']",susah sangat daftar susah sangat
b1cbac31-94c8-494e-9214-d043e60d5407,aplikasi cacat...!!,1,2026-08-25,14,Agustus,negatif,aplikasi cacat,aplikasi cacat,"['aplikasi', 'cacat']","['aplikasi', 'cacat']","['aplikasi', 'cacat']","['aplikasi', 'cacat']",aplikasi cacat
b1d80dd7-bb12-4591-a6b9-820134afb4ac,good,5,2026-08-06,9,Agustus,positif,good,bagus,['bagus'],['bagus'],['bagus'],['bagus'],bagus
b1e4db3e-65bc-4876-8345-90f62c3a590c,mudah dan cepattttt sekali terbaikkkkkk,5,2026-07-28,19,Juli,positif,mudah dan cepattttt sekali terbaikkkkkk,mudah dan cepat sekali terbaik,"['mudah', 'dan', 'cepat', 'sekali', 'terbaik']","['mudah', 'cepat', 'sekali', 'terbaik']","['mudah', 'cepat', 'sekali', 'terbaik']","['mudah', 'cepat', 'sekali', 'baik']",mudah cepat sekali baik
b21394f6-3483-4b93-9868-41ac0c54a2fb,bagus dan membantu dalam data bpjs,4,2026-06-20,20,Juni,positif,bagus dan membantu dalam data bpjs,bagus dan membantu dalam data bpjs,"['bagus', 'dan', 'membantu', 'dalam', 'data', 'bpjs']","['bagus', 'membantu', 'data', 'bpjs']","['bagus', 'membantu', 'data', 'bpjs']","['bagus', 'bantu', 'data', 'bpjs']",bagus bantu data bpjs
b2334b71-6702-4786-a981-7078df72b245,Memudahkan dalam proses pendaftarn difaskes.,5,2026-08-26,17,Agustus,positif,memudahkan dalam proses pendaftarn difaskes,memudahkan dalam proses pendaftaran di faskes,"['memudahkan', 'dalam', 'proses', 'pendaftaran', 'di', 'faskes']","['memudahkan', 'proses', 'pendaftaran', 'faskes']","['memudahkan', 'proses', 'pendaftaran', 'faskes']","['mudah', 'proses', 'daftar', 'faskes']",mudah proses daftar faskes
b2533799-cacf-4b3b-b043-0e2a86714b6b,"banyak keluhan,sistem harus di update agar tidak sering eror,sistem harus melirik dan mengupdate apk ini,jangan diem saja ya,yang lain butuh bantuan cepat,cuma tinggal sistem aja yang harus di perbarui,yang lain mau berobat masa di persulit gagara apk sering eror begini",3,2026-07-03,12,Juli,negatif,banyak keluhan sistem harus di update agar tidak sering eror sistem harus melirik dan mengupdate apk ini jangan diem saja ya yang lain butuh bantuan cepat cuma tinggal sistem aja yang harus di perbarui yang lain mau berobat masa di persulit gagara apk sering eror begini,banyak keluhan sistem harus di pembaruan agar tidak sering error sistem harus melirik dan memperbarui aplikasi ini jangan diam saja ya yang lain butuh bantuan cepat hanya tinggal sistem saja yang harus di perbarui yang lain mau berobat masa dipersulit gara-gara aplikasi sering error begini,"['banyak', 'keluhan', 'sistem', 'harus', 'di', 'pembaruan', 'agar', 'tidak', 'sering', 'error', 'sistem', 'harus', 'melirik', 'dan', 'memperbarui', 'aplikasi', 'ini', 'jangan', 'diam', 'saja', 'ya', 'yang', 'lain', 'butuh', 'bantuan', 'cepat', 'hanya', 'tinggal', 'sistem', 'saja', 'yang', 'harus', 'di', 'perbarui', 'yang', 'lain', 'mau', 'berobat', 'masa', 'dipersulit', 'gara-gara', 'aplikasi', 'sering', 'error', 'begini']","['banyak', 'keluhan', 'sistem', 'pembaruan', 'tidak', 'sering', 'error', 'sistem', 'melirik', 'memperbarui', 'aplikasi', 'jangan', 'diam', 'butuh', 'bantuan', 'cepat', 'tinggal', 'sistem', 'perbarui', 'mau', 'berobat', 'masa', 'dipersulit', 'gara-gara', 'aplikasi', 'sering', 'error', 'begini']","['banyak', 'keluhan', 'sistem', 'pembaruan', 'tidak', 'tidak_sering', 'error', 'sistem', 'melirik', 'memperbarui', 'aplikasi', 'jangan', 'diam', 'butuh', 'bantuan', 'cepat', 'tinggal', 'sistem', 'perbarui', 'mau', 'berobat', 'masa', 'dipersulit', 'gara-gara', 'aplikasi', 'sering', 'error', 'begini']","['banyak', 'keluh', 'sistem', 'baru', 'tidak', 'tidak_sering', 'error', 'sistem', 'lirik', 'baru', 'aplikasi', 'jangan', 'diam', 'butuh', 'bantu', 'cepat', 'tinggal', 'sistem', 'baru', 'mau', 'obat', 'masa', 'sulit', 'gara-gara', 'aplikasi', 'sering', 'error', 'begini']",banyak keluh sistem baru tidak tidak_sering error sistem lirik baru aplikasi jangan diam butuh bantu cepat tinggal sistem baru mau obat masa sulit gara-gara aplikasi sering error begini
b26242c5-215f-4287-ac3e-98368e097ce9,bagus,5,2026-07-14,13,Juli,positif,bagus,bagus,['bagus'],['bagus'],['bagus'],['bagus'],bagus
b269d918-3dc9-44eb-b72c-6ffb4e67846d,simple,5,2026-08-16,16,Agustus,positif,simple,sederhana,['sederhana'],['sederhana'],['sederhana'],['sederhana'],sederhana
b2a9f1d4-4b8d-4839-a33b-d9ced0d7d633,Bagus,5,2026-08-14,13,Agustus,positif,bagus,bagus,['bagus'],['bagus'],['bagus'],['bagus'],bagus
b2eada00-7da1-4686-824e-ff0635fa1b93,mantapp,5,2026-07-01,6,Juli,positif,mantapp,mantap,['mantap'],['mantap'],['mantap'],['mantap'],mantap
b34cc7ad-acb5-403a-ba54-69a1cbb9b563,"jkn,koclok masak gak bisa dipake login lebih dari 3 ktp gak bisa. kalo ada yg minta tolong gimana,orang tua apa saudara yg gak ada hp. Apa dikira mau dipake nyolong apa aplikasi nya. Apk jelek bgt...",1,2026-08-25,19,Agustus,negatif,jkn koclok masak gak bisa dipake login lebih dari 3 ktp gak bisa kalo ada yg minta tolong gimana orang tua apa saudara yg gak ada hp apa dikira mau dipake nyolong apa aplikasi nya apk jelek bgt,jkn koclok masak tidak bisa dipakai login lebih dari 3 ktp tidak bisa kalau ada yang minta tolong bagaimana orang tua apa saudara yang tidak ada ponsel apa dikira mau dipakai mencuri apa aplikasi nya aplikasi jelek sangat,"['jkn', 'koclok', 'masak', 'tidak', 'bisa', 'dipakai', 'login', 'lebih', 'dari', '3', 'ktp', 'tidak', 'bisa', 'kalau', 'ada', 'yang', 'minta', 'tolong', 'bagaimana', 'orang', 'tua', 'apa', 'saudara', 'yang', 'tidak', 'ada', 'ponsel', 'apa', 'dikira', 'mau', 'dipakai', 'mencuri', 'apa', 'aplikasi', 'nya', 'aplikasi', 'jelek', 'sangat']","['jkn', 'koclok', 'masak', 'tidak', 'dipakai', 'login', 'lebih', '3', 'ktp', 'tidak', 'kalau', 'minta', 'bagaimana', 'orang', 'tua', 'apa', 'saudara', 'tidak', 'ponsel', 'apa', 'dikira', 'mau', 'dipakai', 'mencuri', 'apa', 'aplikasi', 'aplikasi', 'jelek', 'sangat']","['jkn', 'koclok', 'masak', 'tidak', 'tidak_dipakai', 'login', 'lebih', '3', 'ktp', 'tidak', 'tidak_kalau', 'minta', 'bagaimana', 'orang', 'tua', 'apa', 'saudara', 'tidak', 'tidak_ponsel', 'apa', 'dikira', 'mau', 'dipakai', 'mencuri', 'apa', 'aplikasi', 'aplikasi', 'jelek', 'sangat']","['jkn', 'koclok', 'masak', 'tidak', 'tidak_pakai', 'login', 'lebih', '3', 'ktp', 'tidak', 'tidak_kalau', 'minta', 'bagaimana', 'orang', 'tua', 'apa', 'saudara', 'tidak', 'tidak_ponsel', 'apa', 'kira', 'mau', 'pakai', 'curi', 'apa', 'aplikasi', 'aplikasi', 'jelek', 'sangat']",jkn koclok masak tidak tidak_pakai login lebih 3 ktp tidak tidak_kalau minta bagaimana orang tua apa saudara tidak tidak_ponsel apa kira mau pakai curi apa aplikasi aplikasi jelek sangat
b38da431-020b-42fe-802a-0d64e95ec3e2,update terus tampilan aplikasinya supaya lebih smooth dan ringan,5,2026-07-19,16,Juli,netral,update terus tampilan aplikasinya supaya lebih smooth dan ringan,pembaruan terus tampilan aplikasinya supaya lebih smooth dan ringan,"['pembaruan', 'terus', 'tampilan', 'aplikasinya', 'supaya', 'lebih', 'smooth', 'dan', 'ringan']","['pembaruan', 'terus', 'tampilan', 'aplikasinya', 'lebih', 'smooth', 'ringan']","['pembaruan', 'terus', 'tampilan', 'aplikasinya', 'lebih', 'smooth', 'ringan']","['baru', 'terus', 'tampil', 'aplikasi', 'lebih', 'smooth', 'ringan']",baru terus tampil aplikasi lebih smooth ringan
b3ae3eb6-49d9-454e-b431-04de3cda9a51,susahhhhh,1,2026-06-12,14,Juni,negatif,susahhhhh,susah,['susah'],['susah'],['susah'],['susah'],susah
b3c26280-a171-46f6-aaf3-42f015eb350a,Masya Allah,5,2026-06-29,23,Juni,netral,masya allah,masya allah,"['masya', 'allah']","['masya', 'allah']","['masya', 'allah']","['masya', 'allah']",masya allah
b3c3dfcf-dd35-4135-929e-6b0202637e86,"setiap update pasti log out sendiri, tolong diperbaiki",4,2026-08-06,5,Agustus,negatif,setiap update pasti log out sendiri tolong diperbaiki,setiap pembaruan pasti logout sendiri tolong diperbaiki,"['setiap', 'pembaruan', 'pasti', 'logout', 'sendiri', 'tolong', 'diperbaiki']","['pembaruan', 'logout', 'sendiri', 'diperbaiki']","['pembaruan', 'logout', 'sendiri', 'diperbaiki']","['baru', 'logout', 'sendiri', 'perbaiki']",baru logout sendiri perbaiki
b3d9fdda-271e-40da-8f46-4b7bdf759665,bagus,5,2026-08-17,9,Agustus,positif,bagus,bagus,['bagus'],['bagus'],['bagus'],['bagus'],bagus
b40a5da2-95dc-43cc-8a1e-378a5f933f8d,mantapp,5,2026-06-05,6,Juni,positif,mantapp,mantap,['mantap'],['mantap'],['mantap'],['mantap'],mantap
b448011b-a9f7-4617-b651-9ec9fa1feab3,"tolol banget , udah masukin no tlpn terus vrefikasi malah di suruh pilih vrefikasi di bawah kan sudah di pencet vrefikasi malah di suruh pilih vrefikasi,",1,2026-07-02,16,Juli,negatif,tolol banget udah masukin no tlpn terus vrefikasi malah di suruh pilih vrefikasi di bawah kan sudah di pencet vrefikasi malah di suruh pilih vrefikasi,tolol sangat sudah masukkan nomor telepon terus verifikasi malah disuruh pilih verifikasi di bawah kan sudah di tekan verifikasi malah disuruh pilih verifikasi,"['tolol', 'sangat', 'sudah', 'masukkan', 'nomor', 'telepon', 'terus', 'verifikasi', 'malah', 'disuruh', 'pilih', 'verifikasi', 'di', 'bawah', 'kan', 'sudah', 'di', 'tekan', 'verifikasi', 'malah', 'disuruh', 'pilih', 'verifikasi']","['tolol', 'sangat', 'masukkan', 'nomor', 'telepon', 'terus', 'verifikasi', 'malah', 'disuruh', 'pilih', 'verifikasi', 'bawah', 'kan', 'tekan', 'verifikasi', 'malah', 'disuruh', 'pilih', 'verifikasi']","['tolol', 'sangat', 'masukkan', 'nomor', 'telepon', 'terus', 'verifikasi', 'malah', 'disuruh', 'pilih', 'verifikasi', 'bawah', 'kan', 'tekan', 'verifikasi', 'malah', 'disuruh', 'pilih', 'verifikasi']","['tolol', 'sangat', 'masuk', 'nomor', 'telepon', 'terus', 'verifikasi', 'malah', 'suruh', 'pilih', 'verifikasi', 'bawah', 'kan', 'tekan', 'verifikasi', 'malah', 'suruh', 'pilih', 'verifikasi']",tolol sangat masuk nomor telepon terus verifikasi malah suruh pilih verifikasi bawah kan tekan verifikasi malah suruh pilih verifikasi
b46c99bf-ff0d-4b7c-bea3-4db137b5eea6,pelayanan sangat cepat dan simple,5,2026-06-30,9,Juni,positif,pelayanan sangat cepat dan simple,pelayanan sangat cepat dan sederhana,"['pelayanan', 'sangat', 'cepat', 'dan', 'sederhana']","['pelayanan', 'sangat', 'cepat', 'sederhana']","['pelayanan', 'sangat', 'cepat', 'sederhana']","['layan', 'sangat', 'cepat', 'sederhana']",layan sangat cepat sederhana
b4eb225c-ac26-4786-a8c0-be00723914b3,lemott,4,2026-08-05,21,Agustus,negatif,lemott,lambat,['lambat'],['lambat'],['lambat'],['lambat'],lambat
b5235a30-af57-4f0d-80a6-9f2ae4e61b37,"terimakasih,,",5,2026-06-27,18,Juni,positif,terimakasih,terima kasih,"['terima', 'kasih']","['terima', 'kasih']","['terima', 'kasih']","['terima', 'kasih']",terima kasih
b53fdf98-4e95-4f0c-98c2-3ef5f01bc401,mantap,5,2026-06-23,17,Juni,positif,mantap,mantap,['mantap'],['mantap'],['mantap'],['mantap'],mantap
b5445624-b639-4a9e-b57f-4a944588d1cf,Mudah digunakan dan semakin lengkap. Sesuai kebutuhan. 👍,5,2026-08-31,14,Agustus,positif,mudah digunakan dan semakin lengkap sesuai kebutuhan,mudah digunakan dan semakin lengkap sesuai kebutuhan,"['mudah', 'digunakan', 'dan', 'semakin', 'lengkap', 'sesuai', 'kebutuhan']","['mudah', 'digunakan', 'semakin', 'lengkap', 'sesuai', 'kebutuhan']","['mudah', 'digunakan', 'semakin', 'lengkap', 'sesuai', 'kebutuhan']","['mudah', 'guna', 'makin', 'lengkap', 'sesuai', 'butuh']",mudah guna makin lengkap sesuai butuh
b5648c66-0852-47af-a5de-6a09ffbf36c7,pelayanannya sangat bagus sekali,5,2026-06-17,10,Juni,positif,pelayanannya sangat bagus sekali,pelayanannya sangat bagus sekali,"['pelayanannya', 'sangat', 'bagus', 'sekali']","['pelayanannya', 'sangat', 'bagus', 'sekali']","['pelayanannya', 'sangat', 'bagus', 'sekali']","['layan', 'sangat', 'bagus', 'sekali']",layan sangat bagus sekali
b583a301-a142-4732-bcbd-0402b2e1335c,"admin dongo benerin lagi sistemnya blok, udah berkali"" masuk no telepon malah ga masuk"" kodenya",1,2026-08-29,18,Agustus,negatif,admin dongo benerin lagi sistemnya blok udah berkali masuk no telepon malah ga masuk kodenya,admin bodoh memperbaiki lagi sistemnya blok sudah berkali masuk nomor telepon malah tidak masuk kodenya,"['admin', 'bodoh', 'memperbaiki', 'lagi', 'sistemnya', 'blok', 'sudah', 'berkali', 'masuk', 'nomor', 'telepon', 'malah', 'tidak', 'masuk', 'kodenya']","['admin', 'bodoh', 'memperbaiki', 'sistemnya', 'blok', 'berkali', 'masuk', 'nomor', 'telepon', 'malah', 'tidak', 'masuk', 'kodenya']","['admin', 'bodoh', 'memperbaiki', 'sistemnya', 'blok', 'berkali', 'masuk', 'nomor', 'telepon', 'malah', 'tidak', 'tidak_masuk', 'kodenya']","['admin', 'bodoh', 'perbaiki', 'sistem', 'blok', 'kali', 'masuk', 'nomor', 'telepon', 'malah', 'tidak', 'tidak_masuk', 'kode']",admin bodoh perbaiki sistem blok kali masuk nomor telepon malah tidak tidak_masuk kode
b61709a5-10c9-4ff3-bb29-75857fe6ca69,kami sangat membutuh kan bantuan mobile jkn,5,2026-07-20,15,Juli,netral,kami sangat membutuh kan bantuan mobile jkn,kami sangat membutuh kan bantuan mobile jkn,"['kami', 'sangat', 'membutuh', 'kan', 'bantuan', 'mobile', 'jkn']","['sangat', 'membutuh', 'kan', 'bantuan', 'mobile', 'jkn']","['sangat', 'membutuh', 'kan', 'bantuan', 'mobile', 'jkn']","['sangat', 'butuh', 'kan', 'bantu', 'mobile', 'jkn']",sangat butuh kan bantu mobile jkn
b63b0202-63a0-4d98-83c3-a0aa97b7c65a,aplikasi mau dibuka login ga bisa. aplikasi sampah...,1,2026-08-31,22,Agustus,negatif,aplikasi mau dibuka login ga bisa aplikasi sampah,aplikasi mau dibuka login tidak bisa aplikasi sampah,"['aplikasi', 'mau', 'dibuka', 'login', 'tidak', 'bisa', 'aplikasi', 'sampah']","['aplikasi', 'mau', 'dibuka', 'login', 'tidak', 'aplikasi', 'sampah']","['aplikasi', 'mau', 'dibuka', 'login', 'tidak', 'tidak_aplikasi', 'sampah']","['aplikasi', 'mau', 'buka', 'login', 'tidak', 'tidak_aplikasi', 'sampah']",aplikasi mau buka login tidak tidak_aplikasi sampah
b6657835-d205-433f-8b79-909b0fa40619,"terimakasih sangat membantu segala administrasi. , tidak ribet. simple",5,2026-08-19,9,Agustus,positif,terimakasih sangat membantu segala administrasi tidak ribet simple,terima kasih sangat membantu segala administrasi tidak rumit sederhana,"['terima', 'kasih', 'sangat', 'membantu', 'segala', 'administrasi', 'tidak', 'rumit', 'sederhana']","['terima', 'kasih', 'sangat', 'membantu', 'segala', 'administrasi', 'tidak', 'rumit', 'sederhana']","['terima', 'kasih', 'sangat', 'membantu', 'segala', 'administrasi', 'tidak', 'tidak_rumit', 'sederhana']","['terima', 'kasih', 'sangat', 'bantu', 'segala', 'administrasi', 'tidak', 'tidak_rumit', 'sederhana']",terima kasih sangat bantu segala administrasi tidak tidak_rumit sederhana
b682efee-33e5-4ca5-a01c-379c98121ec5,sangat baik,5,2026-07-10,15,Juli,positif,sangat baik,sangat baik,"['sangat', 'baik']","['sangat', 'baik']","['sangat', 'baik']","['sangat', 'baik']",sangat baik
b6ac61f0-29d7-4fd2-ad98-6d5774480f0e,"awalnya sudah pernah masuk dan bisa menggunakan layanan mobile jkn,sekarang susah masuk dengan alasan akun belom terdaftar,JD ribet aplikasinya,,mau digunakan untuk ambil antrian ga bisa masuk,,tolong dong di perbaiki aplikasinya,,jgn dipersulit,tiap bulan sya rutin bayarnya.",3,2026-07-13,21,Juli,negatif,awalnya sudah pernah masuk dan bisa menggunakan layanan mobile jkn sekarang susah masuk dengan alasan akun belom terdaftar jd ribet aplikasinya mau digunakan untuk ambil antrian ga bisa masuk tolong dong di perbaiki aplikasinya jgn dipersulit tiap bulan sya rutin bayarnya,awalnya sudah pernah masuk dan bisa menggunakan layanan mobile jkn sekarang susah masuk dengan alasan akun belum terdaftar jadi rumit aplikasinya mau digunakan untuk ambil antrean tidak bisa masuk tolong dong diperbaiki aplikasinya jangan dipersulit tiap bulan saya rutin bayarnya,"['awalnya', 'sudah', 'pernah', 'masuk', 'dan', 'bisa', 'menggunakan', 'layanan', 'mobile', 'jkn', 'sekarang', 'susah', 'masuk', 'dengan', 'alasan', 'akun', 'belum', 'terdaftar', 'jadi', 'rumit', 'aplikasinya', 'mau', 'digunakan', 'untuk', 'ambil', 'antrean', 'tidak', 'bisa', 'masuk', 'tolong', 'dong', 'diperbaiki', 'aplikasinya', 'jangan', 'dipersulit', 'tiap', 'bulan', 'saya', 'rutin', 'bayarnya']","['awalnya', 'pernah', 'masuk', 'menggunakan', 'layanan', 'mobile', 'jkn', 'sekarang', 'susah', 'masuk', 'alasan', 'akun', 'terdaftar', 'jadi', 'rumit', 'aplikasinya', 'mau', 'digunakan', 'ambil', 'antrean', 'tidak', 'masuk', 'dong', 'diperbaiki', 'aplikasinya', 'jangan', 'dipersulit', 'tiap', 'bulan', 'rutin', 'bayarnya']","['awalnya', 'pernah', 'masuk', 'menggunakan', 'layanan', 'mobile', 'jkn', 'sekarang', 'susah', 'masuk', 'alasan', 'akun', 'terdaftar', 'jadi', 'rumit', 'aplikasinya', 'mau', 'digunakan', 'ambil', 'antrean', 'tidak', 'tidak_masuk', 'dong', 'diperbaiki', 'aplikasinya', 'jangan', 'dipersulit', 'tiap', 'bulan', 'rutin', 'bayarnya']","['awal', 'pernah', 'masuk', 'guna', 'layan', 'mobile', 'jkn', 'sekarang', 'susah', 'masuk', 'alas', 'akun', 'daftar', 'jadi', 'rumit', 'aplikasi', 'mau', 'guna', 'ambil', 'antre', 'tidak', 'tidak_masuk', 'dong', 'perbaiki', 'aplikasi', 'jangan', 'sulit', 'tiap', 'bulan', 'rutin', 'bayar']",awal pernah masuk guna layan mobile jkn sekarang susah masuk alas akun daftar jadi rumit aplikasi mau guna ambil antre tidak tidak_masuk dong perbaiki aplikasi jangan sulit tiap bulan rutin bayar
b6bdad76-ec0a-4241-8f26-5739459ae318,Semoga semua smakin dipermudah,5,2026-08-14,19,Agustus,netral,semoga semua smakin dipermudah,semoga semua semakin dipermudah,"['semoga', 'semua', 'semakin', 'dipermudah']","['semoga', 'semua', 'semakin', 'dipermudah']","['semoga', 'semua', 'semakin', 'dipermudah']","['moga', 'semua', 'makin', 'mudah']",moga semua makin mudah
b72e4a89-a595-4aeb-abf5-5fab30374876,"aplikasi parah , mau berobat aja ribet daftar ini itu aplikasi belum stabil aja maksa",1,2026-06-24,7,Juni,negatif,aplikasi parah mau berobat aja ribet daftar ini itu aplikasi belum stabil aja maksa,aplikasi parah mau berobat saja rumit daftar ini itu aplikasi belum stabil saja memaksa,"['aplikasi', 'parah', 'mau', 'berobat', 'saja', 'rumit', 'daftar', 'ini', 'itu', 'aplikasi', 'belum', 'stabil', 'saja', 'memaksa']","['aplikasi', 'parah', 'mau', 'berobat', 'rumit', 'daftar', 'aplikasi', 'stabil', 'memaksa']","['aplikasi', 'parah', 'mau', 'berobat', 'rumit', 'daftar', 'aplikasi', 'stabil', 'memaksa']","['aplikasi', 'parah', 'mau', 'obat', 'rumit', 'daftar', 'aplikasi', 'stabil', 'paksa']",aplikasi parah mau obat rumit daftar aplikasi stabil paksa
b7545bc7-1e8f-4ae6-a55d-cf189d55c790,so far so good. thq,5,2026-08-14,6,Agustus,positif,so far so good thq,sejauh ini bagus terima kasih,"['sejauh', 'ini', 'bagus', 'terima', 'kasih']","['sejauh', 'bagus', 'terima', 'kasih']","['sejauh', 'bagus', 'terima', 'kasih']","['jauh', 'bagus', 'terima', 'kasih']",jauh bagus terima kasih
b786aa0e-7ff4-47a9-8708-3ffb4223cfee,jelekk aplikasi bodong tolol kode otp sms nggak add masuk sm sekalii jelek banget,1,2026-07-06,13,Juli,negatif,jelekk aplikasi bodong tolol kode otp sms nggak add masuk sm sekalii jelek banget,jelek aplikasi bodong tolol kode otp sms tidak ada masuk sama sekali jelek sangat,"['jelek', 'aplikasi', 'bodong', 'tolol', 'kode', 'otp', 'sms', 'tidak', 'ada', 'masuk', 'sama', 'sekali', 'jelek', 'sangat']","['jelek', 'aplikasi', 'bodong', 'tolol', 'kode', 'otp', 'sms', 'tidak', 'masuk', 'sama', 'sekali', 'jelek', 'sangat']","['jelek', 'aplikasi', 'bodong', 'tolol', 'kode', 'otp', 'sms', 'tidak', 'tidak_masuk', 'sama', 'sekali', 'jelek', 'sangat']","['jelek', 'aplikasi', 'bodong', 'tolol', 'kode', 'otp', 'sms', 'tidak', 'tidak_masuk', 'sama', 'sekali', 'jelek', 'sangat']",jelek aplikasi bodong tolol kode otp sms tidak tidak_masuk sama sekali jelek sangat
b7a86ade-ab97-45da-a8c5-d48cdf326d6b,pelayanan sangat baik,5,2026-07-18,16,Juli,positif,pelayanan sangat baik,pelayanan sangat baik,"['pelayanan', 'sangat', 'baik']","['pelayanan', 'sangat', 'baik']","['pelayanan', 'sangat', 'baik']","['layan', 'sangat', 'baik']",layan sangat baik
b7c3ab19-197f-499c-a0db-84997e1463c6,"aku kasih bintang 1, soalnya kalau sdh mau daftar pasti eror apk apa ini, bukan nya mempermudah malah bikin kesal. tolong di tinjau lebih lanjut.",1,2026-08-29,3,Agustus,negatif,aku kasih bintang 1 soalnya kalau sdh mau daftar pasti eror apk apa ini bukan nya mempermudah malah bikin kesal tolong di tinjau lebih lanjut,aku kasih bintang 1 soalnya kalau sudah mau daftar pasti error aplikasi apa ini bukan nya mempermudah malah membuat kesal tolong di tinjau lebih lanjut,"['aku', 'kasih', 'bintang', '1', 'soalnya', 'kalau', 'sudah', 'mau', 'daftar', 'pasti', 'error', 'aplikasi', 'apa', 'ini', 'bukan', 'nya', 'mempermudah', 'malah', 'membuat', 'kesal', 'tolong', 'di', 'tinjau', 'lebih', 'lanjut']","['aku', 'kasih', 'bintang', '1', 'soalnya', 'kalau', 'mau', 'daftar', 'error', 'aplikasi', 'apa', 'bukan', 'mempermudah', 'malah', 'membuat', 'kesal', 'tinjau', 'lebih', 'lanjut']","['aku', 'kasih', 'bintang', '1', 'soalnya', 'kalau', 'mau', 'daftar', 'error', 'aplikasi', 'apa', 'bukan', 'mempermudah', 'malah', 'membuat', 'kesal', 'tinjau', 'lebih', 'lanjut']","['aku', 'kasih', 'bintang', '1', 'soal', 'kalau', 'mau', 'daftar', 'error', 'aplikasi', 'apa', 'bukan', 'mudah', 'malah', 'buat', 'kesal', 'tinjau', 'lebih', 'lanjut']",aku kasih bintang 1 soal kalau mau daftar error aplikasi apa bukan mudah malah buat kesal tinjau lebih lanjut
b89de62c-7a05-4b91-92d4-0786cef552d2,sangat membantu,5,2026-07-06,7,Juli,positif,sangat membantu,sangat membantu,"['sangat', 'membantu']","['sangat', 'membantu']","['sangat', 'membantu']","['sangat', 'bantu']",sangat bantu
b8a3ff39-a909-4682-89ab-ae41e3ab5690,pelayanan cepat dan baik,5,2026-07-01,21,Juli,positif,pelayanan cepat dan baik,pelayanan cepat dan baik,"['pelayanan', 'cepat', 'dan', 'baik']","['pelayanan', 'cepat', 'baik']","['pelayanan', 'cepat', 'baik']","['layan', 'cepat', 'baik']",layan cepat baik
b8a8eaf3-13c3-46cd-b316-193880c35f02,"Tips buat yang verifikasi nomor, wajib ada pulsa di hp senilai 5 ribu, abis itu pesan kode verifikasi bakal nyedot pulsa sekitar seribu rupiah. Beberapa kali login dan ganti faskes sering eror, perubahan faskes harus nunggu 1 bulan :)) tolong di upgrade lagi kecepatan registrasinya. era sekarang udah ada AI",3,2026-06-21,14,Juni,negatif,tips buat yang verifikasi nomor wajib ada pulsa di hp senilai 5 ribu abis itu pesan kode verifikasi bakal nyedot pulsa sekitar seribu rupiah beberapa kali login dan ganti faskes sering eror perubahan faskes harus nunggu 1 bulan tolong di upgrade lagi kecepatan registrasinya era sekarang udah ada ai,tips buat yang verifikasi nomor wajib ada pulsa di ponsel senilai 5 ribu habis itu pesan kode verifikasi bakal menyedot pulsa sekitar seribu rupiah beberapa kali login dan ganti faskes sering error perubahan faskes harus menunggu 1 bulan tolong di upgrade lagi kecepatan registrasinya era sekarang sudah ada ai,"['tips', 'buat', 'yang', 'verifikasi', 'nomor', 'wajib', 'ada', 'pulsa', 'di', 'ponsel', 'senilai', '5', 'ribu', 'habis', 'itu', 'pesan', 'kode', 'verifikasi', 'bakal', 'menyedot', 'pulsa', 'sekitar', 'seribu', 'rupiah', 'beberapa', 'kali', 'login', 'dan', 'ganti', 'faskes', 'sering', 'error', 'perubahan', 'faskes', 'harus', 'menunggu', '1', 'bulan', 'tolong', 'di', 'upgrade', 'lagi', 'kecepatan', 'registrasinya', 'era', 'sekarang', 'sudah', 'ada', 'ai']","['tips', 'buat', 'verifikasi', 'nomor', 'wajib', 'pulsa', 'ponsel', 'senilai', '5', 'ribu', 'habis', 'pesan', 'kode', 'verifikasi', 'bakal', 'menyedot', 'pulsa', 'seribu', 'rupiah', 'beberapa', 'kali', 'login', 'ganti', 'faskes', 'sering', 'error', 'perubahan', 'faskes', 'menunggu', '1', 'bulan', 'upgrade', 'kecepatan', 'registrasinya', 'era', 'sekarang', 'ai']","['tips', 'buat', 'verifikasi', 'nomor', 'wajib', 'pulsa', 'ponsel', 'senilai', '5', 'ribu', 'habis', 'pesan', 'kode', 'verifikasi', 'bakal', 'menyedot', 'pulsa', 'seribu', 'rupiah', 'beberapa', 'kali', 'login', 'ganti', 'faskes', 'sering', 'error', 'perubahan', 'faskes', 'menunggu', '1', 'bulan', 'upgrade', 'kecepatan', 'registrasinya', 'era', 'sekarang', 'ai']","['tips', 'buat', 'verifikasi', 'nomor', 'wajib', 'pulsa', 'ponsel', 'nila', '5', 'ribu', 'habis', 'pesan', 'kode', 'verifikasi', 'bakal', 'sedot', 'pulsa', 'ribu', 'rupiah', 'beberapa', 'kali', 'login', 'ganti', 'faskes', 'sering', 'error', 'ubah', 'faskes', 'tunggu', '1', 'bulan', 'upgrade', 'cepat', 'registrasi', 'era', 'sekarang', 'ai']",tips buat verifikasi nomor wajib pulsa ponsel nila 5 ribu habis pesan kode verifikasi bakal sedot pulsa ribu rupiah beberapa kali login ganti faskes sering error ubah faskes tunggu 1 bulan upgrade cepat registrasi era sekarang ai
b912b959-45d1-4523-a757-f3241877ca05,bang tolong bisa GK aplikasinya untuk hp android juga soalnya lagi butuh,1,2026-07-07,16,Juli,netral,bang tolong bisa gk aplikasinya untuk hp android juga soalnya lagi butuh,bang tolong bisa tidak aplikasinya untuk ponsel android juga soalnya lagi butuh,"['bang', 'tolong', 'bisa', 'tidak', 'aplikasinya', 'untuk', 'ponsel', 'android', 'juga', 'soalnya', 'lagi', 'butuh']","['bang', 'tidak', 'aplikasinya', 'ponsel', 'android', 'soalnya', 'butuh']","['bang', 'tidak', 'tidak_aplikasinya', 'ponsel', 'android', 'soalnya', 'butuh']","['bang', 'tidak', 'tidak_aplikasi', 'ponsel', 'android', 'soal', 'butuh']",bang tidak tidak_aplikasi ponsel android soal butuh
b91897bd-9ecb-4f40-86ea-d7c4d21c9a7b,terimakasih kasih dengan adanya aplikasi ini,5,2026-08-19,11,Agustus,positif,terimakasih kasih dengan adanya aplikasi ini,terima kasih kasih dengan adanya aplikasi ini,"['terima', 'kasih', 'kasih', 'dengan', 'adanya', 'aplikasi', 'ini']","['terima', 'kasih', 'kasih', 'adanya', 'aplikasi']","['terima', 'kasih', 'kasih', 'adanya', 'aplikasi']","['terima', 'kasih', 'kasih', 'ada', 'aplikasi']",terima kasih kasih ada aplikasi
b9847680-f2f7-408d-8531-488ff8536dfa,👍,5,2026-08-20,13,Agustus,positif,,,[],[],[],[],
b9d0d534-e6a4-4bdf-b56b-9fa766797035,maaf kenapa ti dak bisa dibuka di hp apa karena versinya ngk mendukung di hp,4,2026-07-06,14,Juli,negatif,maaf kenapa ti dak bisa dibuka di hp apa karena versinya ngk mendukung di hp,maaf kenapa tidak bisa dibuka di ponsel apa karena versinya tidak mendukung di ponsel,"['maaf', 'kenapa', 'tidak', 'bisa', 'dibuka', 'di', 'ponsel', 'apa', 'karena', 'versinya', 'tidak', 'mendukung', 'di', 'ponsel']","['maaf', 'tidak', 'dibuka', 'ponsel', 'apa', 'versinya', 'tidak', 'mendukung', 'ponsel']","['maaf', 'tidak', 'tidak_dibuka', 'ponsel', 'apa', 'versinya', 'tidak', 'tidak_mendukung', 'ponsel']","['maaf', 'tidak', 'tidak_buka', 'ponsel', 'apa', 'versi', 'tidak', 'tidak_dukung', 'ponsel']",maaf tidak tidak_buka ponsel apa versi tidak tidak_dukung ponsel
ba06788f-fedc-4b2f-a049-bbbfb39cb388,Sangat membantu,5,2026-07-29,13,Juli,positif,sangat membantu,sangat membantu,"['sangat', 'membantu']","['sangat', 'membantu']","['sangat', 'membantu']","['sangat', 'bantu']",sangat bantu
ba1805db-63df-4416-9650-f2ef859671e0,"tiba2 minta masuk LG kependaftaran ulang,padahal dah di pakai",1,2026-06-02,5,Juni,negatif,tiba2 minta masuk lg kependaftaran ulang padahal dah di pakai,tiba-tiba minta masuk lagi ke pendaftaran ulang padahal sudah dipakai,"['tiba-tiba', 'minta', 'masuk', 'lagi', 'ke', 'pendaftaran', 'ulang', 'padahal', 'sudah', 'dipakai']","['tiba-tiba', 'minta', 'masuk', 'pendaftaran', 'ulang', 'padahal', 'dipakai']","['tiba-tiba', 'minta', 'masuk', 'pendaftaran', 'ulang', 'padahal', 'dipakai']","['tiba', 'minta', 'masuk', 'daftar', 'ulang', 'padahal', 'pakai']",tiba minta masuk daftar ulang padahal pakai
ba385545-22fc-4a7c-9d85-4ec23d5c7beb,Kontribusi JKN dalam pelayanan kesehatan begitu besar dan sangat membantu bagi kamu peserta BPJS.Terima kasih yang sebesar- besarnya kepada pengurus dan seluruh jajaran yang terkait.,5,2026-06-12,11,Juni,positif,kontribusi jkn dalam pelayanan kesehatan begitu besar dan sangat membantu bagi kamu peserta bpjs terima kasih yang sebesar besarnya kepada pengurus dan seluruh jajaran yang terkait,kontribusi jkn dalam pelayanan kesehatan begitu besar dan sangat membantu bagi kamu peserta bpjs terima kasih yang sebesar besarnya kepada pengurus dan seluruh jajaran yang terkait,"['kontribusi', 'jkn', 'dalam', 'pelayanan', 'kesehatan', 'begitu', 'besar', 'dan', 'sangat', 'membantu', 'bagi', 'kamu', 'peserta', 'bpjs', 'terima', 'kasih', 'yang', 'sebesar', 'besarnya', 'kepada', 'pengurus', 'dan', 'seluruh', 'jajaran', 'yang', 'terkait']","['kontribusi', 'jkn', 'pelayanan', 'kesehatan', 'besar', 'sangat', 'membantu', 'kamu', 'peserta', 'bpjs', 'terima', 'kasih', 'sebesar', 'besarnya', 'pengurus', 'seluruh', 'jajaran', 'terkait']","['kontribusi', 'jkn', 'pelayanan', 'kesehatan', 'besar', 'sangat', 'membantu', 'kamu', 'peserta', 'bpjs', 'terima', 'kasih', 'sebesar', 'besarnya', 'pengurus', 'seluruh', 'jajaran', 'terkait']","['kontribusi', 'jkn', 'layan', 'sehat', 'besar', 'sangat', 'bantu', 'kamu', 'serta', 'bpjs', 'terima', 'kasih', 'besar', 'besar', 'urus', 'seluruh', 'jajar', 'kait']",kontribusi jkn layan sehat besar sangat bantu kamu serta bpjs terima kasih besar besar urus seluruh jajar kait
ba7caf75-6065-425f-802e-9cb863f91d29,aplikasi nya sudah tidak bisa d download di android 9 padahal ga semua orang punya hp bagus,2,2026-07-10,16,Juli,negatif,aplikasi nya sudah tidak bisa d download di android 9 padahal ga semua orang punya hp bagus,aplikasi nya sudah tidak bisa di unduh di android 9 padahal tidak semua orang punya ponsel bagus,"['aplikasi', 'nya', 'sudah', 'tidak', 'bisa', 'di', 'unduh', 'di', 'android', '9', 'padahal', 'tidak', 'semua', 'orang', 'punya', 'ponsel', 'bagus']","['aplikasi', 'tidak', 'unduh', 'android', '9', 'padahal', 'tidak', 'semua', 'orang', 'punya', 'ponsel', 'bagus']","['aplikasi', 'tidak', 'tidak_unduh', 'android', '9', 'padahal', 'tidak', 'tidak_semua', 'orang', 'punya', 'ponsel', 'bagus']","['aplikasi', 'tidak', 'tidak_unduh', 'android', '9', 'padahal', 'tidak', 'tidak_semua', 'orang', 'punya', 'ponsel', 'bagus']",aplikasi tidak tidak_unduh android 9 padahal tidak tidak_semua orang punya ponsel bagus
ba942368-5f9c-4a34-933d-a16700ec9a0a,sangat mudah di gunakan,5,2026-06-08,19,Juni,positif,sangat mudah di gunakan,sangat mudah digunakan,"['sangat', 'mudah', 'digunakan']","['sangat', 'mudah', 'digunakan']","['sangat', 'mudah', 'digunakan']","['sangat', 'mudah', 'guna']",sangat mudah guna
bae179bf-3199-4284-bcb2-a6cbaa5e6a08,"MOHON SISTEM NYA SEGERAH DI BENAHI, PADAHAL RUJUKAN BELUM HABIS MASA BERLAKU DAN TANGGAL KONTROL PUN SUDAH DI TENTUKAN DARI PIHAK RUMAHSAKIT TAPI KENAPA DI SAAT SAYA MENGAMBIL ANTRIAN SELALU ""SURAT KONTROL TIDAK DI TEMUKAN"" KARENA DARI PIHAK RUMAHSAKIT JUGA MENGELUHKAN APLIKASI INI SERING EROR SAMPAI SAYA DI ANJURKAN UNTUK MENDAFTAR MENGGUNAKAN APLIKASI DARI RUMAHSAKIT TOLONG SEGERA ADA PENINJAUAN DAN PERUBAHAN, INI APLIKASI UNTUK LAYANAN KESEHATAN BUKAN APLIKASI UNTUK HIBURAN !!!",5,2026-08-12,8,Agustus,negatif,mohon sistem nya segerah di benahi padahal rujukan belum habis masa berlaku dan tanggal kontrol pun sudah di tentukan dari pihak rumahsakit tapi kenapa di saat saya mengambil antrian selalu surat kontrol tidak di temukan karena dari pihak rumahsakit juga mengeluhkan aplikasi ini sering eror sampai saya di anjurkan untuk mendaftar menggunakan aplikasi dari rumahsakit tolong segera ada peninjauan dan perubahan ini aplikasi untuk layanan kesehatan bukan aplikasi untuk hiburan,mohon sistem nya segera di benahi padahal rujukan belum habis masa berlaku dan tanggal kontrol pun sudah di tentukan dari pihak rumah sakit tapi kenapa di saat saya mengambil antrean selalu surat kontrol tidak di temukan karena dari pihak rumah sakit juga mengeluhkan aplikasi ini sering error sampai saya di anjurkan untuk mendaftar menggunakan aplikasi dari rumah sakit tolong segera ada peninjauan dan perubahan ini aplikasi untuk layanan kesehatan bukan aplikasi untuk hiburan,"['mohon', 'sistem', 'nya', 'segera', 'di', 'benahi', 'padahal', 'rujukan', 'belum', 'habis', 'masa', 'berlaku', 'dan', 'tanggal', 'kontrol', 'pun', 'sudah', 'di', 'tentukan', 'dari', 'pihak', 'rumah', 'sakit', 'tapi', 'kenapa', 'di', 'saat', 'saya', 'mengambil', 'antrean', 'selalu', 'surat', 'kontrol', 'tidak', 'di', 'temukan', 'karena', 'dari', 'pihak', 'rumah', 'sakit', 'juga', 'mengeluhkan', 'aplikasi', 'ini', 'sering', 'error', 'sampai', 'saya', 'di', 'anjurkan', 'untuk', 'mendaftar', 'menggunakan', 'aplikasi', 'dari', 'rumah', 'sakit', 'tolong', 'segera', 'ada', 'peninjauan', 'dan', 'perubahan', 'ini', 'aplikasi', 'untuk', 'layanan', 'kesehatan', 'bukan', 'aplikasi', 'untuk', 'hiburan']","['mohon', 'sistem', 'segera', 'benahi', 'padahal', 'rujukan', 'habis', 'masa', 'berlaku', 'tanggal', 'kontrol', 'tentukan', 'pihak', 'rumah', 'sakit', 'mengambil', 'antrean', 'selalu', 'surat', 'kontrol', 'tidak', 'temukan', 'pihak', 'rumah', 'sakit', 'mengeluhkan', 'aplikasi', 'sering', 'error', 'anjurkan', 'mendaftar', 'menggunakan', 'aplikasi', 'rumah', 'sakit', 'segera', 'peninjauan', 'perubahan', 'aplikasi', 'layanan', 'kesehatan', 'bukan', 'aplikasi', 'hiburan']","['mohon', 'sistem', 'segera', 'benahi', 'padahal', 'rujukan', 'habis', 'masa', 'berlaku', 'tanggal', 'kontrol', 'tentukan', 'pihak', 'rumah', 'sakit', 'mengambil', 'antrean', 'selalu', 'surat', 'kontrol', 'tidak', 'tidak_temukan', 'pihak', 'rumah', 'sakit', 'mengeluhkan', 'aplikasi', 'sering', 'error', 'anjurkan', 'mendaftar', 'menggunakan', 'aplikasi', 'rumah', 'sakit', 'segera', 'peninjauan', 'perubahan', 'aplikasi', 'layanan', 'kesehatan', 'bukan', 'aplikasi', 'hiburan']","['mohon', 'sistem', 'segera', 'benah', 'padahal', 'rujuk', 'habis', 'masa', 'laku', 'tanggal', 'kontrol', 'tentu', 'pihak', 'rumah', 'sakit', 'ambil', 'antre', 'selalu', 'surat', 'kontrol', 'tidak', 'tidak_temu', 'pihak', 'rumah', 'sakit', 'keluh', 'aplikasi', 'sering', 'error', 'anjur', 'daftar', 'guna', 'aplikasi', 'rumah', 'sakit', 'segera', 'tinjau', 'ubah', 'aplikasi', 'layan', 'sehat', 'bukan', 'aplikasi', 'hibur']",mohon sistem segera benah padahal rujuk habis masa laku tanggal kontrol tentu pihak rumah sakit ambil antre selalu surat kontrol tidak tidak_temu pihak rumah sakit keluh aplikasi sering error anjur daftar guna aplikasi rumah sakit segera tinjau ubah aplikasi layan sehat bukan aplikasi hibur
baf891f4-4fc6-449f-9c1b-68a6523d28b4,sangat puas dengan aplikasi jkn,4,2026-06-19,16,Juni,positif,sangat puas dengan aplikasi jkn,sangat puas dengan aplikasi jkn,"['sangat', 'puas', 'dengan', 'aplikasi', 'jkn']","['sangat', 'puas', 'aplikasi', 'jkn']","['sangat', 'puas', 'aplikasi', 'jkn']","['sangat', 'puas', 'aplikasi', 'jkn']",sangat puas aplikasi jkn
bbac9407-9fbb-4073-9e38-7a626ca9ea73,jadi dipermudah,5,2026-07-04,17,Juli,positif,jadi dipermudah,jadi dipermudah,"['jadi', 'dipermudah']","['jadi', 'dipermudah']","['jadi', 'dipermudah']","['jadi', 'mudah']",jadi mudah
bbce30fc-81b4-4047-9c5c-5097b942cd77,"tolonglah diperbaiki,masa minta kode otp nggak dikirim2,nmr udh bener sama masih aktif,udh minta bolak balik nggak dikirim2,bapak saya udh nahan sakit,kalau nggak daftar kalah sama yg udh daftar,giliran diminta kode otp berkali kali nggak dikirim,gimana sihh!!tolonglah diperbaiki lg sistem nya!!!!!!",1,2026-08-25,13,Agustus,negatif,tolonglah diperbaiki masa minta kode otp nggak dikirim2 nmr udh bener sama masih aktif udh minta bolak balik nggak dikirim2 bapak saya udh nahan sakit kalau nggak daftar kalah sama yg udh daftar giliran diminta kode otp berkali kali nggak dikirim gimana sihh tolonglah diperbaiki lg sistem nya,tolonglah diperbaiki masa minta kode otp tidak dikirim nomor sudah benar sama masih aktif sudah minta bolak balik tidak dikirim bapak saya sudah menahan sakit kalau tidak daftar kalah sama yang sudah daftar giliran diminta kode otp berkali kali tidak dikirim bagaimana sih tolonglah diperbaiki lagi sistem nya,"['tolonglah', 'diperbaiki', 'masa', 'minta', 'kode', 'otp', 'tidak', 'dikirim', 'nomor', 'sudah', 'benar', 'sama', 'masih', 'aktif', 'sudah', 'minta', 'bolak', 'balik', 'tidak', 'dikirim', 'bapak', 'saya', 'sudah', 'menahan', 'sakit', 'kalau', 'tidak', 'daftar', 'kalah', 'sama', 'yang', 'sudah', 'daftar', 'giliran', 'diminta', 'kode', 'otp', 'berkali', 'kali', 'tidak', 'dikirim', 'bagaimana', 'sih', 'tolonglah', 'diperbaiki', 'lagi', 'sistem', 'nya']","['tolonglah', 'diperbaiki', 'masa', 'minta', 'kode', 'otp', 'tidak', 'dikirim', 'nomor', 'benar', 'sama', 'aktif', 'minta', 'bolak', 'balik', 'tidak', 'dikirim', 'bapak', 'menahan', 'sakit', 'kalau', 'tidak', 'daftar', 'kalah', 'sama', 'daftar', 'giliran', 'diminta', 'kode', 'otp', 'berkali', 'kali', 'tidak', 'dikirim', 'bagaimana', 'sih', 'tolonglah', 'diperbaiki', 'sistem']","['tolonglah', 'diperbaiki', 'masa', 'minta', 'kode', 'otp', 'tidak', 'tidak_dikirim', 'nomor', 'benar', 'sama', 'aktif', 'minta', 'bolak', 'balik', 'tidak', 'tidak_dikirim', 'bapak', 'menahan', 'sakit', 'kalau', 'tidak', 'tidak_daftar', 'kalah', 'sama', 'daftar', 'giliran', 'diminta', 'kode', 'otp', 'berkali', 'kali', 'tidak', 'tidak_dikirim', 'bagaimana', 'sih', 'tolonglah', 'diperbaiki', 'sistem']","['tolong', 'perbaiki', 'masa', 'minta', 'kode', 'otp', 'tidak', 'tidak_kirim', 'nomor', 'benar', 'sama', 'aktif', 'minta', 'bolak', 'balik', 'tidak', 'tidak_kirim', 'bapak', 'tahan', 'sakit', 'kalau', 'tidak', 'tidak_daftar', 'kalah', 'sama', 'daftar', 'gilir', 'minta', 'kode', 'otp', 'kali', 'kali', 'tidak', 'tidak_kirim', 'bagaimana', 'sih', 'tolong', 'perbaiki', 'sistem']",tolong perbaiki masa minta kode otp tidak tidak_kirim nomor benar sama aktif minta bolak balik tidak tidak_kirim bapak tahan sakit kalau tidak tidak_daftar kalah sama daftar gilir minta kode otp kali kali tidak tidak_kirim bagaimana sih tolong perbaiki sistem
bc51711b-0b6b-4734-8ef0-a715e0ad5298,pelayanan cukup baik,5,2026-07-15,12,Juli,positif,pelayanan cukup baik,pelayanan cukup baik,"['pelayanan', 'cukup', 'baik']","['pelayanan', 'cukup', 'baik']","['pelayanan', 'cukup', 'baik']","['layan', 'cukup', 'baik']",layan cukup baik
bcdda380-45e9-4a1a-9670-f4ccc6d79651,lebih mudah mendaftar ke ouskes/ rumah sakit tidak perlu langsung ke lokasi bisa dftr dari rumah,5,2026-06-02,19,Juni,positif,lebih mudah mendaftar ke ouskes rumah sakit tidak perlu langsung ke lokasi bisa dftr dari rumah,lebih mudah mendaftar ke puskesmas rumah sakit tidak perlu langsung ke lokasi bisa daftar dari rumah,"['lebih', 'mudah', 'mendaftar', 'ke', 'puskesmas', 'rumah', 'sakit', 'tidak', 'perlu', 'langsung', 'ke', 'lokasi', 'bisa', 'daftar', 'dari', 'rumah']","['lebih', 'mudah', 'mendaftar', 'puskesmas', 'rumah', 'sakit', 'tidak', 'perlu', 'langsung', 'lokasi', 'daftar', 'rumah']","['lebih', 'mudah', 'mendaftar', 'puskesmas', 'rumah', 'sakit', 'tidak', 'tidak_perlu', 'langsung', 'lokasi', 'daftar', 'rumah']","['lebih', 'mudah', 'daftar', 'puskesmas', 'rumah', 'sakit', 'tidak', 'tidak_perlu', 'langsung', 'lokasi', 'daftar', 'rumah']",lebih mudah daftar puskesmas rumah sakit tidak tidak_perlu langsung lokasi daftar rumah
bd0a4746-7043-4265-8fec-f103e54791de,Giliran udh bisa otp VERIFIKASI WAJAH DI PERSULIT GAGAL MULU.👎👎👎👎👎👎👎👎👎👎👎👎👎👎👎👎👎👎👎👎👎👎👎,1,2026-06-01,13,Juni,negatif,giliran udh bisa otp verifikasi wajah di persulit gagal mulu,giliran sudah bisa otp verifikasi wajah dipersulit gagal terus-menerus,"['giliran', 'sudah', 'bisa', 'otp', 'verifikasi', 'wajah', 'dipersulit', 'gagal', 'terus-menerus']","['giliran', 'otp', 'verifikasi', 'wajah', 'dipersulit', 'gagal', 'terus-menerus']","['giliran', 'otp', 'verifikasi', 'wajah', 'dipersulit', 'gagal', 'terus-menerus']","['gilir', 'otp', 'verifikasi', 'wajah', 'sulit', 'gagal', 'terus']",gilir otp verifikasi wajah sulit gagal terus
bd4d381d-5b05-4e32-9ccf-9c140ca33932,sangat sulit untuk verifikasi,1,2026-07-23,8,Juli,negatif,sangat sulit untuk verifikasi,sangat sulit untuk verifikasi,"['sangat', 'sulit', 'untuk', 'verifikasi']","['sangat', 'sulit', 'verifikasi']","['sangat', 'sulit', 'verifikasi']","['sangat', 'sulit', 'verifikasi']",sangat sulit verifikasi
bd641c55-3f6f-4057-ae5f-8a4a31b9c0d0,"ssh setengah mati buat daftar,,,, minta kode konfirmasi lewat SMS hampir 4 jam ngk ada SMS jga",1,2026-06-28,18,Juni,negatif,ssh setengah mati buat daftar minta kode konfirmasi lewat sms hampir 4 jam ngk ada sms jga,ssh setengah mati buat daftar minta kode konfirmasi lewat sms hampir 4 jam tidak ada sms juga,"['ssh', 'setengah', 'mati', 'buat', 'daftar', 'minta', 'kode', 'konfirmasi', 'lewat', 'sms', 'hampir', '4', 'jam', 'tidak', 'ada', 'sms', 'juga']","['ssh', 'setengah', 'mati', 'buat', 'daftar', 'minta', 'kode', 'konfirmasi', 'lewat', 'sms', 'hampir', '4', 'jam', 'tidak', 'sms']","['ssh', 'setengah', 'mati', 'buat', 'daftar', 'minta', 'kode', 'konfirmasi', 'lewat', 'sms', 'hampir', '4', 'jam', 'tidak', 'tidak_sms']","['ssh', 'tengah', 'mati', 'buat', 'daftar', 'minta', 'kode', 'konfirmasi', 'lewat', 'sms', 'hampir', '4', 'jam', 'tidak', 'tidak_sms']",ssh tengah mati buat daftar minta kode konfirmasi lewat sms hampir 4 jam tidak tidak_sms
bd990e60-94dd-4525-ab1f-1536c8430855,baik Semoga bermanfaat,5,2026-08-23,11,Agustus,netral,baik semoga bermanfaat,baik semoga bermanfaat,"['baik', 'semoga', 'bermanfaat']","['baik', 'semoga', 'bermanfaat']","['baik', 'semoga', 'bermanfaat']","['baik', 'moga', 'manfaat']",baik moga manfaat
bdb4013c-0a66-431f-91c1-b9e6a9fa3342,susah masuk karna ada kode captcha,2,2026-08-31,23,Agustus,negatif,susah masuk karna ada kode captcha,susah masuk karena ada kode captcha,"['susah', 'masuk', 'karena', 'ada', 'kode', 'captcha']","['susah', 'masuk', 'kode', 'captcha']","['susah', 'masuk', 'kode', 'captcha']","['susah', 'masuk', 'kode', 'captcha']",susah masuk kode captcha
be191a9e-e818-4283-93e9-fcd5c6a69b1e,"apk jelek, mempersulit orang saja",1,2026-06-30,8,Juni,negatif,apk jelek mempersulit orang saja,aplikasi jelek mempersulit orang saja,"['aplikasi', 'jelek', 'mempersulit', 'orang', 'saja']","['aplikasi', 'jelek', 'mempersulit', 'orang']","['aplikasi', 'jelek', 'mempersulit', 'orang']","['aplikasi', 'jelek', 'sulit', 'orang']",aplikasi jelek sulit orang
be349909-aa05-4f19-ac7a-048c95e7079e,waktu buruh ngga bisa dipake,1,2026-07-13,10,Juli,negatif,waktu buruh ngga bisa dipake,waktu buruh tidak bisa dipakai,"['waktu', 'buruh', 'tidak', 'bisa', 'dipakai']","['waktu', 'buruh', 'tidak', 'dipakai']","['waktu', 'buruh', 'tidak', 'tidak_dipakai']","['waktu', 'buruh', 'tidak', 'tidak_pakai']",waktu buruh tidak tidak_pakai
be4aeb06-0232-4d55-ad75-c725c0d7b47b,gajelas aplikasinya,1,2026-08-04,17,Agustus,negatif,gajelas aplikasinya,tidak jelas aplikasinya,"['tidak', 'jelas', 'aplikasinya']","['tidak', 'jelas', 'aplikasinya']","['tidak', 'tidak_jelas', 'aplikasinya']","['tidak', 'tidak_jelas', 'aplikasi']",tidak tidak_jelas aplikasi
be8767fd-2135-41b7-ac71-c9d491a50136,"gprnh ngebintang 1 apapun dan ini pertama kalinya, tp apl ini bener2 gbisa di akses mau verifikasi gabisa sama sekali pulsa baru di isi, padahal cuman mau liat status kepesertaan aja di bikin ribet nya minta ampun.",1,2026-06-06,22,Juni,negatif,gprnh ngebintang 1 apapun dan ini pertama kalinya tp apl ini bener2 gbisa di akses mau verifikasi gabisa sama sekali pulsa baru di isi padahal cuman mau liat status kepesertaan aja di bikin ribet nya minta ampun,tidak pernah memberi bintang 1 apa pun dan ini pertama kalinya tapi aplikasi ini benar-benar tidak bisa di akses mau verifikasi tidak bisa sama sekali pulsa baru diisi padahal hanya mau lihat status kepesertaan saja di membuat rumit nya minta ampun,"['tidak', 'pernah', 'memberi', 'bintang', '1', 'apa', 'pun', 'dan', 'ini', 'pertama', 'kalinya', 'tapi', 'aplikasi', 'ini', 'benar-benar', 'tidak', 'bisa', 'di', 'akses', 'mau', 'verifikasi', 'tidak', 'bisa', 'sama', 'sekali', 'pulsa', 'baru', 'diisi', 'padahal', 'hanya', 'mau', 'lihat', 'status', 'kepesertaan', 'saja', 'di', 'membuat', 'rumit', 'nya', 'minta', 'ampun']","['tidak', 'pernah', 'memberi', 'bintang', '1', 'apa', 'pertama', 'kalinya', 'aplikasi', 'benar-benar', 'tidak', 'akses', 'mau', 'verifikasi', 'tidak', 'sama', 'sekali', 'pulsa', 'baru', 'diisi', 'padahal', 'mau', 'lihat', 'status', 'kepesertaan', 'membuat', 'rumit', 'minta', 'ampun']","['tidak', 'tidak_pernah', 'memberi', 'bintang', '1', 'apa', 'pertama', 'kalinya', 'aplikasi', 'benar-benar', 'tidak', 'tidak_akses', 'mau', 'verifikasi', 'tidak', 'tidak_sama', 'sekali', 'pulsa', 'baru', 'diisi', 'padahal', 'mau', 'lihat', 'status', 'kepesertaan', 'membuat', 'rumit', 'minta', 'ampun']","['tidak', 'tidak_pernah', 'beri', 'bintang', '1', 'apa', 'pertama', 'kali', 'aplikasi', 'benar', 'tidak', 'tidak_akses', 'mau', 'verifikasi', 'tidak', 'tidak_sama', 'sekali', 'pulsa', 'baru', 'isi', 'padahal', 'mau', 'lihat', 'status', 'serta', 'buat', 'rumit', 'minta', 'ampun']",tidak tidak_pernah beri bintang 1 apa pertama kali aplikasi benar tidak tidak_akses mau verifikasi tidak tidak_sama sekali pulsa baru isi padahal mau lihat status serta buat rumit minta ampun
bea75f5e-f9df-4865-b7ac-4c414bb9b6a3,asallamualaikum alhamdulilah sudah daftar di aplikasi mobile jkn bisa mudah Terima kasih🙏,5,2026-08-14,10,Agustus,positif,asallamualaikum alhamdulilah sudah daftar di aplikasi mobile jkn bisa mudah terima kasih,assalamualaikum alhamdulillah sudah daftar di aplikasi mobile jkn bisa mudah terima kasih,"['assalamualaikum', 'alhamdulillah', 'sudah', 'daftar', 'di', 'aplikasi', 'mobile', 'jkn', 'bisa', 'mudah', 'terima', 'kasih']","['assalamualaikum', 'alhamdulillah', 'daftar', 'aplikasi', 'mobile', 'jkn', 'mudah', 'terima', 'kasih']","['assalamualaikum', 'alhamdulillah', 'daftar', 'aplikasi', 'mobile', 'jkn', 'mudah', 'terima', 'kasih']","['assalamualaikum', 'alhamdulillah', 'daftar', 'aplikasi', 'mobile', 'jkn', 'mudah', 'terima', 'kasih']",assalamualaikum alhamdulillah daftar aplikasi mobile jkn mudah terima kasih
beabe8d0-3cb9-4221-bf6f-66f29d4239f0,semoga selalu sehat amiiin🤲,5,2026-06-04,20,Juni,netral,semoga selalu sehat amiiin,semoga selalu sehat amin,"['semoga', 'selalu', 'sehat', 'amin']","['semoga', 'selalu', 'sehat', 'amin']","['semoga', 'selalu', 'sehat', 'amin']","['moga', 'selalu', 'sehat', 'amin']",moga selalu sehat amin
becf0329-32bc-4c56-928e-d7e2aa5b31b7,sangat mudah digunakan responsif sehingga memudahkan registrasi antrean,5,2026-07-28,7,Juli,positif,sangat mudah digunakan responsif sehingga memudahkan registrasi antrean,sangat mudah digunakan responsif sehingga memudahkan registrasi antrean,"['sangat', 'mudah', 'digunakan', 'responsif', 'sehingga', 'memudahkan', 'registrasi', 'antrean']","['sangat', 'mudah', 'digunakan', 'responsif', 'memudahkan', 'registrasi', 'antrean']","['sangat', 'mudah', 'digunakan', 'responsif', 'memudahkan', 'registrasi', 'antrean']","['sangat', 'mudah', 'guna', 'responsif', 'mudah', 'registrasi', 'antre']",sangat mudah guna responsif mudah registrasi antre
beedf072-5aac-4053-bd3d-b438c78a482b,Semoga bermanfaat,3,2026-08-02,14,Agustus,netral,semoga bermanfaat,semoga bermanfaat,"['semoga', 'bermanfaat']","['semoga', 'bermanfaat']","['semoga', 'bermanfaat']","['moga', 'manfaat']",moga manfaat
bef2fe69-1ee7-4b49-8e8a-855578b1c34f,"kode otp sms gak muncul2 , daftar yang ke 5 gak kelar2, mau nyerah tapi udah bayar bpjs . saya kasih bintang 5 biar cepat di perbaiki",5,2026-06-01,6,Juni,negatif,kode otp sms gak muncul2 daftar yang ke 5 gak kelar2 mau nyerah tapi udah bayar bpjs saya kasih bintang 5 biar cepat di perbaiki,kode otp sms tidak muncul daftar yang ke 5 tidak selesai mau menyerah tapi sudah bayar bpjs saya kasih bintang 5 agar cepat diperbaiki,"['kode', 'otp', 'sms', 'tidak', 'muncul', 'daftar', 'yang', 'ke', '5', 'tidak', 'selesai', 'mau', 'menyerah', 'tapi', 'sudah', 'bayar', 'bpjs', 'saya', 'kasih', 'bintang', '5', 'agar', 'cepat', 'diperbaiki']","['kode', 'otp', 'sms', 'tidak', 'muncul', 'daftar', '5', 'tidak', 'selesai', 'mau', 'menyerah', 'bayar', 'bpjs', 'kasih', 'bintang', '5', 'cepat', 'diperbaiki']","['kode', 'otp', 'sms', 'tidak', 'tidak_muncul', 'daftar', '5', 'tidak', 'tidak_selesai', 'mau', 'menyerah', 'bayar', 'bpjs', 'kasih', 'bintang', '5', 'cepat', 'diperbaiki']","['kode', 'otp', 'sms', 'tidak', 'tidak_muncul', 'daftar', '5', 'tidak', 'tidak_selesai', 'mau', 'serah', 'bayar', 'bpjs', 'kasih', 'bintang', '5', 'cepat', 'perbaiki']",kode otp sms tidak tidak_muncul daftar 5 tidak tidak_selesai mau serah bayar bpjs kasih bintang 5 cepat perbaiki
befe83c7-ce3d-4bbd-b4f5-481d87a2e3e9,"mau tanya, apakah jadwal kontrol bisa di undur 1 atau 2hr dari jadwal, kalau bisa tolong beri tau caranya trimakasih",5,2026-07-14,9,Juli,netral,mau tanya apakah jadwal kontrol bisa di undur 1 atau 2hr dari jadwal kalau bisa tolong beri tau caranya trimakasih,mau tanya apakah jadwal kontrol bisa di undur 1 atau 2hr dari jadwal kalau bisa tolong beri tahu caranya terima kasih,"['mau', 'tanya', 'apakah', 'jadwal', 'kontrol', 'bisa', 'di', 'undur', '1', 'atau', '2hr', 'dari', 'jadwal', 'kalau', 'bisa', 'tolong', 'beri', 'tahu', 'caranya', 'terima', 'kasih']","['mau', 'tanya', 'jadwal', 'kontrol', 'undur', '1', '2hr', 'jadwal', 'kalau', 'beri', 'tahu', 'caranya', 'terima', 'kasih']","['mau', 'tanya', 'jadwal', 'kontrol', 'undur', '1', '2hr', 'jadwal', 'kalau', 'beri', 'tahu', 'caranya', 'terima', 'kasih']","['mau', 'tanya', 'jadwal', 'kontrol', 'undur', '1', '2hr', 'jadwal', 'kalau', 'beri', 'tahu', 'cara', 'terima', 'kasih']",mau tanya jadwal kontrol undur 1 2hr jadwal kalau beri tahu cara terima kasih
bf0aa1d3-6548-4ad2-b934-fe626b13ba11,"aplikasi kaga jelas eror mulu, niat ga sih bikin apk dongo bgt gw daftar udah otp ga masuk tiap masuk eror eror mulu aneh, captcha nya juga bego masa gw ngisi sesuai yang ada pas gw verif di ganti terus katanya salah, gajelas",1,2026-08-31,9,Agustus,negatif,aplikasi kaga jelas eror mulu niat ga sih bikin apk dongo bgt gw daftar udah otp ga masuk tiap masuk eror eror mulu aneh captcha nya juga bego masa gw ngisi sesuai yang ada pas gw verif di ganti terus katanya salah gajelas,aplikasi tidak jelas error terus-menerus niat tidak sih membuat aplikasi bodoh sangat saya daftar sudah otp tidak masuk tiap masuk error error terus-menerus aneh captcha nya juga bodoh masa saya mengisi sesuai yang ada pas saya verifikasi di ganti terus katanya salah tidak jelas,"['aplikasi', 'tidak', 'jelas', 'error', 'terus-menerus', 'niat', 'tidak', 'sih', 'membuat', 'aplikasi', 'bodoh', 'sangat', 'saya', 'daftar', 'sudah', 'otp', 'tidak', 'masuk', 'tiap', 'masuk', 'error', 'error', 'terus-menerus', 'aneh', 'captcha', 'nya', 'juga', 'bodoh', 'masa', 'saya', 'mengisi', 'sesuai', 'yang', 'ada', 'pas', 'saya', 'verifikasi', 'di', 'ganti', 'terus', 'katanya', 'salah', 'tidak', 'jelas']","['aplikasi', 'tidak', 'jelas', 'error', 'terus-menerus', 'niat', 'tidak', 'sih', 'membuat', 'aplikasi', 'bodoh', 'sangat', 'daftar', 'otp', 'tidak', 'masuk', 'tiap', 'masuk', 'error', 'error', 'terus-menerus', 'aneh', 'captcha', 'bodoh', 'masa', 'mengisi', 'sesuai', 'pas', 'verifikasi', 'ganti', 'terus', 'katanya', 'salah', 'tidak', 'jelas']","['aplikasi', 'tidak', 'tidak_jelas', 'error', 'terus-menerus', 'niat', 'tidak', 'tidak_sih', 'membuat', 'aplikasi', 'bodoh', 'sangat', 'daftar', 'otp', 'tidak', 'tidak_masuk', 'tiap', 'masuk', 'error', 'error', 'terus-menerus', 'aneh', 'captcha', 'bodoh', 'masa', 'mengisi', 'sesuai', 'pas', 'verifikasi', 'ganti', 'terus', 'katanya', 'salah', 'tidak', 'tidak_jelas']","['aplikasi', 'tidak', 'tidak_jelas', 'error', 'terus', 'niat', 'tidak', 'tidak_sih', 'buat', 'aplikasi', 'bodoh', 'sangat', 'daftar', 'otp', 'tidak', 'tidak_masuk', 'tiap', 'masuk', 'error', 'error', 'terus', 'aneh', 'captcha', 'bodoh', 'masa', 'isi', 'sesuai', 'pas', 'verifikasi', 'ganti', 'terus', 'kata', 'salah', 'tidak', 'tidak_jelas']",aplikasi tidak tidak_jelas error terus niat tidak tidak_sih buat aplikasi bodoh sangat daftar otp tidak tidak_masuk tiap masuk error error terus aneh captcha bodoh masa isi sesuai pas verifikasi ganti terus kata salah tidak tidak_jelas
bf1a74cb-f66e-4905-adab-a0abc8b66ab5,bagus,4,2026-06-15,11,Juni,positif,bagus,bagus,['bagus'],['bagus'],['bagus'],['bagus'],bagus
bf354962-ce1e-4004-a182-0f96513c78f5,Semoga Bermanfaat Dan Berguna,5,2026-07-14,17,Juli,netral,semoga bermanfaat dan berguna,semoga bermanfaat dan berguna,"['semoga', 'bermanfaat', 'dan', 'berguna']","['semoga', 'bermanfaat', 'berguna']","['semoga', 'bermanfaat', 'berguna']","['moga', 'manfaat', 'guna']",moga manfaat guna
bfada805-5f30-4f2e-8467-1137616a7d79,sangat mudah dan membantu,5,2026-08-13,13,Agustus,positif,sangat mudah dan membantu,sangat mudah dan membantu,"['sangat', 'mudah', 'dan', 'membantu']","['sangat', 'mudah', 'membantu']","['sangat', 'mudah', 'membantu']","['sangat', 'mudah', 'bantu']",sangat mudah bantu
bfda185b-26c5-4601-be1f-db2e685f9642,yah syukur sangat membantu,4,2026-06-25,12,Juni,positif,yah syukur sangat membantu,ya syukur sangat membantu,"['ya', 'syukur', 'sangat', 'membantu']","['syukur', 'sangat', 'membantu']","['syukur', 'sangat', 'membantu']","['syukur', 'sangat', 'bantu']",syukur sangat bantu
bfe8dda6-07a6-446c-abd0-38c7d3ffa1b1,memudahkan,4,2026-07-25,7,Juli,positif,memudahkan,memudahkan,['memudahkan'],['memudahkan'],['memudahkan'],['mudah'],mudah
bfec508b-a305-47b6-8f17-bc7f3708ec74,sangat memudahkan cuman untuk pelayanan di rumahsakitnya dong di perbaiki trus biar makin baik,4,2026-08-31,9,Agustus,positif,sangat memudahkan cuman untuk pelayanan di rumahsakitnya dong di perbaiki trus biar makin baik,sangat memudahkan hanya untuk pelayanan di rumah sakitnya dong diperbaiki terus agar makin baik,"['sangat', 'memudahkan', 'hanya', 'untuk', 'pelayanan', 'di', 'rumah', 'sakitnya', 'dong', 'diperbaiki', 'terus', 'agar', 'makin', 'baik']","['sangat', 'memudahkan', 'pelayanan', 'rumah', 'sakitnya', 'dong', 'diperbaiki', 'terus', 'makin', 'baik']","['sangat', 'memudahkan', 'pelayanan', 'rumah', 'sakitnya', 'dong', 'diperbaiki', 'terus', 'makin', 'baik']","['sangat', 'mudah', 'layan', 'rumah', 'sakit', 'dong', 'perbaiki', 'terus', 'makin', 'baik']",sangat mudah layan rumah sakit dong perbaiki terus makin baik
c0066d83-f5d1-405e-b544-9277c12ea247,aplikasi gak guna,1,2026-08-25,17,Agustus,negatif,aplikasi gak guna,aplikasi tidak berguna,"['aplikasi', 'tidak', 'berguna']","['aplikasi', 'tidak', 'berguna']","['aplikasi', 'tidak', 'tidak_berguna']","['aplikasi', 'tidak', 'tidak_guna']",aplikasi tidak tidak_guna
c0b6f72f-272e-4a37-999f-84a818db79cf,"otp nya kok nggk masuk"" capekk saya login keluar login keluar terusss!!!!",1,2026-08-03,8,Agustus,negatif,otp nya kok nggk masuk capekk saya login keluar login keluar terusss,otp nya kok tidak masuk lelah saya login keluar login keluar terus,"['otp', 'nya', 'kok', 'tidak', 'masuk', 'lelah', 'saya', 'login', 'keluar', 'login', 'keluar', 'terus']","['otp', 'kok', 'tidak', 'masuk', 'lelah', 'login', 'keluar', 'login', 'keluar', 'terus']","['otp', 'kok', 'tidak', 'tidak_masuk', 'lelah', 'login', 'keluar', 'login', 'keluar', 'terus']","['otp', 'kok', 'tidak', 'tidak_masuk', 'lelah', 'login', 'keluar', 'login', 'keluar', 'terus']",otp kok tidak tidak_masuk lelah login keluar login keluar terus
c0f9f429-54b3-4217-ab9f-2d24abaf00a0,tingkatkan terus fiturnya,5,2026-07-06,11,Juli,netral,tingkatkan terus fiturnya,tingkatkan terus fiturnya,"['tingkatkan', 'terus', 'fiturnya']","['tingkatkan', 'terus', 'fiturnya']","['tingkatkan', 'terus', 'fiturnya']","['tingkat', 'terus', 'fiturnya']",tingkat terus fiturnya
c11afe72-1842-40c0-8159-74ca09b33386,"Aplikasi paling sampah selalu logout ketika dibutuhkan, udh gitu gabisa save password, klo ke logout bingung passwordnya. respon balasan: WOYYY LU TINGGAL BIKIN FITUR SAVE PASSWORD AJA PAKE BERKELIT KELIT KE FITUR LUPA PASSWORD. LU DENGER KRITIKAN GAK SI?????? ITU BANYAK YANG BILANG KE LOGOUT TERUS, DAN BANYAL ORANG TUA YANG UDAH PASTI KAGAK INGET PASSWORDNYA!!! APLIKASI KECIL GRATISAN AJA BISA TUH ADA FITUR SIMPAN PASSWORD/AKUN. ANEH BANGAT!",1,2026-06-26,22,Juni,negatif,aplikasi paling sampah selalu logout ketika dibutuhkan udh gitu gabisa save password klo ke logout bingung passwordnya respon balasan woyyy lu tinggal bikin fitur save password aja pake berkelit kelit ke fitur lupa password lu denger kritikan gak si itu banyak yang bilang ke logout terus dan banyal orang tua yang udah pasti kagak inget passwordnya aplikasi kecil gratisan aja bisa tuh ada fitur simpan password akun aneh bangat,aplikasi paling sampah selalu logout ketika dibutuhkan sudah begitu tidak bisa simpan kata sandi kalau ke logout bingung kata sandinya respons balasan woyyy kamu tinggal membuat fitur simpan kata sandi saja pakai berkelit kelit ke fitur lupa kata sandi kamu dengar kritikan tidak si itu banyak yang bilang ke logout terus dan banyak orang tua yang sudah pasti tidak ingat kata sandinya aplikasi kecil gratisan saja bisa itu ada fitur simpan kata sandi akun aneh sangat,"['aplikasi', 'paling', 'sampah', 'selalu', 'logout', 'ketika', 'dibutuhkan', 'sudah', 'begitu', 'tidak', 'bisa', 'simpan', 'kata', 'sandi', 'kalau', 'ke', 'logout', 'bingung', 'kata', 'sandinya', 'respons', 'balasan', 'woyyy', 'kamu', 'tinggal', 'membuat', 'fitur', 'simpan', 'kata', 'sandi', 'saja', 'pakai', 'berkelit', 'kelit', 'ke', 'fitur', 'lupa', 'kata', 'sandi', 'kamu', 'dengar', 'kritikan', 'tidak', 'si', 'itu', 'banyak', 'yang', 'bilang', 'ke', 'logout', 'terus', 'dan', 'banyak', 'orang', 'tua', 'yang', 'sudah', 'pasti', 'tidak', 'ingat', 'kata', 'sandinya', 'aplikasi', 'kecil', 'gratisan', 'saja', 'bisa', 'itu', 'ada', 'fitur', 'simpan', 'kata', 'sandi', 'akun', 'aneh', 'sangat']","['aplikasi', 'paling', 'sampah', 'selalu', 'logout', 'dibutuhkan', 'tidak', 'simpan', 'kata', 'sandi', 'kalau', 'logout', 'bingung', 'kata', 'sandinya', 'respons', 'balasan', 'woyyy', 'kamu', 'tinggal', 'membuat', 'fitur', 'simpan', 'kata', 'sandi', 'pakai', 'berkelit', 'kelit', 'fitur', 'lupa', 'kata', 'sandi', 'kamu', 'dengar', 'kritikan', 'tidak', 'si', 'banyak', 'bilang', 'logout', 'terus', 'banyak', 'orang', 'tua', 'tidak', 'ingat', 'kata', 'sandinya', 'aplikasi', 'kecil', 'gratisan', 'fitur', 'simpan', 'kata', 'sandi', 'akun', 'aneh', 'sangat']","['aplikasi', 'paling', 'sampah', 'selalu', 'logout', 'dibutuhkan', 'tidak', 'tidak_simpan', 'kata', 'sandi', 'kalau', 'logout', 'bingung', 'kata', 'sandinya', 'respons', 'balasan', 'woyyy', 'kamu', 'tinggal', 'membuat', 'fitur', 'simpan', 'kata', 'sandi', 'pakai', 'berkelit', 'kelit', 'fitur', 'lupa', 'kata', 'sandi', 'kamu', 'dengar', 'kritikan', 'tidak', 'tidak_si', 'banyak', 'bilang', 'logout', 'terus', 'banyak', 'orang', 'tua', 'tidak', 'tidak_ingat', 'kata', 'sandinya', 'aplikasi', 'kecil', 'gratisan', 'fitur', 'simpan', 'kata', 'sandi', 'akun', 'aneh', 'sangat']","['aplikasi', 'paling', 'sampah', 'selalu', 'logout', 'butuh', 'tidak', 'tidak_simpan', 'kata', 'sandi', 'kalau', 'logout', 'bingung', 'kata', 'sandi', 'respons', 'balas', 'woyyy', 'kamu', 'tinggal', 'buat', 'fitur', 'simpan', 'kata', 'sandi', 'pakai', 'kelit', 'kelit', 'fitur', 'lupa', 'kata', 'sandi', 'kamu', 'dengar', 'kritik', 'tidak', 'tidak_si', 'banyak', 'bilang', 'logout', 'terus', 'banyak', 'orang', 'tua', 'tidak', 'tidak_ingat', 'kata', 'sandi', 'aplikasi', 'kecil', 'gratis', 'fitur', 'simpan', 'kata', 'sandi', 'akun', 'aneh', 'sangat']",aplikasi paling sampah selalu logout butuh tidak tidak_simpan kata sandi kalau logout bingung kata sandi respons balas woyyy kamu tinggal buat fitur simpan kata sandi pakai kelit kelit fitur lupa kata sandi kamu dengar kritik tidak tidak_si banyak bilang logout terus banyak orang tua tidak tidak_ingat kata sandi aplikasi kecil gratis fitur simpan kata sandi akun aneh sangat
c1401d6e-3f9e-4bc2-ade6-d5f53adf57a8,semoga bisa membantu,1,2026-06-26,16,Juni,netral,semoga bisa membantu,semoga bisa membantu,"['semoga', 'bisa', 'membantu']","['semoga', 'membantu']","['semoga', 'membantu']","['moga', 'bantu']",moga bantu
c150599a-1eb3-4123-bec1-ce9a40d91e6d,Harusnya kalian sudah mendukung bisa melakukan pembayaran menggunakan Qris..... biar lebih gampang untuk pembayaran,1,2026-08-02,17,Agustus,netral,harusnya kalian sudah mendukung bisa melakukan pembayaran menggunakan qris biar lebih gampang untuk pembayaran,seharusnya kalian sudah mendukung bisa melakukan pembayaran menggunakan qris agar lebih mudah untuk pembayaran,"['seharusnya', 'kalian', 'sudah', 'mendukung', 'bisa', 'melakukan', 'pembayaran', 'menggunakan', 'qris', 'agar', 'lebih', 'mudah', 'untuk', 'pembayaran']","['kalian', 'mendukung', 'melakukan', 'pembayaran', 'menggunakan', 'qris', 'lebih', 'mudah', 'pembayaran']","['kalian', 'mendukung', 'melakukan', 'pembayaran', 'menggunakan', 'qris', 'lebih', 'mudah', 'pembayaran']","['kalian', 'dukung', 'laku', 'bayar', 'guna', 'qris', 'lebih', 'mudah', 'bayar']",kalian dukung laku bayar guna qris lebih mudah bayar
c19ec29d-8dae-4a61-9519-7840b7ac0f3c,terus kembangkan dan perbanyak fitur2 yg mudah digunakan,5,2026-06-28,10,Juni,netral,terus kembangkan dan perbanyak fitur2 yg mudah digunakan,terus kembangkan dan perbanyak fitur2 yang mudah digunakan,"['terus', 'kembangkan', 'dan', 'perbanyak', 'fitur2', 'yang', 'mudah', 'digunakan']","['terus', 'kembangkan', 'perbanyak', 'fitur2', 'mudah', 'digunakan']","['terus', 'kembangkan', 'perbanyak', 'fitur2', 'mudah', 'digunakan']","['terus', 'kembang', 'banyak', 'fitur2', 'mudah', 'guna']",terus kembang banyak fitur2 mudah guna
c1b5aabf-8a73-4030-a83f-e7f10eb0b582,aplikasi apa ini ?,1,2026-06-23,22,Juni,netral,aplikasi apa ini,aplikasi apa ini,"['aplikasi', 'apa', 'ini']","['aplikasi', 'apa']","['aplikasi', 'apa']","['aplikasi', 'apa']",aplikasi apa
c27c92c3-8b6d-44f0-a1c1-b2033559924a,mantap,5,2026-07-21,19,Juli,positif,mantap,mantap,['mantap'],['mantap'],['mantap'],['mantap'],mantap
c28e2a9a-61c6-4117-8303-f5699b487318,apk aneh hp tidak di root muncul tulisan tdak bisa akses di hp di root dri awal bisa² saja sekrang tdak bisa ADA APA DENGAN APK MU ?????????????????????????????????????????????????????????????????????????????????????????????????????????????????????????????????????????????,2,2026-06-01,13,Juni,negatif,apk aneh hp tidak di root muncul tulisan tdak bisa akses di hp di root dri awal bisa2 saja sekrang tdak bisa ada apa dengan apk mu,aplikasi aneh ponsel tidak di root muncul tulisan tidak bisa akses di ponsel di root dari awal bisa saja sekarang tidak bisa ada apa dengan aplikasi mu,"['aplikasi', 'aneh', 'ponsel', 'tidak', 'di', 'root', 'muncul', 'tulisan', 'tidak', 'bisa', 'akses', 'di', 'ponsel', 'di', 'root', 'dari', 'awal', 'bisa', 'saja', 'sekarang', 'tidak', 'bisa', 'ada', 'apa', 'dengan', 'aplikasi', 'mu']","['aplikasi', 'aneh', 'ponsel', 'tidak', 'root', 'muncul', 'tulisan', 'tidak', 'akses', 'ponsel', 'root', 'awal', 'sekarang', 'tidak', 'apa', 'aplikasi', 'mu']","['aplikasi', 'aneh', 'ponsel', 'tidak', 'tidak_root', 'muncul', 'tulisan', 'tidak', 'tidak_akses', 'ponsel', 'root', 'awal', 'sekarang', 'tidak', 'tidak_apa', 'aplikasi', 'mu']","['aplikasi', 'aneh', 'ponsel', 'tidak', 'tidak_root', 'muncul', 'tulis', 'tidak', 'tidak_akses', 'ponsel', 'root', 'awal', 'sekarang', 'tidak', 'tidak_apa', 'aplikasi', 'mu']",aplikasi aneh ponsel tidak tidak_root muncul tulis tidak tidak_akses ponsel root awal sekarang tidak tidak_apa aplikasi mu
c2d5258b-3588-453d-8e4f-1ad4e3820692,maju Indonesiaku,5,2026-07-01,21,Juli,netral,maju indonesiaku,maju indonesiaku,"['maju', 'indonesiaku']","['maju', 'indonesiaku']","['maju', 'indonesiaku']","['maju', 'indonesia']",maju indonesia
c2d5325c-dc1f-412a-ab23-9afc418b22ba,"aplikasi pemerintah paling sampah,OTP kaga masuk dicoba berkali-kali gimana mau daftar buat berobat,sedangkan kalo dateng langsung ambil antrean di rs/puskesmas nomer antrean dari aplikasi dulu yang di prioritaskan",1,2026-06-10,1,Juni,negatif,aplikasi pemerintah paling sampah otp kaga masuk dicoba berkali kali gimana mau daftar buat berobat sedangkan kalo dateng langsung ambil antrean di rs puskesmas nomer antrean dari aplikasi dulu yang di prioritaskan,aplikasi pemerintah paling sampah otp tidak masuk dicoba berkali kali bagaimana mau daftar buat berobat sedangkan kalau datang langsung ambil antrean di rumah sakit puskesmas nomor antrean dari aplikasi dulu yang di prioritaskan,"['aplikasi', 'pemerintah', 'paling', 'sampah', 'otp', 'tidak', 'masuk', 'dicoba', 'berkali', 'kali', 'bagaimana', 'mau', 'daftar', 'buat', 'berobat', 'sedangkan', 'kalau', 'datang', 'langsung', 'ambil', 'antrean', 'di', 'rumah', 'sakit', 'puskesmas', 'nomor', 'antrean', 'dari', 'aplikasi', 'dulu', 'yang', 'di', 'prioritaskan']","['aplikasi', 'pemerintah', 'paling', 'sampah', 'otp', 'tidak', 'masuk', 'dicoba', 'berkali', 'kali', 'bagaimana', 'mau', 'daftar', 'buat', 'berobat', 'kalau', 'datang', 'langsung', 'ambil', 'antrean', 'rumah', 'sakit', 'puskesmas', 'nomor', 'antrean', 'aplikasi', 'dulu', 'prioritaskan']","['aplikasi', 'pemerintah', 'paling', 'sampah', 'otp', 'tidak', 'tidak_masuk', 'dicoba', 'berkali', 'kali', 'bagaimana', 'mau', 'daftar', 'buat', 'berobat', 'kalau', 'datang', 'langsung', 'ambil', 'antrean', 'rumah', 'sakit', 'puskesmas', 'nomor', 'antrean', 'aplikasi', 'dulu', 'prioritaskan']","['aplikasi', 'perintah', 'paling', 'sampah', 'otp', 'tidak', 'tidak_masuk', 'coba', 'kali', 'kali', 'bagaimana', 'mau', 'daftar', 'buat', 'obat', 'kalau', 'datang', 'langsung', 'ambil', 'antre', 'rumah', 'sakit', 'puskesmas', 'nomor', 'antre', 'aplikasi', 'dulu', 'prioritas']",aplikasi perintah paling sampah otp tidak tidak_masuk coba kali kali bagaimana mau daftar buat obat kalau datang langsung ambil antre rumah sakit puskesmas nomor antre aplikasi dulu prioritas
c2e2e87c-85db-4c6b-818b-690e4aac5c97,Baik Bagus,5,2026-06-16,20,Juni,positif,baik bagus,baik bagus,"['baik', 'bagus']","['baik', 'bagus']","['baik', 'bagus']","['baik', 'bagus']",baik bagus
c307b210-f8e7-49d2-b5ad-6150f40f31bd,super ribet. ampun lah. ciri2 aplikasi pemerintah ya gini. semua hal yg berhubungan sama pemerintah udah pasti menyusahkan,1,2026-07-08,6,Juli,negatif,super ribet ampun lah ciri2 aplikasi pemerintah ya gini semua hal yg berhubungan sama pemerintah udah pasti menyusahkan,super rumit ampun lah ciri-ciri aplikasi pemerintah ya begini semua hal yang berhubungan sama pemerintah sudah pasti menyusahkan,"['super', 'rumit', 'ampun', 'lah', 'ciri-ciri', 'aplikasi', 'pemerintah', 'ya', 'begini', 'semua', 'hal', 'yang', 'berhubungan', 'sama', 'pemerintah', 'sudah', 'pasti', 'menyusahkan']","['super', 'rumit', 'ampun', 'lah', 'ciri-ciri', 'aplikasi', 'pemerintah', 'begini', 'semua', 'berhubungan', 'sama', 'pemerintah', 'menyusahkan']","['super', 'rumit', 'ampun', 'lah', 'ciri-ciri', 'aplikasi', 'pemerintah', 'begini', 'semua', 'berhubungan', 'sama', 'pemerintah', 'menyusahkan']","['super', 'rumit', 'ampun', 'lah', 'ciri', 'aplikasi', 'perintah', 'begini', 'semua', 'hubung', 'sama', 'perintah', 'susah']",super rumit ampun lah ciri aplikasi perintah begini semua hubung sama perintah susah
c32f9569-efb4-4fa6-afc6-6dec9f0cc0e8,respon cepat dalam memberikan layanan..🙏,5,2026-06-28,13,Juni,positif,respon cepat dalam memberikan layanan,respons cepat dalam memberikan layanan,"['respons', 'cepat', 'dalam', 'memberikan', 'layanan']","['respons', 'cepat', 'memberikan', 'layanan']","['respons', 'cepat', 'memberikan', 'layanan']","['respons', 'cepat', 'beri', 'layan']",respons cepat beri layan
c356c06b-19c3-4f4e-8ce0-81a17a942143,mudah dan sangat membantu,5,2026-08-31,12,Agustus,positif,mudah dan sangat membantu,mudah dan sangat membantu,"['mudah', 'dan', 'sangat', 'membantu']","['mudah', 'sangat', 'membantu']","['mudah', 'sangat', 'membantu']","['mudah', 'sangat', 'bantu']",mudah sangat bantu
c3b2d420-45cd-4397-ba1c-87d4b59e026f,"bagus dan aplikatif, sangat membantu",5,2026-06-24,17,Juni,positif,bagus dan aplikatif sangat membantu,bagus dan aplikatif sangat membantu,"['bagus', 'dan', 'aplikatif', 'sangat', 'membantu']","['bagus', 'aplikatif', 'sangat', 'membantu']","['bagus', 'aplikatif', 'sangat', 'membantu']","['bagus', 'aplikatif', 'sangat', 'bantu']",bagus aplikatif sangat bantu
c3e8b470-0610-4c9b-b68b-1cbcb768eb58,"pendaftaran ""perserta mandiri""nya mana wok?",1,2026-08-30,14,Agustus,negatif,pendaftaran perserta mandiri nya mana wok,pendaftaran peserta mandiri nya mana wok,"['pendaftaran', 'peserta', 'mandiri', 'nya', 'mana', 'wok']","['pendaftaran', 'peserta', 'mandiri', 'mana', 'wok']","['pendaftaran', 'peserta', 'mandiri', 'mana', 'wok']","['daftar', 'serta', 'mandiri', 'mana', 'wok']",daftar serta mandiri mana wok
c3f2de31-7c8d-49b7-a87d-ba1d8c507afe,sampah aplikasi gaguna,1,2026-07-01,20,Juli,negatif,sampah aplikasi gaguna,sampah aplikasi tidak berguna,"['sampah', 'aplikasi', 'tidak', 'berguna']","['sampah', 'aplikasi', 'tidak', 'berguna']","['sampah', 'aplikasi', 'tidak', 'tidak_berguna']","['sampah', 'aplikasi', 'tidak', 'tidak_guna']",sampah aplikasi tidak tidak_guna
c40a62d5-e86a-479a-b770-5a5161d55d28,pelayanan baik,5,2026-08-02,10,Agustus,positif,pelayanan baik,pelayanan baik,"['pelayanan', 'baik']","['pelayanan', 'baik']","['pelayanan', 'baik']","['layan', 'baik']",layan baik
c41072bc-1a6d-4cdc-a3d9-9ab05ebaa3e8,ya sangat membantu,5,2026-07-20,10,Juli,positif,ya sangat membantu,ya sangat membantu,"['ya', 'sangat', 'membantu']","['sangat', 'membantu']","['sangat', 'membantu']","['sangat', 'bantu']",sangat bantu
c4bb8a61-11d6-4e27-867d-1bcc37e9631d,ini masih butuh ugrade,5,2026-06-01,6,Juni,negatif,ini masih butuh ugrade,ini masih butuh upgrade,"['ini', 'masih', 'butuh', 'upgrade']","['butuh', 'upgrade']","['butuh', 'upgrade']","['butuh', 'upgrade']",butuh upgrade
c4c8e589-23b6-4879-90df-4ecef4ea4390,pelayanan BPKS JOZZZ...,5,2026-07-23,13,Juli,positif,pelayanan bpks jozzz,pelayanan bpjs bagus,"['pelayanan', 'bpjs', 'bagus']","['pelayanan', 'bpjs', 'bagus']","['pelayanan', 'bpjs', 'bagus']","['layan', 'bpjs', 'bagus']",layan bpjs bagus
c4cb7c63-85cc-4caa-ae16-986ac04897a6,jos,5,2026-07-20,17,Juli,positif,jos,bagus,['bagus'],['bagus'],['bagus'],['bagus'],bagus
c4d941fa-241f-4df6-852d-0ab537dc58de,josjis,5,2026-08-09,10,Agustus,positif,josjis,bagus,['bagus'],['bagus'],['bagus'],['bagus'],bagus
c4f0b47f-4036-4c2f-8d58-8f3641c3b1c2,"sering maintenance tapi sering tau tau log out sendiri, kalo misal lupa password minta otp juga susah. kalo mau korupsi di bagi dikit ke pihak IT nya mas biar kerja nya bener",1,2026-08-02,15,Agustus,negatif,sering maintenance tapi sering tau tau log out sendiri kalo misal lupa password minta otp juga susah kalo mau korupsi di bagi dikit ke pihak it nya mas biar kerja nya bener,sering pemeliharaan tapi sering tahu tahu logout sendiri kalau misal lupa kata sandi minta otp juga susah kalau mau korupsi di bagi sedikit ke pihak itu nya mas agar kerja nya benar,"['sering', 'pemeliharaan', 'tapi', 'sering', 'tahu', 'tahu', 'logout', 'sendiri', 'kalau', 'misal', 'lupa', 'kata', 'sandi', 'minta', 'otp', 'juga', 'susah', 'kalau', 'mau', 'korupsi', 'di', 'bagi', 'sedikit', 'ke', 'pihak', 'itu', 'nya', 'mas', 'agar', 'kerja', 'nya', 'benar']","['sering', 'pemeliharaan', 'sering', 'tahu', 'tahu', 'logout', 'sendiri', 'kalau', 'misal', 'lupa', 'kata', 'sandi', 'minta', 'otp', 'susah', 'kalau', 'mau', 'korupsi', 'sedikit', 'pihak', 'mas', 'kerja', 'benar']","['sering', 'pemeliharaan', 'sering', 'tahu', 'tahu', 'logout', 'sendiri', 'kalau', 'misal', 'lupa', 'kata', 'sandi', 'minta', 'otp', 'susah', 'kalau', 'mau', 'korupsi', 'sedikit', 'pihak', 'mas', 'kerja', 'benar']","['sering', 'pelihara', 'sering', 'tahu', 'tahu', 'logout', 'sendiri', 'kalau', 'misal', 'lupa', 'kata', 'sandi', 'minta', 'otp', 'susah', 'kalau', 'mau', 'korupsi', 'sedikit', 'pihak', 'mas', 'kerja', 'benar']",sering pelihara sering tahu tahu logout sendiri kalau misal lupa kata sandi minta otp susah kalau mau korupsi sedikit pihak mas kerja benar
c5099e7f-b648-4657-841f-dc93f4ec4fc1,hallo ini kenapa udah lebih dari sebulan berusaha login otp gak muncul-muncul terus ke sms,3,2026-06-23,11,Juni,negatif,hallo ini kenapa udah lebih dari sebulan berusaha login otp gak muncul muncul terus ke sms,halo ini kenapa sudah lebih dari sebulan berusaha login otp tidak muncul terus ke sms,"['halo', 'ini', 'kenapa', 'sudah', 'lebih', 'dari', 'sebulan', 'berusaha', 'login', 'otp', 'tidak', 'muncul', 'terus', 'ke', 'sms']","['halo', 'lebih', 'sebulan', 'berusaha', 'login', 'otp', 'tidak', 'muncul', 'terus', 'sms']","['halo', 'lebih', 'sebulan', 'berusaha', 'login', 'otp', 'tidak', 'tidak_muncul', 'terus', 'sms']","['halo', 'lebih', 'bulan', 'usaha', 'login', 'otp', 'tidak', 'tidak_muncul', 'terus', 'sms']",halo lebih bulan usaha login otp tidak tidak_muncul terus sms
c51d44fd-92e9-4350-8faa-f25e5c1655da,masih ok saat ini,5,2026-07-29,23,Juli,positif,masih ok saat ini,masih oke saat ini,"['masih', 'oke', 'saat', 'ini']",['oke'],['oke'],['oke'],oke
c528f2e2-5274-4e9c-b406-c8c6c04ef88f,semoga pelayanan semakin baik,5,2026-07-10,12,Juli,netral,semoga pelayanan semakin baik,semoga pelayanan semakin baik,"['semoga', 'pelayanan', 'semakin', 'baik']","['semoga', 'pelayanan', 'semakin', 'baik']","['semoga', 'pelayanan', 'semakin', 'baik']","['moga', 'layan', 'makin', 'baik']",moga layan makin baik
c54747c2-22b8-4ac4-a9ca-75dcb86de006,pake mobile jkn segala nya jadi mudah,5,2026-08-14,13,Agustus,positif,pake mobile jkn segala nya jadi mudah,pakai mobile jkn segala nya jadi mudah,"['pakai', 'mobile', 'jkn', 'segala', 'nya', 'jadi', 'mudah']","['pakai', 'mobile', 'jkn', 'segala', 'jadi', 'mudah']","['pakai', 'mobile', 'jkn', 'segala', 'jadi', 'mudah']","['pakai', 'mobile', 'jkn', 'segala', 'jadi', 'mudah']",pakai mobile jkn segala jadi mudah
c558fb93-3c7d-4416-a2b4-6c34855b8c3f,ok,5,2026-08-19,17,Agustus,positif,ok,oke,['oke'],['oke'],['oke'],['oke'],oke
c5980081-479b-4e20-84ac-10ef9a0cde2d,"sangat membantu, memudahkan untuk berobat keluarga saya. terimakasih",5,2026-07-14,6,Juli,positif,sangat membantu memudahkan untuk berobat keluarga saya terimakasih,sangat membantu memudahkan untuk berobat keluarga saya terima kasih,"['sangat', 'membantu', 'memudahkan', 'untuk', 'berobat', 'keluarga', 'saya', 'terima', 'kasih']","['sangat', 'membantu', 'memudahkan', 'berobat', 'keluarga', 'terima', 'kasih']","['sangat', 'membantu', 'memudahkan', 'berobat', 'keluarga', 'terima', 'kasih']","['sangat', 'bantu', 'mudah', 'obat', 'keluarga', 'terima', 'kasih']",sangat bantu mudah obat keluarga terima kasih
c5bead47-ea6e-4f9f-b2bb-2c91979336a2,"mudah di gunakan ,semoga kedepan nya untuk perubahan data di permudah",5,2026-08-11,18,Agustus,netral,mudah di gunakan semoga kedepan nya untuk perubahan data di permudah,mudah digunakan semoga ke depan nya untuk perubahan data dipermudah,"['mudah', 'digunakan', 'semoga', 'ke', 'depan', 'nya', 'untuk', 'perubahan', 'data', 'dipermudah']","['mudah', 'digunakan', 'semoga', 'depan', 'perubahan', 'data', 'dipermudah']","['mudah', 'digunakan', 'semoga', 'depan', 'perubahan', 'data', 'dipermudah']","['mudah', 'guna', 'moga', 'depan', 'ubah', 'data', 'mudah']",mudah guna moga depan ubah data mudah
c5c59e1c-80b2-40d0-9772-86f482505672,bagus,5,2026-06-05,15,Juni,positif,bagus,bagus,['bagus'],['bagus'],['bagus'],['bagus'],bagus
c62f80e6-47b0-4f8d-a3a3-e248ec80f45e,👍👍👍,5,2026-07-09,19,Juli,positif,,,[],[],[],[],
c63b986c-b29f-4028-a644-c75f1a93095c,"ribet poll, lupa sandi eh otp lewat sms ga masuk masuk, hadeuhh perbaiki dong. no udah bener ga masuk masuk",1,2026-07-30,19,Juli,negatif,ribet poll lupa sandi eh otp lewat sms ga masuk masuk hadeuhh perbaiki dong no udah bener ga masuk masuk,rumit sangat lupa sandi eh otp lewat sms tidak masuk aduh perbaiki dong nomor sudah benar tidak masuk,"['rumit', 'sangat', 'lupa', 'sandi', 'eh', 'otp', 'lewat', 'sms', 'tidak', 'masuk', 'aduh', 'perbaiki', 'dong', 'nomor', 'sudah', 'benar', 'tidak', 'masuk']","['rumit', 'sangat', 'lupa', 'sandi', 'eh', 'otp', 'lewat', 'sms', 'tidak', 'masuk', 'aduh', 'perbaiki', 'dong', 'nomor', 'benar', 'tidak', 'masuk']","['rumit', 'sangat', 'lupa', 'sandi', 'eh', 'otp', 'lewat', 'sms', 'tidak', 'tidak_masuk', 'aduh', 'perbaiki', 'dong', 'nomor', 'benar', 'tidak', 'tidak_masuk']","['rumit', 'sangat', 'lupa', 'sandi', 'eh', 'otp', 'lewat', 'sms', 'tidak', 'tidak_masuk', 'aduh', 'perbaiki', 'dong', 'nomor', 'benar', 'tidak', 'tidak_masuk']",rumit sangat lupa sandi eh otp lewat sms tidak tidak_masuk aduh perbaiki dong nomor benar tidak tidak_masuk
c6406886-df7b-44a2-83d5-25d27f32cbb3,makin susah ya,1,2026-08-31,21,Agustus,negatif,makin susah ya,makin susah ya,"['makin', 'susah', 'ya']","['makin', 'susah']","['makin', 'susah']","['makin', 'susah']",makin susah
c66968e1-7c14-4f93-a755-84731f513cbf,tingkatkan,5,2026-08-17,21,Agustus,netral,tingkatkan,tingkatkan,['tingkatkan'],['tingkatkan'],['tingkatkan'],['tingkat'],tingkat
c6d9979a-eedf-494a-b962-0d796d1e6b45,"aplikasi ga jelas, mau login akun dipaksa aktifin autodebet, giliran gua ikutin buat aktifin autodebet malah dapet notif gagal aktifin, padahal udah dapet sms berhasil dari bank, hebat ni aplikasi, beneran maksa aktifin autodebet, kalo ga aktifin gabisa ke beranda aplikasi harus nyelesain pendaftaran autodebet, yang berarti lo gabisa make ni aplikasi kalo ga aktifn autodebet, dikasus gua malah gabisa diaktifin autodebetnya ngebuat gua gabisa make ni aplikasi, mantap🫡 maju terus Indonesia 🇮🇩",1,2026-08-06,9,Agustus,negatif,aplikasi ga jelas mau login akun dipaksa aktifin autodebet giliran gua ikutin buat aktifin autodebet malah dapet notif gagal aktifin padahal udah dapet sms berhasil dari bank hebat ni aplikasi beneran maksa aktifin autodebet kalo ga aktifin gabisa ke beranda aplikasi harus nyelesain pendaftaran autodebet yang berarti lo gabisa make ni aplikasi kalo ga aktifn autodebet dikasus gua malah gabisa diaktifin autodebetnya ngebuat gua gabisa make ni aplikasi mantap maju terus indonesia,aplikasi tidak jelas mau login akun dipaksa aktifkan autodebit giliran saya ikuti buat aktifkan autodebit malah dapat notifikasi gagal aktifkan padahal sudah dapat sms berhasil dari bank hebat ini aplikasi benar-benar memaksa aktifkan autodebit kalau tidak aktifkan tidak bisa ke beranda aplikasi harus menyelesaikan pendaftaran autodebit yang berarti kamu tidak bisa menggunakan ini aplikasi kalau tidak aktifkan autodebit pada kasus saya malah tidak bisa diaktifkan autodebitnya membuat saya tidak bisa menggunakan ini aplikasi mantap maju terus indonesia,"['aplikasi', 'tidak', 'jelas', 'mau', 'login', 'akun', 'dipaksa', 'aktifkan', 'autodebit', 'giliran', 'saya', 'ikuti', 'buat', 'aktifkan', 'autodebit', 'malah', 'dapat', 'notifikasi', 'gagal', 'aktifkan', 'padahal', 'sudah', 'dapat', 'sms', 'berhasil', 'dari', 'bank', 'hebat', 'ini', 'aplikasi', 'benar-benar', 'memaksa', 'aktifkan', 'autodebit', 'kalau', 'tidak', 'aktifkan', 'tidak', 'bisa', 'ke', 'beranda', 'aplikasi', 'harus', 'menyelesaikan', 'pendaftaran', 'autodebit', 'yang', 'berarti', 'kamu', 'tidak', 'bisa', 'menggunakan', 'ini', 'aplikasi', 'kalau', 'tidak', 'aktifkan', 'autodebit', 'pada', 'kasus', 'saya', 'malah', 'tidak', 'bisa', 'diaktifkan', 'autodebitnya', 'membuat', 'saya', 'tidak', 'bisa', 'menggunakan', 'ini', 'aplikasi', 'mantap', 'maju', 'terus', 'indonesia']","['aplikasi', 'tidak', 'jelas', 'mau', 'login', 'akun', 'dipaksa', 'aktifkan', 'autodebit', 'giliran', 'ikuti', 'buat', 'aktifkan', 'autodebit', 'malah', 'notifikasi', 'gagal', 'aktifkan', 'padahal', 'sms', 'berhasil', 'bank', 'hebat', 'aplikasi', 'benar-benar', 'memaksa', 'aktifkan', 'autodebit', 'kalau', 'tidak', 'aktifkan', 'tidak', 'beranda', 'aplikasi', 'menyelesaikan', 'pendaftaran', 'autodebit', 'berarti', 'kamu', 'tidak', 'menggunakan', 'aplikasi', 'kalau', 'tidak', 'aktifkan', 'autodebit', 'kasus', 'malah', 'tidak', 'diaktifkan', 'autodebitnya', 'membuat', 'tidak', 'menggunakan', 'aplikasi', 'mantap', 'maju', 'terus', 'indonesia']","['aplikasi', 'tidak', 'tidak_jelas', 'mau', 'login', 'akun', 'dipaksa', 'aktifkan', 'autodebit', 'giliran', 'ikuti', 'buat', 'aktifkan', 'autodebit', 'malah', 'notifikasi', 'gagal', 'aktifkan', 'padahal', 'sms', 'berhasil', 'bank', 'hebat', 'aplikasi', 'benar-benar', 'memaksa', 'aktifkan', 'autodebit', 'kalau', 'tidak', 'tidak_aktifkan', 'tidak', 'tidak_beranda', 'aplikasi', 'menyelesaikan', 'pendaftaran', 'autodebit', 'berarti', 'kamu', 'tidak', 'tidak_menggunakan', 'aplikasi', 'kalau', 'tidak', 'tidak_aktifkan', 'autodebit', 'kasus', 'malah', 'tidak', 'tidak_diaktifkan', 'autodebitnya', 'membuat', 'tidak', 'tidak_menggunakan', 'aplikasi', 'mantap', 'maju', 'terus', 'indonesia']","['aplikasi', 'tidak', 'tidak_jelas', 'mau', 'login', 'akun', 'paksa', 'aktif', 'autodebit', 'gilir', 'ikut', 'buat', 'aktif', 'autodebit', 'malah', 'notifikasi', 'gagal', 'aktif', 'padahal', 'sms', 'hasil', 'bank', 'hebat', 'aplikasi', 'benar', 'paksa', 'aktif', 'autodebit', 'kalau', 'tidak', 'tidak_aktif', 'tidak', 'tidak_beranda', 'aplikasi', 'selesai', 'daftar', 'autodebit', 'arti', 'kamu', 'tidak', 'tidak_guna', 'aplikasi', 'kalau', 'tidak', 'tidak_aktif', 'autodebit', 'kasus', 'malah', 'tidak', 'tidak_aktif', 'autodebitnya', 'buat', 'tidak', 'tidak_guna', 'aplikasi', 'mantap', 'maju', 'terus', 'indonesia']",aplikasi tidak tidak_jelas mau login akun paksa aktif autodebit gilir ikut buat aktif autodebit malah notifikasi gagal aktif padahal sms hasil bank hebat aplikasi benar paksa aktif autodebit kalau tidak tidak_aktif tidak tidak_beranda aplikasi selesai daftar autodebit arti kamu tidak tidak_guna aplikasi kalau tidak tidak_aktif autodebit kasus malah tidak tidak_aktif autodebitnya buat tidak tidak_guna aplikasi mantap maju terus indonesia
c6e6d449-f0ea-4822-9c34-4ec9b7054471,sangat profesional dan berpengalaman,5,2026-07-03,7,Juli,positif,sangat profesional dan berpengalaman,sangat profesional dan berpengalaman,"['sangat', 'profesional', 'dan', 'berpengalaman']","['sangat', 'profesional', 'berpengalaman']","['sangat', 'profesional', 'berpengalaman']","['sangat', 'profesional', 'alam']",sangat profesional alam
c6ec1964-cf82-4a22-ba28-b7b92b1afef8,"APLIKAS TIDAK JELAS,MAU DAFTAR AJA SUSAH",1,2026-08-03,12,Agustus,negatif,aplikas tidak jelas mau daftar aja susah,aplikasi tidak jelas mau daftar saja susah,"['aplikasi', 'tidak', 'jelas', 'mau', 'daftar', 'saja', 'susah']","['aplikasi', 'tidak', 'jelas', 'mau', 'daftar', 'susah']","['aplikasi', 'tidak', 'tidak_jelas', 'mau', 'daftar', 'susah']","['aplikasi', 'tidak', 'tidak_jelas', 'mau', 'daftar', 'susah']",aplikasi tidak tidak_jelas mau daftar susah
c6f7d7cb-ec3b-4087-85cb-fa81fd2d3f38,"aplikasi buat emosi, gangguan terus ga tau kapan ga gangguan",1,2026-07-22,8,Juli,negatif,aplikasi buat emosi gangguan terus ga tau kapan ga gangguan,aplikasi buat emosi gangguan terus tidak tahu kapan tidak gangguan,"['aplikasi', 'buat', 'emosi', 'gangguan', 'terus', 'tidak', 'tahu', 'kapan', 'tidak', 'gangguan']","['aplikasi', 'buat', 'emosi', 'gangguan', 'terus', 'tidak', 'tahu', 'kapan', 'tidak', 'gangguan']","['aplikasi', 'buat', 'emosi', 'gangguan', 'terus', 'tidak', 'tidak_tahu', 'kapan', 'tidak', 'tidak_gangguan']","['aplikasi', 'buat', 'emosi', 'ganggu', 'terus', 'tidak', 'tidak_tahu', 'kapan', 'tidak', 'tidak_ganggu']",aplikasi buat emosi ganggu terus tidak tidak_tahu kapan tidak tidak_ganggu
c7196d9b-9c82-4883-ac89-8cfe8ac0a135,sangat luar biasa,5,2026-08-12,7,Agustus,positif,sangat luar biasa,sangat luar biasa,"['sangat', 'luar', 'biasa']","['sangat', 'luar', 'biasa']","['sangat', 'luar', 'biasa']","['sangat', 'luar', 'biasa']",sangat luar biasa
c7278a49-8689-419a-ad61-17262af2fbc9,baik-baik,5,2026-06-09,7,Juni,netral,baik baik,baik baik,"['baik', 'baik']","['baik', 'baik']","['baik', 'baik']","['baik', 'baik']",baik baik
c72c6767-c077-41a7-8dfb-03a55ae8cb3f,semoga lancar dan tidak lemot lagi,5,2026-08-05,18,Agustus,netral,semoga lancar dan tidak lemot lagi,semoga lancar dan tidak lambat lagi,"['semoga', 'lancar', 'dan', 'tidak', 'lambat', 'lagi']","['semoga', 'lancar', 'tidak', 'lambat']","['semoga', 'lancar', 'tidak', 'tidak_lambat']","['moga', 'lancar', 'tidak', 'tidak_lambat']",moga lancar tidak tidak_lambat
c7469652-bc0a-48a9-8cb9-73fefa1e4955,semoga lebih baik dalam proses dalam kesehatan seluruh warga Indonesia,4,2026-06-25,11,Juni,netral,semoga lebih baik dalam proses dalam kesehatan seluruh warga indonesia,semoga lebih baik dalam proses dalam kesehatan seluruh warga indonesia,"['semoga', 'lebih', 'baik', 'dalam', 'proses', 'dalam', 'kesehatan', 'seluruh', 'warga', 'indonesia']","['semoga', 'lebih', 'baik', 'proses', 'kesehatan', 'seluruh', 'warga', 'indonesia']","['semoga', 'lebih', 'baik', 'proses', 'kesehatan', 'seluruh', 'warga', 'indonesia']","['moga', 'lebih', 'baik', 'proses', 'sehat', 'seluruh', 'warga', 'indonesia']",moga lebih baik proses sehat seluruh warga indonesia
c78955fd-4246-4641-b20e-2d8d0b3fe684,proses lancar dgn mobile jkn,5,2026-08-11,13,Agustus,positif,proses lancar dgn mobile jkn,proses lancar dengan mobile jkn,"['proses', 'lancar', 'dengan', 'mobile', 'jkn']","['proses', 'lancar', 'mobile', 'jkn']","['proses', 'lancar', 'mobile', 'jkn']","['proses', 'lancar', 'mobile', 'jkn']",proses lancar mobile jkn
c7a240b6-2f8f-4e51-bba8-a62d330f0c0b,APLIKASI THOLOL!!!! OTP GAK MASUK2!!!,1,2026-07-08,8,Juli,negatif,aplikasi tholol otp gak masuk2,aplikasi tolol otp tidak masuk,"['aplikasi', 'tolol', 'otp', 'tidak', 'masuk']","['aplikasi', 'tolol', 'otp', 'tidak', 'masuk']","['aplikasi', 'tolol', 'otp', 'tidak', 'tidak_masuk']","['aplikasi', 'tolol', 'otp', 'tidak', 'tidak_masuk']",aplikasi tolol otp tidak tidak_masuk
c7a3d374-0d92-4479-b361-35267aadd3f0,bagus,5,2026-08-29,11,Agustus,positif,bagus,bagus,['bagus'],['bagus'],['bagus'],['bagus'],bagus
c7b70eb8-1479-4978-a981-df62231851d9,tolong sayaaa salahh kirimm uang ke dana nomer pandawaa dan saya sudahh ke cabang bpjs tidak bisaa mengembalikan uangnyaa tolongg saya mau pengambilan dana saya yang salya salah kirim di hari dan jamm 11 mei 2026 15:16. nominal 350 dikirim dari bca ke akun dana nomer pandawa ituu tolongg di bantu pengambilan dana nya,1,2026-06-25,23,Juni,negatif,tolong sayaaa salahh kirimm uang ke dana nomer pandawaa dan saya sudahh ke cabang bpjs tidak bisaa mengembalikan uangnyaa tolongg saya mau pengambilan dana saya yang salya salah kirim di hari dan jamm 11 mei 2026 15 16 nominal 350 dikirim dari bca ke akun dana nomer pandawa ituu tolongg di bantu pengambilan dana nya,tolong saya salah kirim uang ke dana nomor pandawa dan saya sudah ke cabang bpjs tidak bisa mengembalikan uangnya tolong saya mau pengambilan dana saya yang saya salah kirim di hari dan jam 11 mei 2026 15 16 nominal 350 dikirim dari bca ke akun dana nomor pandawa itu tolong di bantu pengambilan dana nya,"['tolong', 'saya', 'salah', 'kirim', 'uang', 'ke', 'dana', 'nomor', 'pandawa', 'dan', 'saya', 'sudah', 'ke', 'cabang', 'bpjs', 'tidak', 'bisa', 'mengembalikan', 'uangnya', 'tolong', 'saya', 'mau', 'pengambilan', 'dana', 'saya', 'yang', 'saya', 'salah', 'kirim', 'di', 'hari', 'dan', 'jam', '11', 'mei', '2026', '15', '16', 'nominal', '350', 'dikirim', 'dari', 'bca', 'ke', 'akun', 'dana', 'nomor', 'pandawa', 'itu', 'tolong', 'di', 'bantu', 'pengambilan', 'dana', 'nya']","['salah', 'kirim', 'uang', 'dana', 'nomor', 'pandawa', 'cabang', 'bpjs', 'tidak', 'mengembalikan', 'uangnya', 'mau', 'pengambilan', 'dana', 'salah', 'kirim', 'hari', 'jam', '11', 'mei', '2026', '15', '16', 'nominal', '350', 'dikirim', 'bca', 'akun', 'dana', 'nomor', 'pandawa', 'bantu', 'pengambilan', 'dana']","['salah', 'kirim', 'uang', 'dana', 'nomor', 'pandawa', 'cabang', 'bpjs', 'tidak', 'tidak_mengembalikan', 'uangnya', 'mau', 'pengambilan', 'dana', 'salah', 'kirim', 'hari', 'jam', '11', 'mei', '2026', '15', '16', 'nominal', '350', 'dikirim', 'bca', 'akun', 'dana', 'nomor', 'pandawa', 'bantu', 'pengambilan', 'dana']","['salah', 'kirim', 'uang', 'dana', 'nomor', 'pandawa', 'cabang', 'bpjs', 'tidak', 'tidak_kembali', 'uang', 'mau', 'ambil', 'dana', 'salah', 'kirim', 'hari', 'jam', '11', 'mei', '2026', '15', '16', 'nominal', '350', 'kirim', 'bca', 'akun', 'dana', 'nomor', 'pandawa', 'bantu', 'ambil', 'dana']",salah kirim uang dana nomor pandawa cabang bpjs tidak tidak_kembali uang mau ambil dana salah kirim hari jam 11 mei 2026 15 16 nominal 350 kirim bca akun dana nomor pandawa bantu ambil dana
c7e00dab-8ceb-4aef-923b-e6125a7766f8,aplikasi yang sangat buruk,1,2026-07-23,7,Juli,negatif,aplikasi yang sangat buruk,aplikasi yang sangat buruk,"['aplikasi', 'yang', 'sangat', 'buruk']","['aplikasi', 'sangat', 'buruk']","['aplikasi', 'sangat', 'buruk']","['aplikasi', 'sangat', 'buruk']",aplikasi sangat buruk
c803fc89-7ece-49d4-95e1-9706e411b6b2,"kode otp gak masuk"", perbaiki lagi",1,2026-07-06,23,Juli,negatif,kode otp gak masuk perbaiki lagi,kode otp tidak masuk perbaiki lagi,"['kode', 'otp', 'tidak', 'masuk', 'perbaiki', 'lagi']","['kode', 'otp', 'tidak', 'masuk', 'perbaiki']","['kode', 'otp', 'tidak', 'tidak_masuk', 'perbaiki']","['kode', 'otp', 'tidak', 'tidak_masuk', 'perbaiki']",kode otp tidak tidak_masuk perbaiki
c810e579-0641-48ac-b41e-840f9c9f1ff6,bisa akses,5,2026-06-13,8,Juni,positif,bisa akses,bisa akses,"['bisa', 'akses']",['akses'],['akses'],['akses'],akses
c82444cc-b77b-4573-9b28-40ec3972184b,mau buka fitur susah belum dapat di proses terus,1,2026-07-04,14,Juli,negatif,mau buka fitur susah belum dapat di proses terus,mau buka fitur susah belum dapat di proses terus,"['mau', 'buka', 'fitur', 'susah', 'belum', 'dapat', 'di', 'proses', 'terus']","['mau', 'buka', 'fitur', 'susah', 'proses', 'terus']","['mau', 'buka', 'fitur', 'susah', 'proses', 'terus']","['mau', 'buka', 'fitur', 'susah', 'proses', 'terus']",mau buka fitur susah proses terus
c843739c-8f36-450e-b308-468f22770de6,"percuma pemerintah ngadain pelayanan kaya gini sama aja bohong bagi sebagian orang kesulitan daftar susah sms OTP ga dikirim kirim sampe berhari hari, udah coba sampe puluhan kali ga bisa. padahal sudah banyak yang komplain tapi ga kunjung di perbaiki. mending di hilangin aja sekalian daripada ga guna.",1,2026-06-28,10,Juni,negatif,percuma pemerintah ngadain pelayanan kaya gini sama aja bohong bagi sebagian orang kesulitan daftar susah sms otp ga dikirim kirim sampe berhari hari udah coba sampe puluhan kali ga bisa padahal sudah banyak yang komplain tapi ga kunjung di perbaiki mending di hilangin aja sekalian daripada ga guna,percuma pemerintah mengadakan pelayanan kaya begini sama saja bohong bagi sebagian orang kesulitan daftar susah sms otp tidak dikirim kirim sampai berhari hari sudah coba sampai puluhan kali tidak bisa padahal sudah banyak yang keluhan tapi tidak kunjung diperbaiki lebih baik di hilangkan saja sekalian daripada tidak berguna,"['percuma', 'pemerintah', 'mengadakan', 'pelayanan', 'kaya', 'begini', 'sama', 'saja', 'bohong', 'bagi', 'sebagian', 'orang', 'kesulitan', 'daftar', 'susah', 'sms', 'otp', 'tidak', 'dikirim', 'kirim', 'sampai', 'berhari', 'hari', 'sudah', 'coba', 'sampai', 'puluhan', 'kali', 'tidak', 'bisa', 'padahal', 'sudah', 'banyak', 'yang', 'keluhan', 'tapi', 'tidak', 'kunjung', 'diperbaiki', 'lebih', 'baik', 'di', 'hilangkan', 'saja', 'sekalian', 'daripada', 'tidak', 'berguna']","['percuma', 'pemerintah', 'mengadakan', 'pelayanan', 'kaya', 'begini', 'sama', 'bohong', 'sebagian', 'orang', 'kesulitan', 'daftar', 'susah', 'sms', 'otp', 'tidak', 'dikirim', 'kirim', 'berhari', 'hari', 'coba', 'puluhan', 'kali', 'tidak', 'padahal', 'banyak', 'keluhan', 'tidak', 'kunjung', 'diperbaiki', 'lebih', 'baik', 'hilangkan', 'sekalian', 'tidak', 'berguna']","['percuma', 'pemerintah', 'mengadakan', 'pelayanan', 'kaya', 'begini', 'sama', 'bohong', 'sebagian', 'orang', 'kesulitan', 'daftar', 'susah', 'sms', 'otp', 'tidak', 'tidak_dikirim', 'kirim', 'berhari', 'hari', 'coba', 'puluhan', 'kali', 'tidak', 'tidak_padahal', 'banyak', 'keluhan', 'tidak', 'tidak_kunjung', 'diperbaiki', 'lebih', 'baik', 'hilangkan', 'sekalian', 'tidak', 'tidak_berguna']","['percuma', 'perintah', 'ada', 'layan', 'kaya', 'begini', 'sama', 'bohong', 'bagi', 'orang', 'sulit', 'daftar', 'susah', 'sms', 'otp', 'tidak', 'tidak_kirim', 'kirim', 'hari', 'hari', 'coba', 'puluh', 'kali', 'tidak', 'tidak_padahal', 'banyak', 'keluh', 'tidak', 'tidak_kunjung', 'perbaiki', 'lebih', 'baik', 'hilang', 'sekali', 'tidak', 'tidak_guna']",percuma perintah ada layan kaya begini sama bohong bagi orang sulit daftar susah sms otp tidak tidak_kirim kirim hari hari coba puluh kali tidak tidak_padahal banyak keluh tidak tidak_kunjung perbaiki lebih baik hilang sekali tidak tidak_guna
c84cb98d-4daa-4526-b70d-68eb20b22a9a,sehat selalu,5,2026-07-05,12,Juli,netral,sehat selalu,sehat selalu,"['sehat', 'selalu']","['sehat', 'selalu']","['sehat', 'selalu']","['sehat', 'selalu']",sehat selalu
c852838d-8baf-4dae-b6d6-233784522c74,sangat membantu untuk kesehatan,5,2026-08-14,6,Agustus,positif,sangat membantu untuk kesehatan,sangat membantu untuk kesehatan,"['sangat', 'membantu', 'untuk', 'kesehatan']","['sangat', 'membantu', 'kesehatan']","['sangat', 'membantu', 'kesehatan']","['sangat', 'bantu', 'sehat']",sangat bantu sehat
c86c3bf7-dae0-4782-a393-7668e8c8d28a,semoga selalu sehat,5,2026-07-02,21,Juli,netral,semoga selalu sehat,semoga selalu sehat,"['semoga', 'selalu', 'sehat']","['semoga', 'selalu', 'sehat']","['semoga', 'selalu', 'sehat']","['moga', 'selalu', 'sehat']",moga selalu sehat
c87732a9-5906-4ee3-98aa-1a887ccdc922,aplikasi ini udah keseringan error. dulu bagus...sekarang kurang bagus.,3,2026-08-31,8,Agustus,negatif,aplikasi ini udah keseringan error dulu bagus sekarang kurang bagus,aplikasi ini sudah keseringan error dulu bagus sekarang kurang bagus,"['aplikasi', 'ini', 'sudah', 'keseringan', 'error', 'dulu', 'bagus', 'sekarang', 'kurang', 'bagus']","['aplikasi', 'keseringan', 'error', 'dulu', 'bagus', 'sekarang', 'kurang', 'bagus']","['aplikasi', 'keseringan', 'error', 'dulu', 'bagus', 'sekarang', 'kurang', 'bagus']","['aplikasi', 'sering', 'error', 'dulu', 'bagus', 'sekarang', 'kurang', 'bagus']",aplikasi sering error dulu bagus sekarang kurang bagus
c87c3fe8-80ca-43a7-adca-77f3ac82c426,makasih udah membantu saya dengan mudah,5,2026-06-25,21,Juni,positif,makasih udah membantu saya dengan mudah,terima kasih sudah membantu saya dengan mudah,"['terima', 'kasih', 'sudah', 'membantu', 'saya', 'dengan', 'mudah']","['terima', 'kasih', 'membantu', 'mudah']","['terima', 'kasih', 'membantu', 'mudah']","['terima', 'kasih', 'bantu', 'mudah']",terima kasih bantu mudah
c8962887-6954-4282-b4b8-fb0035425c7b,bagus apknya,5,2026-06-23,23,Juni,positif,bagus apknya,bagus aplikasinya,"['bagus', 'aplikasinya']","['bagus', 'aplikasinya']","['bagus', 'aplikasinya']","['bagus', 'aplikasi']",bagus aplikasi
c8ff6c3d-0221-4e46-ab5a-4a3899755d79,Akun keluar sendiri. Susah login.,1,2026-07-31,23,Juli,negatif,akun keluar sendiri susah login,akun keluar sendiri susah login,"['akun', 'keluar', 'sendiri', 'susah', 'login']","['akun', 'keluar', 'sendiri', 'susah', 'login']","['akun', 'keluar', 'sendiri', 'susah', 'login']","['akun', 'keluar', 'sendiri', 'susah', 'login']",akun keluar sendiri susah login
c91991e6-d958-4db5-af5e-f929e1f55f58,👎🏻,3,2026-06-22,12,Juni,negatif,,,[],[],[],[],
c92bebee-2b4d-45bb-a676-4f6d53bd23c9,ada fitur BPJS keliling tapi di cari wilayah bwi pake filter GK ada. gajelas,1,2026-08-25,16,Agustus,negatif,ada fitur bpjs keliling tapi di cari wilayah bwi pake filter gk ada gajelas,ada fitur bpjs keliling tapi di cari wilayah bwi pakai filter tidak ada tidak jelas,"['ada', 'fitur', 'bpjs', 'keliling', 'tapi', 'di', 'cari', 'wilayah', 'bwi', 'pakai', 'filter', 'tidak', 'ada', 'tidak', 'jelas']","['fitur', 'bpjs', 'keliling', 'cari', 'wilayah', 'bwi', 'pakai', 'filter', 'tidak', 'tidak', 'jelas']","['fitur', 'bpjs', 'keliling', 'cari', 'wilayah', 'bwi', 'pakai', 'filter', 'tidak', 'tidak_tidak', 'jelas']","['fitur', 'bpjs', 'keliling', 'cari', 'wilayah', 'bwi', 'pakai', 'filter', 'tidak', 'tidak_tidak', 'jelas']",fitur bpjs keliling cari wilayah bwi pakai filter tidak tidak_tidak jelas
c990e58e-8095-49a2-904a-dc922f9d02b9,sangat membantu,5,2026-07-14,10,Juli,positif,sangat membantu,sangat membantu,"['sangat', 'membantu']","['sangat', 'membantu']","['sangat', 'membantu']","['sangat', 'bantu']",sangat bantu
ca2a28cb-1ef9-45b9-bc75-7ab0ed63b6f2,terimakasih mobile jkn informasi lewat mobile jkn untuk kemudahan akses kesehatan sukses selalu,5,2026-07-14,12,Juli,positif,terimakasih mobile jkn informasi lewat mobile jkn untuk kemudahan akses kesehatan sukses selalu,terima kasih mobile jkn informasi lewat mobile jkn untuk kemudahan akses kesehatan sukses selalu,"['terima', 'kasih', 'mobile', 'jkn', 'informasi', 'lewat', 'mobile', 'jkn', 'untuk', 'kemudahan', 'akses', 'kesehatan', 'sukses', 'selalu']","['terima', 'kasih', 'mobile', 'jkn', 'informasi', 'lewat', 'mobile', 'jkn', 'kemudahan', 'akses', 'kesehatan', 'sukses', 'selalu']","['terima', 'kasih', 'mobile', 'jkn', 'informasi', 'lewat', 'mobile', 'jkn', 'kemudahan', 'akses', 'kesehatan', 'sukses', 'selalu']","['terima', 'kasih', 'mobile', 'jkn', 'informasi', 'lewat', 'mobile', 'jkn', 'mudah', 'akses', 'sehat', 'sukses', 'selalu']",terima kasih mobile jkn informasi lewat mobile jkn mudah akses sehat sukses selalu
ca33ffe3-3dae-4c01-a4f8-b193e6891d7c,sangat membantu pengguna fasilitas kesehatan,5,2026-08-16,17,Agustus,positif,sangat membantu pengguna fasilitas kesehatan,sangat membantu pengguna fasilitas kesehatan,"['sangat', 'membantu', 'pengguna', 'fasilitas', 'kesehatan']","['sangat', 'membantu', 'pengguna', 'fasilitas', 'kesehatan']","['sangat', 'membantu', 'pengguna', 'fasilitas', 'kesehatan']","['sangat', 'bantu', 'guna', 'fasilitas', 'sehat']",sangat bantu guna fasilitas sehat
ca38e630-88b2-45f3-93cc-9d397fc02068,ok,5,2026-07-15,19,Juli,positif,ok,oke,['oke'],['oke'],['oke'],['oke'],oke
ca64bbc2-aa67-4399-ac26-9eb3405fa0ff,sudah mendaftarkan nomor HP tapi saat mau dapetin kode Verifikasi gara gara lupa sandi malah dibilang maaf nomor HP belum terdaftar. Padahal nomor HP sudah didaftarkan kok dibilang belum terdaftar makin ngawur nih aplikasi,1,2026-08-22,16,Agustus,negatif,sudah mendaftarkan nomor hp tapi saat mau dapetin kode verifikasi gara gara lupa sandi malah dibilang maaf nomor hp belum terdaftar padahal nomor hp sudah didaftarkan kok dibilang belum terdaftar makin ngawur nih aplikasi,sudah mendaftarkan nomor ponsel tapi saat mau mendapatkan kode verifikasi gara gara lupa sandi malah dibilang maaf nomor ponsel belum terdaftar padahal nomor ponsel sudah didaftarkan kok dibilang belum terdaftar makin sembarangan ini aplikasi,"['sudah', 'mendaftarkan', 'nomor', 'ponsel', 'tapi', 'saat', 'mau', 'mendapatkan', 'kode', 'verifikasi', 'gara', 'gara', 'lupa', 'sandi', 'malah', 'dibilang', 'maaf', 'nomor', 'ponsel', 'belum', 'terdaftar', 'padahal', 'nomor', 'ponsel', 'sudah', 'didaftarkan', 'kok', 'dibilang', 'belum', 'terdaftar', 'makin', 'sembarangan', 'ini', 'aplikasi']","['mendaftarkan', 'nomor', 'ponsel', 'mau', 'mendapatkan', 'kode', 'verifikasi', 'gara', 'gara', 'lupa', 'sandi', 'malah', 'dibilang', 'maaf', 'nomor', 'ponsel', 'terdaftar', 'padahal', 'nomor', 'ponsel', 'didaftarkan', 'kok', 'dibilang', 'terdaftar', 'makin', 'sembarangan', 'aplikasi']","['mendaftarkan', 'nomor', 'ponsel', 'mau', 'mendapatkan', 'kode', 'verifikasi', 'gara', 'gara', 'lupa', 'sandi', 'malah', 'dibilang', 'maaf', 'nomor', 'ponsel', 'terdaftar', 'padahal', 'nomor', 'ponsel', 'didaftarkan', 'kok', 'dibilang', 'terdaftar', 'makin', 'sembarangan', 'aplikasi']","['daftar', 'nomor', 'ponsel', 'mau', 'dapat', 'kode', 'verifikasi', 'gara', 'gara', 'lupa', 'sandi', 'malah', 'bilang', 'maaf', 'nomor', 'ponsel', 'daftar', 'padahal', 'nomor', 'ponsel', 'daftar', 'kok', 'bilang', 'daftar', 'makin', 'sembarang', 'aplikasi']",daftar nomor ponsel mau dapat kode verifikasi gara gara lupa sandi malah bilang maaf nomor ponsel daftar padahal nomor ponsel daftar kok bilang daftar makin sembarang aplikasi
ca66da79-773e-45e1-b2a2-bc25171eebcb,"LU MENDING BEBENAH DAH!! MAU WAR ANTREAN FASKES RS SUSAH BGT PERKARA JARINGAN PONSEL YG KATANYA OFFLINE PDHL AMAN & KENCENG AJA, DZOLIM LU ISTIGHFAR",3,2026-06-12,0,Juni,negatif,lu mending bebenah dah mau war antrean faskes rs susah bgt perkara jaringan ponsel yg katanya offline pdhl aman kenceng aja dzolim lu istighfar,kamu lebih baik bebenah sudah mau war antrean faskes rumah sakit susah sangat perkara jaringan ponsel yang katanya luring padahal aman kencang saja zalim kamu istighfar,"['kamu', 'lebih', 'baik', 'bebenah', 'sudah', 'mau', 'war', 'antrean', 'faskes', 'rumah', 'sakit', 'susah', 'sangat', 'perkara', 'jaringan', 'ponsel', 'yang', 'katanya', 'luring', 'padahal', 'aman', 'kencang', 'saja', 'zalim', 'kamu', 'istighfar']","['kamu', 'lebih', 'baik', 'bebenah', 'mau', 'war', 'antrean', 'faskes', 'rumah', 'sakit', 'susah', 'sangat', 'perkara', 'jaringan', 'ponsel', 'katanya', 'luring', 'padahal', 'aman', 'kencang', 'zalim', 'kamu', 'istighfar']","['kamu', 'lebih', 'baik', 'bebenah', 'mau', 'war', 'antrean', 'faskes', 'rumah', 'sakit', 'susah', 'sangat', 'perkara', 'jaringan', 'ponsel', 'katanya', 'luring', 'padahal', 'aman', 'kencang', 'zalim', 'kamu', 'istighfar']","['kamu', 'lebih', 'baik', 'bebenah', 'mau', 'war', 'antre', 'faskes', 'rumah', 'sakit', 'susah', 'sangat', 'perkara', 'jaring', 'ponsel', 'kata', 'luring', 'padahal', 'aman', 'kencang', 'zalim', 'kamu', 'istighfar']",kamu lebih baik bebenah mau war antre faskes rumah sakit susah sangat perkara jaring ponsel kata luring padahal aman kencang zalim kamu istighfar
ca7b2ac7-7cb5-43e7-83f9-edecc221c541,sangat membantu,5,2026-06-25,16,Juni,positif,sangat membantu,sangat membantu,"['sangat', 'membantu']","['sangat', 'membantu']","['sangat', 'membantu']","['sangat', 'bantu']",sangat bantu
ca994958-3cb6-4251-b936-7239b11c63d0,kenapa tidak bisa download lagi BPJS kesehatan ini,3,2026-07-04,14,Juli,negatif,kenapa tidak bisa download lagi bpjs kesehatan ini,kenapa tidak bisa unduh lagi bpjs kesehatan ini,"['kenapa', 'tidak', 'bisa', 'unduh', 'lagi', 'bpjs', 'kesehatan', 'ini']","['tidak', 'unduh', 'bpjs', 'kesehatan']","['tidak', 'tidak_unduh', 'bpjs', 'kesehatan']","['tidak', 'tidak_unduh', 'bpjs', 'sehat']",tidak tidak_unduh bpjs sehat
cb5aff41-0e09-4701-aec6-d3c10dfb7d25,mohon di bantu untuk pengambilan obat agar tidak terlalu lama menunggu,5,2026-08-24,16,Agustus,netral,mohon di bantu untuk pengambilan obat agar tidak terlalu lama menunggu,mohon di bantu untuk pengambilan obat agar tidak terlalu lama menunggu,"['mohon', 'di', 'bantu', 'untuk', 'pengambilan', 'obat', 'agar', 'tidak', 'terlalu', 'lama', 'menunggu']","['mohon', 'bantu', 'pengambilan', 'obat', 'tidak', 'terlalu', 'lama', 'menunggu']","['mohon', 'bantu', 'pengambilan', 'obat', 'tidak', 'tidak_terlalu', 'lama', 'menunggu']","['mohon', 'bantu', 'ambil', 'obat', 'tidak', 'tidak_terlalu', 'lama', 'tunggu']",mohon bantu ambil obat tidak tidak_terlalu lama tunggu
cb711be0-8569-4403-ab2b-b91c45b70af0,menyenangkan membantu aktifitas sehari hari,5,2026-08-27,7,Agustus,positif,menyenangkan membantu aktifitas sehari hari,menyenangkan membantu aktivitas sehari hari,"['menyenangkan', 'membantu', 'aktivitas', 'sehari', 'hari']","['menyenangkan', 'membantu', 'aktivitas', 'sehari', 'hari']","['menyenangkan', 'membantu', 'aktivitas', 'sehari', 'hari']","['senang', 'bantu', 'aktivitas', 'hari', 'hari']",senang bantu aktivitas hari hari
cb7f0340-d929-4fc6-81e3-2b756a74c2ba,tidak berjalan baik,1,2026-07-13,19,Juli,negatif,tidak berjalan baik,tidak berjalan baik,"['tidak', 'berjalan', 'baik']","['tidak', 'berjalan', 'baik']","['tidak', 'tidak_berjalan', 'baik']","['tidak', 'tidak_jalan', 'baik']",tidak tidak_jalan baik
cb97d65f-d051-444b-8dc8-b055dbdf292a,ok,5,2026-07-06,10,Juli,positif,ok,oke,['oke'],['oke'],['oke'],['oke'],oke
cbc5897b-e62b-4f65-9520-9a68c760cac4,ok,5,2026-07-10,19,Juli,positif,ok,oke,['oke'],['oke'],['oke'],['oke'],oke
cc12f550-c21f-4dc3-ac02-abaff988e39b,saya sangat mudah menggunakan aplikasi.jkn ini lancar tepat sasaran gopd job,5,2026-06-18,2,Juni,positif,saya sangat mudah menggunakan aplikasi jkn ini lancar tepat sasaran gopd job,saya sangat mudah menggunakan aplikasi jkn ini lancar tepat sasaran kerja bagus,"['saya', 'sangat', 'mudah', 'menggunakan', 'aplikasi', 'jkn', 'ini', 'lancar', 'tepat', 'sasaran', 'kerja', 'bagus']","['sangat', 'mudah', 'menggunakan', 'aplikasi', 'jkn', 'lancar', 'tepat', 'sasaran', 'kerja', 'bagus']","['sangat', 'mudah', 'menggunakan', 'aplikasi', 'jkn', 'lancar', 'tepat', 'sasaran', 'kerja', 'bagus']","['sangat', 'mudah', 'guna', 'aplikasi', 'jkn', 'lancar', 'tepat', 'sasar', 'kerja', 'bagus']",sangat mudah guna aplikasi jkn lancar tepat sasar kerja bagus
cca34a6d-40e5-4957-8908-0d4dbfe4ee31,Sangat membantu melalui aplikasi ini.,5,2026-06-18,19,Juni,positif,sangat membantu melalui aplikasi ini,sangat membantu melalui aplikasi ini,"['sangat', 'membantu', 'melalui', 'aplikasi', 'ini']","['sangat', 'membantu', 'melalui', 'aplikasi']","['sangat', 'membantu', 'melalui', 'aplikasi']","['sangat', 'bantu', 'lalu', 'aplikasi']",sangat bantu lalu aplikasi
ccf3e3f3-d15f-4a91-882d-9470bd11ef27,bagus dan sangat membantu,5,2026-06-22,18,Juni,positif,bagus dan sangat membantu,bagus dan sangat membantu,"['bagus', 'dan', 'sangat', 'membantu']","['bagus', 'sangat', 'membantu']","['bagus', 'sangat', 'membantu']","['bagus', 'sangat', 'bantu']",bagus sangat bantu
cd2be63d-087e-40ab-a578-ea395e2590b5,"aplikasi apasih ini gangguan terus,mau masuk aja loading nya lama banget,,mau daftar antrian pun gak bisa,tolong di perbaiki!!!",1,2026-08-06,8,Agustus,negatif,aplikasi apasih ini gangguan terus mau masuk aja loading nya lama banget mau daftar antrian pun gak bisa tolong di perbaiki,aplikasi apa sih ini gangguan terus mau masuk saja memuat nya lama sangat mau daftar antrean pun tidak bisa tolong diperbaiki,"['aplikasi', 'apa', 'sih', 'ini', 'gangguan', 'terus', 'mau', 'masuk', 'saja', 'memuat', 'nya', 'lama', 'sangat', 'mau', 'daftar', 'antrean', 'pun', 'tidak', 'bisa', 'tolong', 'diperbaiki']","['aplikasi', 'apa', 'sih', 'gangguan', 'terus', 'mau', 'masuk', 'memuat', 'lama', 'sangat', 'mau', 'daftar', 'antrean', 'tidak', 'diperbaiki']","['aplikasi', 'apa', 'sih', 'gangguan', 'terus', 'mau', 'masuk', 'memuat', 'lama', 'sangat', 'mau', 'daftar', 'antrean', 'tidak', 'tidak_diperbaiki']","['aplikasi', 'apa', 'sih', 'ganggu', 'terus', 'mau', 'masuk', 'muat', 'lama', 'sangat', 'mau', 'daftar', 'antre', 'tidak', 'tidak_perbaiki']",aplikasi apa sih ganggu terus mau masuk muat lama sangat mau daftar antre tidak tidak_perbaiki
cdac7f1d-20dc-4e2c-a4b9-c4be86b76c25,sangat bermanfaat untuk kami,5,2026-06-26,8,Juni,positif,sangat bermanfaat untuk kami,sangat bermanfaat untuk kami,"['sangat', 'bermanfaat', 'untuk', 'kami']","['sangat', 'bermanfaat']","['sangat', 'bermanfaat']","['sangat', 'manfaat']",sangat manfaat
cde5f36c-4fcb-4536-8dc6-774424687ec9,"lagi butuh butuhnya malah server gak menanggapi terus,uda ganti ke data seluler tolong perbaiki ya ini aplikasinya bener bener gak puas",2,2026-06-23,10,Juni,negatif,lagi butuh butuhnya malah server gak menanggapi terus uda ganti ke data seluler tolong perbaiki ya ini aplikasinya bener bener gak puas,lagi butuh butuhnya malah server tidak menanggapi terus sudah ganti ke data seluler tolong perbaiki ya ini aplikasinya benar benar tidak puas,"['lagi', 'butuh', 'butuhnya', 'malah', 'server', 'tidak', 'menanggapi', 'terus', 'sudah', 'ganti', 'ke', 'data', 'seluler', 'tolong', 'perbaiki', 'ya', 'ini', 'aplikasinya', 'benar', 'benar', 'tidak', 'puas']","['butuh', 'butuhnya', 'malah', 'server', 'tidak', 'menanggapi', 'terus', 'ganti', 'data', 'seluler', 'perbaiki', 'aplikasinya', 'benar', 'benar', 'tidak', 'puas']","['butuh', 'butuhnya', 'malah', 'server', 'tidak', 'tidak_menanggapi', 'terus', 'ganti', 'data', 'seluler', 'perbaiki', 'aplikasinya', 'benar', 'benar', 'tidak', 'tidak_puas']","['butuh', 'butuh', 'malah', 'server', 'tidak', 'tidak_tanggap', 'terus', 'ganti', 'data', 'seluler', 'perbaiki', 'aplikasi', 'benar', 'benar', 'tidak', 'tidak_puas']",butuh butuh malah server tidak tidak_tanggap terus ganti data seluler perbaiki aplikasi benar benar tidak tidak_puas
ce2d96d9-fdf9-458d-9d60-907b05311b52,baik,5,2026-08-24,8,Agustus,positif,baik,baik,['baik'],['baik'],['baik'],['baik'],baik
ce34818f-ea97-4e75-9c9e-169d82e11178,Alhamdulillah lancar,5,2026-07-31,10,Juli,positif,alhamdulillah lancar,alhamdulillah lancar,"['alhamdulillah', 'lancar']","['alhamdulillah', 'lancar']","['alhamdulillah', 'lancar']","['alhamdulillah', 'lancar']",alhamdulillah lancar
ce4ce082-beef-472d-8895-ad9663c60bf9,sulit di aksesnya panduan berubah trus masuk harus auto debit,1,2026-08-24,21,Agustus,negatif,sulit di aksesnya panduan berubah trus masuk harus auto debit,sulit di aksesnya panduan berubah terus masuk harus auto debit,"['sulit', 'di', 'aksesnya', 'panduan', 'berubah', 'terus', 'masuk', 'harus', 'auto', 'debit']","['sulit', 'aksesnya', 'panduan', 'berubah', 'terus', 'masuk', 'auto', 'debit']","['sulit', 'aksesnya', 'panduan', 'berubah', 'terus', 'masuk', 'auto', 'debit']","['sulit', 'akses', 'pandu', 'ubah', 'terus', 'masuk', 'auto', 'debit']",sulit akses pandu ubah terus masuk auto debit
ce712726-e59b-4212-a89b-1ed544c13da6,alhamdulillah,5,2026-08-12,15,Agustus,netral,alhamdulillah,alhamdulillah,['alhamdulillah'],['alhamdulillah'],['alhamdulillah'],['alhamdulillah'],alhamdulillah
ce8d4f17-ee43-4be6-93b5-b1d7804a5cb6,"Untuk mendaftar saja sangat sulit, padahal nomor saya aktif tetapi tidak dapat SMS sama sekali Parah sekali ni apk",1,2026-07-26,21,Juli,negatif,untuk mendaftar saja sangat sulit padahal nomor saya aktif tetapi tidak dapat sms sama sekali parah sekali ni apk,untuk mendaftar saja sangat sulit padahal nomor saya aktif tetapi tidak dapat sms sama sekali parah sekali ini aplikasi,"['untuk', 'mendaftar', 'saja', 'sangat', 'sulit', 'padahal', 'nomor', 'saya', 'aktif', 'tetapi', 'tidak', 'dapat', 'sms', 'sama', 'sekali', 'parah', 'sekali', 'ini', 'aplikasi']","['mendaftar', 'sangat', 'sulit', 'padahal', 'nomor', 'aktif', 'tidak', 'sms', 'sama', 'sekali', 'parah', 'sekali', 'aplikasi']","['mendaftar', 'sangat', 'sulit', 'padahal', 'nomor', 'aktif', 'tidak', 'tidak_sms', 'sama', 'sekali', 'parah', 'sekali', 'aplikasi']","['daftar', 'sangat', 'sulit', 'padahal', 'nomor', 'aktif', 'tidak', 'tidak_sms', 'sama', 'sekali', 'parah', 'sekali', 'aplikasi']",daftar sangat sulit padahal nomor aktif tidak tidak_sms sama sekali parah sekali aplikasi
cf552293-3833-42be-83c6-0847eda06077,"captcha tidak muncul padahal lg perlu aplikasi jkn , jelek bgt padahal sinyal udah bagus , mau daftar faskes aja susah amat gara2 captcha ngeloading terus dr kemarin ! tolong ini solusinya gmna supaya captcha jkn muncul??",2,2026-08-08,5,Agustus,negatif,captcha tidak muncul padahal lg perlu aplikasi jkn jelek bgt padahal sinyal udah bagus mau daftar faskes aja susah amat gara2 captcha ngeloading terus dr kemarin tolong ini solusinya gmna supaya captcha jkn muncul,captcha tidak muncul padahal lagi perlu aplikasi jkn jelek sangat padahal sinyal sudah bagus mau daftar faskes saja susah amat gara-gara captcha memuat terus dari kemarin tolong ini solusinya bagaimana supaya captcha jkn muncul,"['captcha', 'tidak', 'muncul', 'padahal', 'lagi', 'perlu', 'aplikasi', 'jkn', 'jelek', 'sangat', 'padahal', 'sinyal', 'sudah', 'bagus', 'mau', 'daftar', 'faskes', 'saja', 'susah', 'amat', 'gara-gara', 'captcha', 'memuat', 'terus', 'dari', 'kemarin', 'tolong', 'ini', 'solusinya', 'bagaimana', 'supaya', 'captcha', 'jkn', 'muncul']","['captcha', 'tidak', 'muncul', 'padahal', 'perlu', 'aplikasi', 'jkn', 'jelek', 'sangat', 'padahal', 'sinyal', 'bagus', 'mau', 'daftar', 'faskes', 'susah', 'gara-gara', 'captcha', 'memuat', 'terus', 'kemarin', 'solusinya', 'bagaimana', 'captcha', 'jkn', 'muncul']","['captcha', 'tidak', 'tidak_muncul', 'padahal', 'perlu', 'aplikasi', 'jkn', 'jelek', 'sangat', 'padahal', 'sinyal', 'bagus', 'mau', 'daftar', 'faskes', 'susah', 'gara-gara', 'captcha', 'memuat', 'terus', 'kemarin', 'solusinya', 'bagaimana', 'captcha', 'jkn', 'muncul']","['captcha', 'tidak', 'tidak_muncul', 'padahal', 'perlu', 'aplikasi', 'jkn', 'jelek', 'sangat', 'padahal', 'sinyal', 'bagus', 'mau', 'daftar', 'faskes', 'susah', 'gara-gara', 'captcha', 'muat', 'terus', 'kemarin', 'solusi', 'bagaimana', 'captcha', 'jkn', 'muncul']",captcha tidak tidak_muncul padahal perlu aplikasi jkn jelek sangat padahal sinyal bagus mau daftar faskes susah gara-gara captcha muat terus kemarin solusi bagaimana captcha jkn muncul
cf688046-40d9-4750-bf06-c35352789d0b,bagus..... terimakasih bpjs.....,5,2026-08-07,18,Agustus,positif,bagus terimakasih bpjs,bagus terima kasih bpjs,"['bagus', 'terima', 'kasih', 'bpjs']","['bagus', 'terima', 'kasih', 'bpjs']","['bagus', 'terima', 'kasih', 'bpjs']","['bagus', 'terima', 'kasih', 'bpjs']",bagus terima kasih bpjs
cf72e175-175d-4ac5-98cd-9a3d0687688c,cepat,5,2026-07-09,18,Juli,positif,cepat,cepat,['cepat'],['cepat'],['cepat'],['cepat'],cepat
cfa60723-b543-4c85-aba1-c6df9a8fe70a,semoga lancar dan sehat Indonesia,5,2026-08-20,9,Agustus,netral,semoga lancar dan sehat indonesia,semoga lancar dan sehat indonesia,"['semoga', 'lancar', 'dan', 'sehat', 'indonesia']","['semoga', 'lancar', 'sehat', 'indonesia']","['semoga', 'lancar', 'sehat', 'indonesia']","['moga', 'lancar', 'sehat', 'indonesia']",moga lancar sehat indonesia
cfb87fd4-1184-468b-b944-36f71b4435ac,lumayan membantu,5,2026-07-08,18,Juli,positif,lumayan membantu,lumayan membantu,"['lumayan', 'membantu']","['lumayan', 'membantu']","['lumayan', 'membantu']","['lumayan', 'bantu']",lumayan bantu
cfc22a38-f625-4fcb-a974-9a1b824b9a99,sosialisasikan ke pengguna jkn oleh BPJS....,5,2026-08-07,9,Agustus,netral,sosialisasikan ke pengguna jkn oleh bpjs,sosialisasikan ke pengguna jkn oleh bpjs,"['sosialisasikan', 'ke', 'pengguna', 'jkn', 'oleh', 'bpjs']","['sosialisasikan', 'pengguna', 'jkn', 'bpjs']","['sosialisasikan', 'pengguna', 'jkn', 'bpjs']","['sosialisasi', 'guna', 'jkn', 'bpjs']",sosialisasi guna jkn bpjs
cfe92304-7587-4a46-87ca-a3fc4f423708,useeless,1,2026-07-05,15,Juli,negatif,useeless,tidak berguna,"['tidak', 'berguna']","['tidak', 'berguna']","['tidak', 'tidak_berguna']","['tidak', 'tidak_guna']",tidak tidak_guna
cff796b6-3c42-487a-b981-d94e9bf66520,"bukannya mempermudah malah sulit, verifikasi wajah susah,padahal sudah terang kondisi ruangan, verifikasi kode otp juga tidak dikirim ,padahal sudah standby di pesan masih tidak ada notif masuk,keburu meninggal orang yang sakit.",1,2026-07-18,7,Juli,negatif,bukannya mempermudah malah sulit verifikasi wajah susah padahal sudah terang kondisi ruangan verifikasi kode otp juga tidak dikirim padahal sudah standby di pesan masih tidak ada notif masuk keburu meninggal orang yang sakit,bukannya mempermudah malah sulit verifikasi wajah susah padahal sudah terang kondisi ruangan verifikasi kode otp juga tidak dikirim padahal sudah standby di pesan masih tidak ada notifikasi masuk keburu meninggal orang yang sakit,"['bukannya', 'mempermudah', 'malah', 'sulit', 'verifikasi', 'wajah', 'susah', 'padahal', 'sudah', 'terang', 'kondisi', 'ruangan', 'verifikasi', 'kode', 'otp', 'juga', 'tidak', 'dikirim', 'padahal', 'sudah', 'standby', 'di', 'pesan', 'masih', 'tidak', 'ada', 'notifikasi', 'masuk', 'keburu', 'meninggal', 'orang', 'yang', 'sakit']","['bukannya', 'mempermudah', 'malah', 'sulit', 'verifikasi', 'wajah', 'susah', 'padahal', 'terang', 'kondisi', 'ruangan', 'verifikasi', 'kode', 'otp', 'tidak', 'dikirim', 'padahal', 'standby', 'pesan', 'tidak', 'notifikasi', 'masuk', 'keburu', 'meninggal', 'orang', 'sakit']","['bukannya', 'mempermudah', 'malah', 'sulit', 'verifikasi', 'wajah', 'susah', 'padahal', 'terang', 'kondisi', 'ruangan', 'verifikasi', 'kode', 'otp', 'tidak', 'tidak_dikirim', 'padahal', 'standby', 'pesan', 'tidak', 'tidak_notifikasi', 'masuk', 'keburu', 'meninggal', 'orang', 'sakit']","['bukan', 'mudah', 'malah', 'sulit', 'verifikasi', 'wajah', 'susah', 'padahal', 'terang', 'kondisi', 'ruang', 'verifikasi', 'kode', 'otp', 'tidak', 'tidak_kirim', 'padahal', 'standby', 'pesan', 'tidak', 'tidak_notifikasi', 'masuk', 'keburu', 'tinggal', 'orang', 'sakit']",bukan mudah malah sulit verifikasi wajah susah padahal terang kondisi ruang verifikasi kode otp tidak tidak_kirim padahal standby pesan tidak tidak_notifikasi masuk keburu tinggal orang sakit
d0091b90-0a3e-4fef-bedb-e1bfe30b7c85,aplikasi ini sangat bagus sangan membantu untuk saya dan keluarga,5,2026-06-23,9,Juni,positif,aplikasi ini sangat bagus sangan membantu untuk saya dan keluarga,aplikasi ini sangat bagus sangat membantu untuk saya dan keluarga,"['aplikasi', 'ini', 'sangat', 'bagus', 'sangat', 'membantu', 'untuk', 'saya', 'dan', 'keluarga']","['aplikasi', 'sangat', 'bagus', 'sangat', 'membantu', 'keluarga']","['aplikasi', 'sangat', 'bagus', 'sangat', 'membantu', 'keluarga']","['aplikasi', 'sangat', 'bagus', 'sangat', 'bantu', 'keluarga']",aplikasi sangat bagus sangat bantu keluarga
d01b6e85-577a-4352-9b5a-3d744b2eee20,aplikasi gk jelas masa verif sms gk bisa2 sdh banyak percobaan padahal nomorku aktif,1,2026-07-08,9,Juli,negatif,aplikasi gk jelas masa verif sms gk bisa2 sdh banyak percobaan padahal nomorku aktif,aplikasi tidak jelas masa verifikasi sms tidak bisa sudah banyak percobaan padahal nomorku aktif,"['aplikasi', 'tidak', 'jelas', 'masa', 'verifikasi', 'sms', 'tidak', 'bisa', 'sudah', 'banyak', 'percobaan', 'padahal', 'nomorku', 'aktif']","['aplikasi', 'tidak', 'jelas', 'masa', 'verifikasi', 'sms', 'tidak', 'banyak', 'percobaan', 'padahal', 'nomorku', 'aktif']","['aplikasi', 'tidak', 'tidak_jelas', 'masa', 'verifikasi', 'sms', 'tidak', 'tidak_banyak', 'percobaan', 'padahal', 'nomorku', 'aktif']","['aplikasi', 'tidak', 'tidak_jelas', 'masa', 'verifikasi', 'sms', 'tidak', 'tidak_banyak', 'coba', 'padahal', 'nomor', 'aktif']",aplikasi tidak tidak_jelas masa verifikasi sms tidak tidak_banyak coba padahal nomor aktif
d050def3-e40a-4fe7-8e74-303cc4fd9fcc,baik,5,2026-07-21,15,Juli,positif,baik,baik,['baik'],['baik'],['baik'],['baik'],baik
d09e0e5e-0589-498c-bf18-3f45243300f6,tidak kompatibel dengan perangkat saya,1,2026-07-12,14,Juli,negatif,tidak kompatibel dengan perangkat saya,tidak kompatibel dengan perangkat saya,"['tidak', 'kompatibel', 'dengan', 'perangkat', 'saya']","['tidak', 'kompatibel', 'perangkat']","['tidak', 'tidak_kompatibel', 'perangkat']","['tidak', 'tidak_kompatibel', 'perangkat']",tidak tidak_kompatibel perangkat
d0c764a3-7f9c-4669-833c-b6ae58534eb5,sangat memuaskan,5,2026-06-14,11,Juni,positif,sangat memuaskan,sangat memuaskan,"['sangat', 'memuaskan']","['sangat', 'memuaskan']","['sangat', 'memuaskan']","['sangat', 'muas']",sangat muas
d0df4c78-fa64-464b-a474-1aa65de6556a,dibantu daftar oleh puskesmas Leuwiliang,5,2026-06-20,10,Juni,netral,dibantu daftar oleh puskesmas leuwiliang,dibantu daftar oleh puskesmas leuwiliang,"['dibantu', 'daftar', 'oleh', 'puskesmas', 'leuwiliang']","['dibantu', 'daftar', 'puskesmas', 'leuwiliang']","['dibantu', 'daftar', 'puskesmas', 'leuwiliang']","['bantu', 'daftar', 'puskesmas', 'leuwiliang']",bantu daftar puskesmas leuwiliang
d0e7ad1a-a04e-4eb8-a227-4efd6cc04ab4,padahal hp tidak keadaan di root kenapa gk bisa di buka?,2,2026-07-10,16,Juli,negatif,padahal hp tidak keadaan di root kenapa gk bisa di buka,padahal ponsel tidak keadaan di root kenapa tidak bisa dibuka,"['padahal', 'ponsel', 'tidak', 'keadaan', 'di', 'root', 'kenapa', 'tidak', 'bisa', 'dibuka']","['padahal', 'ponsel', 'tidak', 'keadaan', 'root', 'tidak', 'dibuka']","['padahal', 'ponsel', 'tidak', 'tidak_keadaan', 'root', 'tidak', 'tidak_dibuka']","['padahal', 'ponsel', 'tidak', 'tidak_ada', 'root', 'tidak', 'tidak_buka']",padahal ponsel tidak tidak_ada root tidak tidak_buka
d0f0a55b-6e75-4d65-bba8-84b88e75dbda,bagus sangat membantu,5,2026-07-25,19,Juli,positif,bagus sangat membantu,bagus sangat membantu,"['bagus', 'sangat', 'membantu']","['bagus', 'sangat', 'membantu']","['bagus', 'sangat', 'membantu']","['bagus', 'sangat', 'bantu']",bagus sangat bantu
d0fee5e8-5bd5-4e98-9f58-6a1d93e2a1ac,"Sangat bagus, cukup membantu dan sangat gampang di gunakan.",5,2026-07-14,11,Juli,positif,sangat bagus cukup membantu dan sangat gampang di gunakan,sangat bagus cukup membantu dan sangat mudah digunakan,"['sangat', 'bagus', 'cukup', 'membantu', 'dan', 'sangat', 'mudah', 'digunakan']","['sangat', 'bagus', 'cukup', 'membantu', 'sangat', 'mudah', 'digunakan']","['sangat', 'bagus', 'cukup', 'membantu', 'sangat', 'mudah', 'digunakan']","['sangat', 'bagus', 'cukup', 'bantu', 'sangat', 'mudah', 'guna']",sangat bagus cukup bantu sangat mudah guna
d15047c0-ab53-45b4-9734-7f6f47bdd525,"mending gak usah buat apk ,kalau nyusahin aja. masa kode otp gk masuk².udah coba ganti² nomer. kopett",1,2026-06-08,17,Juni,negatif,mending gak usah buat apk kalau nyusahin aja masa kode otp gk masuk2 udah coba ganti2 nomer kopett,lebih baik tidak usah buat aplikasi kalau menyusahkan saja masa kode otp tidak masuk sudah coba berganti-ganti nomor buruk,"['lebih', 'baik', 'tidak', 'usah', 'buat', 'aplikasi', 'kalau', 'menyusahkan', 'saja', 'masa', 'kode', 'otp', 'tidak', 'masuk', 'sudah', 'coba', 'berganti-ganti', 'nomor', 'buruk']","['lebih', 'baik', 'tidak', 'usah', 'buat', 'aplikasi', 'kalau', 'menyusahkan', 'masa', 'kode', 'otp', 'tidak', 'masuk', 'coba', 'berganti-ganti', 'nomor', 'buruk']","['lebih', 'baik', 'tidak', 'tidak_usah', 'buat', 'aplikasi', 'kalau', 'menyusahkan', 'masa', 'kode', 'otp', 'tidak', 'tidak_masuk', 'coba', 'berganti-ganti', 'nomor', 'buruk']","['lebih', 'baik', 'tidak', 'tidak_usah', 'buat', 'aplikasi', 'kalau', 'susah', 'masa', 'kode', 'otp', 'tidak', 'tidak_masuk', 'coba', 'ganti', 'nomor', 'buruk']",lebih baik tidak tidak_usah buat aplikasi kalau susah masa kode otp tidak tidak_masuk coba ganti nomor buruk
d18237ad-8a10-4a88-9efe-ffddb005fa59,mohon info bgmna menambahkan anak ke 4?,5,2026-07-29,4,Juli,netral,mohon info bgmna menambahkan anak ke 4,mohon info bagaimana menambahkan anak ke 4,"['mohon', 'info', 'bagaimana', 'menambahkan', 'anak', 'ke', '4']","['mohon', 'info', 'bagaimana', 'menambahkan', 'anak', '4']","['mohon', 'info', 'bagaimana', 'menambahkan', 'anak', '4']","['mohon', 'info', 'bagaimana', 'tambah', 'anak', '4']",mohon info bagaimana tambah anak 4
d188db7a-96af-4c06-845b-9d92bd82987d,"APLIKASI MACAM APA INI! MAU GANTI AUTODEBIT DARI BRI KE BCA ATAU MANDIRI NGGK BISA, OTP AJA NGGAK KE KIRIM, MAU BALIK KE BRI LAGI EH BILANG SURUH MENYELESAIKAN AUTODEBIT DULU, PAS DAFTAR ULANG PAKAI BRI MALAH DI KASIH PERINGATAN KALAU SUDAH TERDAFTAR DAN HANYA ADA OPSI ""KEMBALI"" TETAPI TIDAK KEMBALI KE MENU UTAMA MALAH TETAP STUCK DI TAMPILAN INPUT OTP?! BENAR BENAR MENYUSAHKAN RAKYAT!",1,2026-06-17,6,Juni,negatif,aplikasi macam apa ini mau ganti autodebit dari bri ke bca atau mandiri nggk bisa otp aja nggak ke kirim mau balik ke bri lagi eh bilang suruh menyelesaikan autodebit dulu pas daftar ulang pakai bri malah di kasih peringatan kalau sudah terdaftar dan hanya ada opsi kembali tetapi tidak kembali ke menu utama malah tetap stuck di tampilan input otp benar benar menyusahkan rakyat,aplikasi macam apa ini mau ganti autodebit dari bri ke bca atau mandiri tidak bisa otp saja tidak ke kirim mau balik ke bri lagi eh bilang menyuruh menyelesaikan autodebit dulu pas daftar ulang pakai bri malah diberi peringatan kalau sudah terdaftar dan hanya ada opsi kembali tetapi tidak kembali ke menu utama malah tetap terhenti di tampilan input otp benar benar menyusahkan rakyat,"['aplikasi', 'macam', 'apa', 'ini', 'mau', 'ganti', 'autodebit', 'dari', 'bri', 'ke', 'bca', 'atau', 'mandiri', 'tidak', 'bisa', 'otp', 'saja', 'tidak', 'ke', 'kirim', 'mau', 'balik', 'ke', 'bri', 'lagi', 'eh', 'bilang', 'menyuruh', 'menyelesaikan', 'autodebit', 'dulu', 'pas', 'daftar', 'ulang', 'pakai', 'bri', 'malah', 'diberi', 'peringatan', 'kalau', 'sudah', 'terdaftar', 'dan', 'hanya', 'ada', 'opsi', 'kembali', 'tetapi', 'tidak', 'kembali', 'ke', 'menu', 'utama', 'malah', 'tetap', 'terhenti', 'di', 'tampilan', 'input', 'otp', 'benar', 'benar', 'menyusahkan', 'rakyat']","['aplikasi', 'macam', 'apa', 'mau', 'ganti', 'autodebit', 'bri', 'bca', 'mandiri', 'tidak', 'otp', 'tidak', 'kirim', 'mau', 'balik', 'bri', 'eh', 'bilang', 'menyuruh', 'menyelesaikan', 'autodebit', 'dulu', 'pas', 'daftar', 'ulang', 'pakai', 'bri', 'malah', 'diberi', 'peringatan', 'kalau', 'terdaftar', 'opsi', 'tidak', 'menu', 'utama', 'malah', 'tetap', 'terhenti', 'tampilan', 'input', 'otp', 'benar', 'benar', 'menyusahkan', 'rakyat']","['aplikasi', 'macam', 'apa', 'mau', 'ganti', 'autodebit', 'bri', 'bca', 'mandiri', 'tidak', 'tidak_otp', 'tidak', 'tidak_kirim', 'mau', 'balik', 'bri', 'eh', 'bilang', 'menyuruh', 'menyelesaikan', 'autodebit', 'dulu', 'pas', 'daftar', 'ulang', 'pakai', 'bri', 'malah', 'diberi', 'peringatan', 'kalau', 'terdaftar', 'opsi', 'tidak', 'tidak_menu', 'utama', 'malah', 'tetap', 'terhenti', 'tampilan', 'input', 'otp', 'benar', 'benar', 'menyusahkan', 'rakyat']","['aplikasi', 'macam', 'apa', 'mau', 'ganti', 'autodebit', 'bri', 'bca', 'mandiri', 'tidak', 'tidak_otp', 'tidak', 'tidak_kirim', 'mau', 'balik', 'bri', 'eh', 'bilang', 'suruh', 'selesai', 'autodebit', 'dulu', 'pas', 'daftar', 'ulang', 'pakai', 'bri', 'malah', 'beri', 'ingat', 'kalau', 'daftar', 'opsi', 'tidak', 'tidak_menu', 'utama', 'malah', 'tetap', 'henti', 'tampil', 'input', 'otp', 'benar', 'benar', 'susah', 'rakyat']",aplikasi macam apa mau ganti autodebit bri bca mandiri tidak tidak_otp tidak tidak_kirim mau balik bri eh bilang suruh selesai autodebit dulu pas daftar ulang pakai bri malah beri ingat kalau daftar opsi tidak tidak_menu utama malah tetap henti tampil input otp benar benar susah rakyat
d18d9695-1bb6-425e-9359-c2864cb161ff,Tidak bisa login padahal password dan captcha sudah benar 👎🏼,1,2026-06-04,9,Juni,negatif,tidak bisa login padahal password dan captcha sudah benar,tidak bisa login padahal kata sandi dan captcha sudah benar,"['tidak', 'bisa', 'login', 'padahal', 'kata', 'sandi', 'dan', 'captcha', 'sudah', 'benar']","['tidak', 'login', 'padahal', 'kata', 'sandi', 'captcha', 'benar']","['tidak', 'tidak_login', 'padahal', 'kata', 'sandi', 'captcha', 'benar']","['tidak', 'tidak_login', 'padahal', 'kata', 'sandi', 'captcha', 'benar']",tidak tidak_login padahal kata sandi captcha benar
d1926140-6b4a-4388-a104-3d93a029cfb7,Alhamdulillah,5,2026-08-11,10,Agustus,netral,alhamdulillah,alhamdulillah,['alhamdulillah'],['alhamdulillah'],['alhamdulillah'],['alhamdulillah'],alhamdulillah
d1f35d61-0f25-4ab7-8756-8db9bdbd2d6f,pelayanan cepat,5,2026-06-21,19,Juni,positif,pelayanan cepat,pelayanan cepat,"['pelayanan', 'cepat']","['pelayanan', 'cepat']","['pelayanan', 'cepat']","['layan', 'cepat']",layan cepat
d20b5dbf-66bc-4f85-b6cb-327207c47cb7,sangat membantu..terutama pada saat pendaftaran.. bisa online lewat aplikasi JKN.. mantabb👍,5,2026-08-22,14,Agustus,positif,sangat membantu terutama pada saat pendaftaran bisa online lewat aplikasi jkn mantabb,sangat membantu terutama pada saat pendaftaran bisa daring lewat aplikasi jkn mantap,"['sangat', 'membantu', 'terutama', 'pada', 'saat', 'pendaftaran', 'bisa', 'daring', 'lewat', 'aplikasi', 'jkn', 'mantap']","['sangat', 'membantu', 'terutama', 'pendaftaran', 'daring', 'lewat', 'aplikasi', 'jkn', 'mantap']","['sangat', 'membantu', 'terutama', 'pendaftaran', 'daring', 'lewat', 'aplikasi', 'jkn', 'mantap']","['sangat', 'bantu', 'utama', 'daftar', 'daring', 'lewat', 'aplikasi', 'jkn', 'mantap']",sangat bantu utama daftar daring lewat aplikasi jkn mantap
d22601cc-8cde-4bdf-a68d-fc811bbbb9cc,bagus,5,2026-06-19,12,Juni,positif,bagus,bagus,['bagus'],['bagus'],['bagus'],['bagus'],bagus
d2357e11-881b-4540-a779-be4498a35118,sangat puas,5,2026-08-27,17,Agustus,positif,sangat puas,sangat puas,"['sangat', 'puas']","['sangat', 'puas']","['sangat', 'puas']","['sangat', 'puas']",sangat puas
d272e40a-ad20-4be5-a8a1-3fdbe43b66ee,Tolong berikan kemudahan lansia dalam melakukan pendaftaran pengobatan di Rumah Sakit,5,2026-06-29,6,Juni,netral,tolong berikan kemudahan lansia dalam melakukan pendaftaran pengobatan di rumah sakit,tolong berikan kemudahan lansia dalam melakukan pendaftaran pengobatan di rumah sakit,"['tolong', 'berikan', 'kemudahan', 'lansia', 'dalam', 'melakukan', 'pendaftaran', 'pengobatan', 'di', 'rumah', 'sakit']","['berikan', 'kemudahan', 'lansia', 'melakukan', 'pendaftaran', 'pengobatan', 'rumah', 'sakit']","['berikan', 'kemudahan', 'lansia', 'melakukan', 'pendaftaran', 'pengobatan', 'rumah', 'sakit']","['ikan', 'mudah', 'lansia', 'laku', 'daftar', 'obat', 'rumah', 'sakit']",ikan mudah lansia laku daftar obat rumah sakit
d2a52145-9f74-47a8-840f-5f8ab3f41e92,aplikasi paling sulit untuk daftar/ login.. hedeh weleh weleh,2,2026-06-15,7,Juni,negatif,aplikasi paling sulit untuk daftar login hedeh weleh weleh,aplikasi paling sulit untuk daftar login aduh weleh weleh,"['aplikasi', 'paling', 'sulit', 'untuk', 'daftar', 'login', 'aduh', 'weleh', 'weleh']","['aplikasi', 'paling', 'sulit', 'daftar', 'login', 'aduh', 'weleh', 'weleh']","['aplikasi', 'paling', 'sulit', 'daftar', 'login', 'aduh', 'weleh', 'weleh']","['aplikasi', 'paling', 'sulit', 'daftar', 'login', 'aduh', 'weh', 'weh']",aplikasi paling sulit daftar login aduh weh weh
d2c85930-619d-40ab-ade9-7ba4a718455c,baik,5,2026-07-06,16,Juli,positif,baik,baik,['baik'],['baik'],['baik'],['baik'],baik
d2e4e05f-e002-413c-a313-64e9b7cb9d15,sangat lancar,5,2026-07-09,9,Juli,positif,sangat lancar,sangat lancar,"['sangat', 'lancar']","['sangat', 'lancar']","['sangat', 'lancar']","['sangat', 'lancar']",sangat lancar
d33f1ff4-72be-414e-a48a-8fcafd4b758f,dengan adanya Aplikasi ini memudahkan kita dalam urusan pendataan,5,2026-07-06,8,Juli,positif,dengan adanya aplikasi ini memudahkan kita dalam urusan pendataan,dengan adanya aplikasi ini memudahkan kita dalam urusan pendataan,"['dengan', 'adanya', 'aplikasi', 'ini', 'memudahkan', 'kita', 'dalam', 'urusan', 'pendataan']","['adanya', 'aplikasi', 'memudahkan', 'urusan', 'pendataan']","['adanya', 'aplikasi', 'memudahkan', 'urusan', 'pendataan']","['ada', 'aplikasi', 'mudah', 'urus', 'data']",ada aplikasi mudah urus data
d3447652-a727-4d40-9cf7-e7f76cc405a9,gimana nih aplikasinya screnning gak bisa bisa ckckckck mau simpan cuma muncul notif USP_CALL_WS_CLP di database DBMOBILE,2,2026-07-06,16,Juli,negatif,gimana nih aplikasinya screnning gak bisa bisa ckckckck mau simpan cuma muncul notif usp call ws clp di database dbmobile,bagaimana ini aplikasinya skrining tidak bisa ckckckck mau simpan hanya muncul notifikasi usp call ws clp di database dbmobile,"['bagaimana', 'ini', 'aplikasinya', 'skrining', 'tidak', 'bisa', 'ckckckck', 'mau', 'simpan', 'hanya', 'muncul', 'notifikasi', 'usp', 'call', 'ws', 'clp', 'di', 'database', 'dbmobile']","['bagaimana', 'aplikasinya', 'skrining', 'tidak', 'ckckckck', 'mau', 'simpan', 'muncul', 'notifikasi', 'usp', 'call', 'ws', 'clp', 'database', 'dbmobile']","['bagaimana', 'aplikasinya', 'skrining', 'tidak', 'tidak_ckckckck', 'mau', 'simpan', 'muncul', 'notifikasi', 'usp', 'call', 'ws', 'clp', 'database', 'dbmobile']","['bagaimana', 'aplikasi', 'skrining', 'tidak', 'tidak_ckckckck', 'mau', 'simpan', 'muncul', 'notifikasi', 'usp', 'call', 'ws', 'clp', 'database', 'dbmobile']",bagaimana aplikasi skrining tidak tidak_ckckckck mau simpan muncul notifikasi usp call ws clp database dbmobile
d41ac293-05f1-4024-bbef-29d9ef521174,solusi terbaik,5,2026-07-17,12,Juli,positif,solusi terbaik,solusi terbaik,"['solusi', 'terbaik']","['solusi', 'terbaik']","['solusi', 'terbaik']","['solusi', 'baik']",solusi baik
d4bbae43-09d6-4c44-8c3b-dd1801bc819c,ini ko pake verifikasi muka ya buat daftar akun JKN doang?,1,2026-06-04,3,Juni,netral,ini ko pake verifikasi muka ya buat daftar akun jkn doang,ini kok pakai verifikasi muka ya buat daftar akun jkn saja,"['ini', 'kok', 'pakai', 'verifikasi', 'muka', 'ya', 'buat', 'daftar', 'akun', 'jkn', 'saja']","['kok', 'pakai', 'verifikasi', 'muka', 'buat', 'daftar', 'akun', 'jkn']","['kok', 'pakai', 'verifikasi', 'muka', 'buat', 'daftar', 'akun', 'jkn']","['kok', 'pakai', 'verifikasi', 'muka', 'buat', 'daftar', 'akun', 'jkn']",kok pakai verifikasi muka buat daftar akun jkn
d52158c9-2cd3-4cff-8645-37b6473b7b60,terbaik,5,2026-06-11,12,Juni,positif,terbaik,terbaik,['terbaik'],['terbaik'],['terbaik'],['baik'],baik
d542d899-194f-43dd-9e61-f67b6e29fce0,setiap mau daftar selalu penuh nnti masuk ke apk ulang malah jadwal belum ada gimana sih ?!!!,1,2026-07-02,17,Juli,negatif,setiap mau daftar selalu penuh nnti masuk ke apk ulang malah jadwal belum ada gimana sih,setiap mau daftar selalu penuh nanti masuk ke aplikasi ulang malah jadwal belum ada bagaimana sih,"['setiap', 'mau', 'daftar', 'selalu', 'penuh', 'nanti', 'masuk', 'ke', 'aplikasi', 'ulang', 'malah', 'jadwal', 'belum', 'ada', 'bagaimana', 'sih']","['mau', 'daftar', 'selalu', 'penuh', 'masuk', 'aplikasi', 'ulang', 'malah', 'jadwal', 'bagaimana', 'sih']","['mau', 'daftar', 'selalu', 'penuh', 'masuk', 'aplikasi', 'ulang', 'malah', 'jadwal', 'bagaimana', 'sih']","['mau', 'daftar', 'selalu', 'penuh', 'masuk', 'aplikasi', 'ulang', 'malah', 'jadwal', 'bagaimana', 'sih']",mau daftar selalu penuh masuk aplikasi ulang malah jadwal bagaimana sih
d55bbe98-7763-4edc-9138-8306669a4605,sangat membantu,5,2026-08-08,16,Agustus,positif,sangat membantu,sangat membantu,"['sangat', 'membantu']","['sangat', 'membantu']","['sangat', 'membantu']","['sangat', 'bantu']",sangat bantu
d5717cb8-5ed3-43e1-bf5f-1e61674dd8a6,baru mau coba apakah bagus,3,2026-07-06,8,Juli,netral,baru mau coba apakah bagus,baru mau coba apakah bagus,"['baru', 'mau', 'coba', 'apakah', 'bagus']","['baru', 'mau', 'coba', 'bagus']","['baru', 'mau', 'coba', 'bagus']","['baru', 'mau', 'coba', 'bagus']",baru mau coba bagus
d576b93c-2273-4820-95fc-cefbad49505f,Semoga Keluarga saya dalam keadaan sehat semua Amin,5,2026-07-20,8,Juli,netral,semoga keluarga saya dalam keadaan sehat semua amin,semoga keluarga saya dalam keadaan sehat semua amin,"['semoga', 'keluarga', 'saya', 'dalam', 'keadaan', 'sehat', 'semua', 'amin']","['semoga', 'keluarga', 'keadaan', 'sehat', 'semua', 'amin']","['semoga', 'keluarga', 'keadaan', 'sehat', 'semua', 'amin']","['moga', 'keluarga', 'ada', 'sehat', 'semua', 'amin']",moga keluarga ada sehat semua amin
d59ea77a-ed57-4ee1-a45c-da4a076ad439,"uang yg diutamakan,bukan kesembuhan",1,2026-06-13,13,Juni,negatif,uang yg diutamakan bukan kesembuhan,uang yang diutamakan bukan kesembuhan,"['uang', 'yang', 'diutamakan', 'bukan', 'kesembuhan']","['uang', 'diutamakan', 'bukan', 'kesembuhan']","['uang', 'diutamakan', 'bukan', 'kesembuhan']","['uang', 'utama', 'bukan', 'sembuh']",uang utama bukan sembuh
d5da940f-e807-4107-aa61-446a46efe803,Jos jiss,5,2026-06-06,10,Juni,positif,jos jiss,bagus bagus,"['bagus', 'bagus']","['bagus', 'bagus']","['bagus', 'bagus']","['bagus', 'bagus']",bagus bagus
d62b5c30-6d6b-4fcc-b407-4904776a2cfb,"Bukannya mempermudah, tapi mempersulit. Kode otp via SMS tidak masuk masuk! sudah isi pulsa ttp gak masuk kodenya!",1,2026-06-04,5,Juni,negatif,bukannya mempermudah tapi mempersulit kode otp via sms tidak masuk masuk sudah isi pulsa ttp gak masuk kodenya,bukannya mempermudah tapi mempersulit kode otp via sms tidak masuk sudah isi pulsa tetap tidak masuk kodenya,"['bukannya', 'mempermudah', 'tapi', 'mempersulit', 'kode', 'otp', 'via', 'sms', 'tidak', 'masuk', 'sudah', 'isi', 'pulsa', 'tetap', 'tidak', 'masuk', 'kodenya']","['bukannya', 'mempermudah', 'mempersulit', 'kode', 'otp', 'via', 'sms', 'tidak', 'masuk', 'isi', 'pulsa', 'tetap', 'tidak', 'masuk', 'kodenya']","['bukannya', 'mempermudah', 'mempersulit', 'kode', 'otp', 'via', 'sms', 'tidak', 'tidak_masuk', 'isi', 'pulsa', 'tetap', 'tidak', 'tidak_masuk', 'kodenya']","['bukan', 'mudah', 'sulit', 'kode', 'otp', 'via', 'sms', 'tidak', 'tidak_masuk', 'isi', 'pulsa', 'tetap', 'tidak', 'tidak_masuk', 'kode']",bukan mudah sulit kode otp via sms tidak tidak_masuk isi pulsa tetap tidak tidak_masuk kode
d6368cd9-9f87-405b-a2a8-d46b028b81db,good,5,2026-06-29,10,Juni,positif,good,bagus,['bagus'],['bagus'],['bagus'],['bagus'],bagus
d64c79d7-13aa-4cc3-957c-8132ed1f3b85,lancar tanpa kendala,5,2026-07-16,7,Juli,positif,lancar tanpa kendala,lancar tanpa kendala,"['lancar', 'tanpa', 'kendala']","['lancar', 'kendala']","['lancar', 'kendala']","['lancar', 'kendala']",lancar kendala
d65b8cc9-ca2f-4c1e-9497-770e22d29245,"sumpah ini apk mempersulit ,banyak orang yg tidak tertolong karena apk ini",1,2026-06-02,8,Juni,negatif,sumpah ini apk mempersulit banyak orang yg tidak tertolong karena apk ini,sumpah ini aplikasi mempersulit banyak orang yang tidak tertolong karena aplikasi ini,"['sumpah', 'ini', 'aplikasi', 'mempersulit', 'banyak', 'orang', 'yang', 'tidak', 'tertolong', 'karena', 'aplikasi', 'ini']","['sumpah', 'aplikasi', 'mempersulit', 'banyak', 'orang', 'tidak', 'tertolong', 'aplikasi']","['sumpah', 'aplikasi', 'mempersulit', 'banyak', 'orang', 'tidak', 'tidak_tertolong', 'aplikasi']","['sumpah', 'aplikasi', 'sulit', 'banyak', 'orang', 'tidak', 'tidak_tolong', 'aplikasi']",sumpah aplikasi sulit banyak orang tidak tidak_tolong aplikasi
d6fd3ae8-c6a6-4952-a326-719c79c406aa,"gila siapa yg buat ni aplikasi kacau bet servernya, login susah, ambil antrean susah, blm lagi lemotnya hadehhh, ni yg buat sape sih,perasaan kawan"" ku buat aplikasi kgk selemot ini",1,2026-08-04,10,Agustus,negatif,gila siapa yg buat ni aplikasi kacau bet servernya login susah ambil antrean susah blm lagi lemotnya hadehhh ni yg buat sape sih perasaan kawan ku buat aplikasi kgk selemot ini,gila siapa yang buat ini aplikasi kacau sangat servernya login susah ambil antrean susah belum lagi lambatnya aduh ini yang buat siapa sih perasaan kawan saya buat aplikasi tidak selambat ini,"['gila', 'siapa', 'yang', 'buat', 'ini', 'aplikasi', 'kacau', 'sangat', 'servernya', 'login', 'susah', 'ambil', 'antrean', 'susah', 'belum', 'lagi', 'lambatnya', 'aduh', 'ini', 'yang', 'buat', 'siapa', 'sih', 'perasaan', 'kawan', 'saya', 'buat', 'aplikasi', 'tidak', 'selambat', 'ini']","['gila', 'siapa', 'buat', 'aplikasi', 'kacau', 'sangat', 'servernya', 'login', 'susah', 'ambil', 'antrean', 'susah', 'lambatnya', 'aduh', 'buat', 'siapa', 'sih', 'perasaan', 'kawan', 'buat', 'aplikasi', 'tidak', 'selambat']","['gila', 'siapa', 'buat', 'aplikasi', 'kacau', 'sangat', 'servernya', 'login', 'susah', 'ambil', 'antrean', 'susah', 'lambatnya', 'aduh', 'buat', 'siapa', 'sih', 'perasaan', 'kawan', 'buat', 'aplikasi', 'tidak', 'tidak_selambat']","['gila', 'siapa', 'buat', 'aplikasi', 'kacau', 'sangat', 'servernya', 'login', 'susah', 'ambil', 'antre', 'susah', 'lambat', 'aduh', 'buat', 'siapa', 'sih', 'asa', 'kawan', 'buat', 'aplikasi', 'tidak', 'tidak_lambat']",gila siapa buat aplikasi kacau sangat servernya login susah ambil antre susah lambat aduh buat siapa sih asa kawan buat aplikasi tidak tidak_lambat
d714b7b1-0c51-4234-b47d-98330dafb60f,aplikasi nya bagus,5,2026-08-28,5,Agustus,positif,aplikasi nya bagus,aplikasi nya bagus,"['aplikasi', 'nya', 'bagus']","['aplikasi', 'bagus']","['aplikasi', 'bagus']","['aplikasi', 'bagus']",aplikasi bagus
d757658c-f2c2-4f2d-92d5-197676d5d4e6,Tolong lah buat pencipta aplikasi jangan susahkan kami orang yang tidak berpunya.. Kami sudah berusaha beli hp biar bisa pake jkn .. tapi baru di pake bbrpa bulan di persulit lagi .. Aplikasinya sudah tidak bisa di pake di perangkat hp nya .. Tolong jangan persulit kami orang yang membutuhkan dan tidak mampu beli hp yang tipe androidnya tinggi,5,2026-06-30,21,Juni,negatif,tolong lah buat pencipta aplikasi jangan susahkan kami orang yang tidak berpunya kami sudah berusaha beli hp biar bisa pake jkn tapi baru di pake bbrpa bulan di persulit lagi aplikasinya sudah tidak bisa di pake di perangkat hp nya tolong jangan persulit kami orang yang membutuhkan dan tidak mampu beli hp yang tipe androidnya tinggi,tolong lah buat pencipta aplikasi jangan menyusahkan kami orang yang tidak berpunya kami sudah berusaha beli ponsel agar bisa pakai jkn tapi baru dipakai beberapa bulan dipersulit lagi aplikasinya sudah tidak bisa dipakai di perangkat ponsel nya tolong jangan persulit kami orang yang membutuhkan dan tidak mampu beli ponsel yang tipe androidnya tinggi,"['tolong', 'lah', 'buat', 'pencipta', 'aplikasi', 'jangan', 'menyusahkan', 'kami', 'orang', 'yang', 'tidak', 'berpunya', 'kami', 'sudah', 'berusaha', 'beli', 'ponsel', 'agar', 'bisa', 'pakai', 'jkn', 'tapi', 'baru', 'dipakai', 'beberapa', 'bulan', 'dipersulit', 'lagi', 'aplikasinya', 'sudah', 'tidak', 'bisa', 'dipakai', 'di', 'perangkat', 'ponsel', 'nya', 'tolong', 'jangan', 'persulit', 'kami', 'orang', 'yang', 'membutuhkan', 'dan', 'tidak', 'mampu', 'beli', 'ponsel', 'yang', 'tipe', 'androidnya', 'tinggi']","['lah', 'buat', 'pencipta', 'aplikasi', 'jangan', 'menyusahkan', 'orang', 'tidak', 'berpunya', 'berusaha', 'beli', 'ponsel', 'pakai', 'jkn', 'baru', 'dipakai', 'beberapa', 'bulan', 'dipersulit', 'aplikasinya', 'tidak', 'dipakai', 'perangkat', 'ponsel', 'jangan', 'persulit', 'orang', 'membutuhkan', 'tidak', 'mampu', 'beli', 'ponsel', 'tipe', 'androidnya', 'tinggi']","['lah', 'buat', 'pencipta', 'aplikasi', 'jangan', 'menyusahkan', 'orang', 'tidak', 'tidak_berpunya', 'berusaha', 'beli', 'ponsel', 'pakai', 'jkn', 'baru', 'dipakai', 'beberapa', 'bulan', 'dipersulit', 'aplikasinya', 'tidak', 'tidak_dipakai', 'perangkat', 'ponsel', 'jangan', 'persulit', 'orang', 'membutuhkan', 'tidak', 'tidak_mampu', 'beli', 'ponsel', 'tipe', 'androidnya', 'tinggi']","['lah', 'buat', 'cipta', 'aplikasi', 'jangan', 'susah', 'orang', 'tidak', 'tidak_punya', 'usaha', 'beli', 'ponsel', 'pakai', 'jkn', 'baru', 'pakai', 'beberapa', 'bulan', 'sulit', 'aplikasi', 'tidak', 'tidak_pakai', 'perangkat', 'ponsel', 'jangan', 'sulit', 'orang', 'butuh', 'tidak', 'tidak_mampu', 'beli', 'ponsel', 'tipe', 'androidnya', 'tinggi']",lah buat cipta aplikasi jangan susah orang tidak tidak_punya usaha beli ponsel pakai jkn baru pakai beberapa bulan sulit aplikasi tidak tidak_pakai perangkat ponsel jangan sulit orang butuh tidak tidak_mampu beli ponsel tipe androidnya tinggi
d76f0fec-1e94-4f51-b9ac-bdd605ebc8f1,sangat bagus,5,2026-06-12,8,Juni,positif,sangat bagus,sangat bagus,"['sangat', 'bagus']","['sangat', 'bagus']","['sangat', 'bagus']","['sangat', 'bagus']",sangat bagus
d82eced2-0116-4795-a2f5-b0b082057f7a,Terlalu ribet,1,2026-06-29,8,Juni,negatif,terlalu ribet,terlalu rumit,"['terlalu', 'rumit']","['terlalu', 'rumit']","['terlalu', 'rumit']","['terlalu', 'rumit']",terlalu rumit
d83da68c-beac-4c50-a642-5b12d87fce8d,aku dulu ada BPJS kesehatan tapi membayar.aku. TDK sanggup membayar akhir nya tidak kubayar mungkin mati tidak aktif,1,2026-06-03,16,Juni,netral,aku dulu ada bpjs kesehatan tapi membayar aku tdk sanggup membayar akhir nya tidak kubayar mungkin mati tidak aktif,aku dulu ada bpjs kesehatan tapi membayar aku tidak sanggup membayar akhir nya tidak kubayar mungkin mati tidak aktif,"['aku', 'dulu', 'ada', 'bpjs', 'kesehatan', 'tapi', 'membayar', 'aku', 'tidak', 'sanggup', 'membayar', 'akhir', 'nya', 'tidak', 'kubayar', 'mungkin', 'mati', 'tidak', 'aktif']","['aku', 'dulu', 'bpjs', 'kesehatan', 'membayar', 'aku', 'tidak', 'sanggup', 'membayar', 'akhir', 'tidak', 'kubayar', 'mungkin', 'mati', 'tidak', 'aktif']","['aku', 'dulu', 'bpjs', 'kesehatan', 'membayar', 'aku', 'tidak', 'tidak_sanggup', 'membayar', 'akhir', 'tidak', 'tidak_kubayar', 'mungkin', 'mati', 'tidak', 'tidak_aktif']","['aku', 'dulu', 'bpjs', 'sehat', 'bayar', 'aku', 'tidak', 'tidak_sanggup', 'bayar', 'akhir', 'tidak', 'tidak_bayar', 'mungkin', 'mati', 'tidak', 'tidak_aktif']",aku dulu bpjs sehat bayar aku tidak tidak_sanggup bayar akhir tidak tidak_bayar mungkin mati tidak tidak_aktif
d8541d9c-a984-402d-83ac-c40a780b922e,selalu di tingkatkan,5,2026-06-03,9,Juni,netral,selalu di tingkatkan,selalu di tingkatkan,"['selalu', 'di', 'tingkatkan']","['selalu', 'tingkatkan']","['selalu', 'tingkatkan']","['selalu', 'tingkat']",selalu tingkat
d85c75ce-c179-43ea-a326-b1c9300d5138,tolong dong JKN fitur ny tolong mudahkan,4,2026-07-06,10,Juli,netral,tolong dong jkn fitur ny tolong mudahkan,tolong dong jkn fitur nya tolong mudahkan,"['tolong', 'dong', 'jkn', 'fitur', 'nya', 'tolong', 'mudahkan']","['dong', 'jkn', 'fitur', 'mudahkan']","['dong', 'jkn', 'fitur', 'mudahkan']","['dong', 'jkn', 'fitur', 'mudah']",dong jkn fitur mudah
d870180c-c934-4fe0-98d5-0b033691b7a6,aplikasi rusak,1,2026-07-21,11,Juli,negatif,aplikasi rusak,aplikasi rusak,"['aplikasi', 'rusak']","['aplikasi', 'rusak']","['aplikasi', 'rusak']","['aplikasi', 'rusak']",aplikasi rusak
d8811b85-bff4-417e-8d54-8d7f3ab95814,semakin cepat dan akurat,5,2026-06-29,20,Juni,positif,semakin cepat dan akurat,semakin cepat dan akurat,"['semakin', 'cepat', 'dan', 'akurat']","['semakin', 'cepat', 'akurat']","['semakin', 'cepat', 'akurat']","['makin', 'cepat', 'akurat']",makin cepat akurat
d89305d8-7bc1-4d0f-9c80-8f3137e02aa8,semoga pelayanannya semakin okey,5,2026-08-13,13,Agustus,netral,semoga pelayanannya semakin okey,semoga pelayanannya semakin oke,"['semoga', 'pelayanannya', 'semakin', 'oke']","['semoga', 'pelayanannya', 'semakin', 'oke']","['semoga', 'pelayanannya', 'semakin', 'oke']","['moga', 'layan', 'makin', 'oke']",moga layan makin oke
d8a35f9c-497c-4d4d-b13b-d03f83b4d96e,harapannya riwayat di aplikasi lebih lengkap biar bisa lihat resep dan jadwal untuk kontrol karena skrg sdh tdk dksh kertas kontrol.,5,2026-07-17,9,Juli,netral,harapannya riwayat di aplikasi lebih lengkap biar bisa lihat resep dan jadwal untuk kontrol karena skrg sdh tdk dksh kertas kontrol,harapannya riwayat di aplikasi lebih lengkap agar bisa lihat resep dan jadwal untuk kontrol karena sekarang sudah tidak dksh kertas kontrol,"['harapannya', 'riwayat', 'di', 'aplikasi', 'lebih', 'lengkap', 'agar', 'bisa', 'lihat', 'resep', 'dan', 'jadwal', 'untuk', 'kontrol', 'karena', 'sekarang', 'sudah', 'tidak', 'dksh', 'kertas', 'kontrol']","['harapannya', 'riwayat', 'aplikasi', 'lebih', 'lengkap', 'lihat', 'resep', 'jadwal', 'kontrol', 'sekarang', 'tidak', 'dksh', 'kertas', 'kontrol']","['harapannya', 'riwayat', 'aplikasi', 'lebih', 'lengkap', 'lihat', 'resep', 'jadwal', 'kontrol', 'sekarang', 'tidak', 'tidak_dksh', 'kertas', 'kontrol']","['harap', 'riwayat', 'aplikasi', 'lebih', 'lengkap', 'lihat', 'resep', 'jadwal', 'kontrol', 'sekarang', 'tidak', 'tidak_dksh', 'kertas', 'kontrol']",harap riwayat aplikasi lebih lengkap lihat resep jadwal kontrol sekarang tidak tidak_dksh kertas kontrol
d8acffd9-d667-46ea-866c-e3749bfd9ff5,Tolong di perbaiki ini nomer otp gk masuk masuk kuota ada sinyal bagus tapi pemberitahuan nya offline terussss,1,2026-06-18,9,Juni,negatif,tolong di perbaiki ini nomer otp gk masuk masuk kuota ada sinyal bagus tapi pemberitahuan nya offline terussss,tolong diperbaiki ini nomor otp tidak masuk kuota ada sinyal bagus tapi pemberitahuan nya luring terus,"['tolong', 'diperbaiki', 'ini', 'nomor', 'otp', 'tidak', 'masuk', 'kuota', 'ada', 'sinyal', 'bagus', 'tapi', 'pemberitahuan', 'nya', 'luring', 'terus']","['diperbaiki', 'nomor', 'otp', 'tidak', 'masuk', 'kuota', 'sinyal', 'bagus', 'pemberitahuan', 'luring', 'terus']","['diperbaiki', 'nomor', 'otp', 'tidak', 'tidak_masuk', 'kuota', 'sinyal', 'bagus', 'pemberitahuan', 'luring', 'terus']","['perbaiki', 'nomor', 'otp', 'tidak', 'tidak_masuk', 'kuota', 'sinyal', 'bagus', 'pemberitahuan', 'luring', 'terus']",perbaiki nomor otp tidak tidak_masuk kuota sinyal bagus pemberitahuan luring terus
d8d8c410-35bb-450b-aed3-d95a4ec07bec,Moga tambah baik,5,2026-08-11,18,Agustus,netral,moga tambah baik,semoga tambah baik,"['semoga', 'tambah', 'baik']","['semoga', 'tambah', 'baik']","['semoga', 'tambah', 'baik']","['moga', 'tambah', 'baik']",moga tambah baik
d8deb4bf-7d57-49ca-8ecf-9a8625f031eb,"aplikasi korupsi, otp aja engga bisa, anggaran aja di gedein. kasian anak magang ngerjain aplikasi ini",1,2026-06-06,11,Juni,negatif,aplikasi korupsi otp aja engga bisa anggaran aja di gedein kasian anak magang ngerjain aplikasi ini,aplikasi korupsi otp saja tidak bisa anggaran saja di besarkan kasihan anak magang mengerjakan aplikasi ini,"['aplikasi', 'korupsi', 'otp', 'saja', 'tidak', 'bisa', 'anggaran', 'saja', 'di', 'besarkan', 'kasihan', 'anak', 'magang', 'mengerjakan', 'aplikasi', 'ini']","['aplikasi', 'korupsi', 'otp', 'tidak', 'anggaran', 'besarkan', 'kasihan', 'anak', 'magang', 'mengerjakan', 'aplikasi']","['aplikasi', 'korupsi', 'otp', 'tidak', 'tidak_anggaran', 'besarkan', 'kasihan', 'anak', 'magang', 'mengerjakan', 'aplikasi']","['aplikasi', 'korupsi', 'otp', 'tidak', 'tidak_anggar', 'besar', 'kasihan', 'anak', 'magang', 'kerja', 'aplikasi']",aplikasi korupsi otp tidak tidak_anggar besar kasihan anak magang kerja aplikasi
d96fd773-9b22-4df0-a0ec-d315a493ba92,bagus,5,2026-08-11,11,Agustus,positif,bagus,bagus,['bagus'],['bagus'],['bagus'],['bagus'],bagus
d98294c6-a8e9-42b0-a187-f1ebec4d797c,sangat membantu sekali,5,2026-07-14,19,Juli,positif,sangat membantu sekali,sangat membantu sekali,"['sangat', 'membantu', 'sekali']","['sangat', 'membantu', 'sekali']","['sangat', 'membantu', 'sekali']","['sangat', 'bantu', 'sekali']",sangat bantu sekali
d9915a67-2447-4cfa-9bdb-a7b27c1aac98,sangat mudah untuk digunakan aplikasi nya,5,2026-06-12,8,Juni,positif,sangat mudah untuk digunakan aplikasi nya,sangat mudah untuk digunakan aplikasi nya,"['sangat', 'mudah', 'untuk', 'digunakan', 'aplikasi', 'nya']","['sangat', 'mudah', 'digunakan', 'aplikasi']","['sangat', 'mudah', 'digunakan', 'aplikasi']","['sangat', 'mudah', 'guna', 'aplikasi']",sangat mudah guna aplikasi
d9b61659-99e6-4e45-8a44-63e8a506845a,terlalu menyusahkan bagi yang masyarakat yang tidak mampu membeli gadget...harusnya nik tidak dibatasi dalam satu perangkat soalnya tidak semua org punya handphone yg support aplikasi ini..,1,2026-08-14,10,Agustus,negatif,terlalu menyusahkan bagi yang masyarakat yang tidak mampu membeli gadget harusnya nik tidak dibatasi dalam satu perangkat soalnya tidak semua org punya handphone yg support aplikasi ini,terlalu menyusahkan bagi yang masyarakat yang tidak mampu membeli perangkat seharusnya nik tidak dibatasi dalam satu perangkat soalnya tidak semua orang punya ponsel yang mendukung aplikasi ini,"['terlalu', 'menyusahkan', 'bagi', 'yang', 'masyarakat', 'yang', 'tidak', 'mampu', 'membeli', 'perangkat', 'seharusnya', 'nik', 'tidak', 'dibatasi', 'dalam', 'satu', 'perangkat', 'soalnya', 'tidak', 'semua', 'orang', 'punya', 'ponsel', 'yang', 'mendukung', 'aplikasi', 'ini']","['terlalu', 'menyusahkan', 'masyarakat', 'tidak', 'mampu', 'membeli', 'perangkat', 'nik', 'tidak', 'dibatasi', 'satu', 'perangkat', 'soalnya', 'tidak', 'semua', 'orang', 'punya', 'ponsel', 'mendukung', 'aplikasi']","['terlalu', 'menyusahkan', 'masyarakat', 'tidak', 'tidak_mampu', 'membeli', 'perangkat', 'nik', 'tidak', 'tidak_dibatasi', 'satu', 'perangkat', 'soalnya', 'tidak', 'tidak_semua', 'orang', 'punya', 'ponsel', 'mendukung', 'aplikasi']","['terlalu', 'susah', 'masyarakat', 'tidak', 'tidak_mampu', 'beli', 'perangkat', 'nik', 'tidak', 'tidak_batas', 'satu', 'perangkat', 'soal', 'tidak', 'tidak_semua', 'orang', 'punya', 'ponsel', 'dukung', 'aplikasi']",terlalu susah masyarakat tidak tidak_mampu beli perangkat nik tidak tidak_batas satu perangkat soal tidak tidak_semua orang punya ponsel dukung aplikasi
d9ff6906-3168-4b56-b216-358ecbe9557c,tingkat kan kemudahan dlm penggunaan,5,2026-07-03,22,Juli,netral,tingkat kan kemudahan dlm penggunaan,tingkat kan kemudahan dalam penggunaan,"['tingkat', 'kan', 'kemudahan', 'dalam', 'penggunaan']","['tingkat', 'kan', 'kemudahan', 'penggunaan']","['tingkat', 'kan', 'kemudahan', 'penggunaan']","['tingkat', 'kan', 'mudah', 'guna']",tingkat kan mudah guna
da16c2a0-f92b-43a2-87c8-f2d02d7dc813,"mau daftar online ke faskes tingkat pertama selalu gagal , ""jadwal tidak ditemukan"" , anehh ..",2,2026-08-21,16,Agustus,negatif,mau daftar online ke faskes tingkat pertama selalu gagal jadwal tidak ditemukan anehh,mau daftar daring ke faskes tingkat pertama selalu gagal jadwal tidak ditemukan aneh,"['mau', 'daftar', 'daring', 'ke', 'faskes', 'tingkat', 'pertama', 'selalu', 'gagal', 'jadwal', 'tidak', 'ditemukan', 'aneh']","['mau', 'daftar', 'daring', 'faskes', 'tingkat', 'pertama', 'selalu', 'gagal', 'jadwal', 'tidak', 'ditemukan', 'aneh']","['mau', 'daftar', 'daring', 'faskes', 'tingkat', 'pertama', 'selalu', 'gagal', 'jadwal', 'tidak', 'tidak_ditemukan', 'aneh']","['mau', 'daftar', 'daring', 'faskes', 'tingkat', 'pertama', 'selalu', 'gagal', 'jadwal', 'tidak', 'tidak_temu', 'aneh']",mau daftar daring faskes tingkat pertama selalu gagal jadwal tidak tidak_temu aneh
da1d134c-9b93-4c71-b40a-8af6a828b7bc,baik aplikasinya untuk sekarang (26-07-2026),5,2026-07-26,18,Juli,positif,baik aplikasinya untuk sekarang 26 07 2026,baik aplikasinya untuk sekarang 26 07 2026,"['baik', 'aplikasinya', 'untuk', 'sekarang', '26', '07', '2026']","['baik', 'aplikasinya', 'sekarang', '26', '07', '2026']","['baik', 'aplikasinya', 'sekarang', '26', '07', '2026']","['baik', 'aplikasi', 'sekarang', '26', '07', '2026']",baik aplikasi sekarang 26 07 2026
da3a38e2-eb6d-42a4-94c8-f8a396516f55,apk macam apa ini permintaan kode otp aja ga bisa bisa,1,2026-08-02,5,Agustus,negatif,apk macam apa ini permintaan kode otp aja ga bisa bisa,aplikasi macam apa ini permintaan kode otp saja tidak bisa,"['aplikasi', 'macam', 'apa', 'ini', 'permintaan', 'kode', 'otp', 'saja', 'tidak', 'bisa']","['aplikasi', 'macam', 'apa', 'permintaan', 'kode', 'otp', 'tidak']","['aplikasi', 'macam', 'apa', 'permintaan', 'kode', 'otp', 'tidak']","['aplikasi', 'macam', 'apa', 'minta', 'kode', 'otp', 'tidak']",aplikasi macam apa minta kode otp tidak
da645759-3215-4391-9d0f-05748be9fe5e,apk apa lah. kode otp aja nggk muncul²,1,2026-06-02,19,Juni,negatif,apk apa lah kode otp aja nggk muncul2,aplikasi apa lah kode otp saja tidak muncul,"['aplikasi', 'apa', 'lah', 'kode', 'otp', 'saja', 'tidak', 'muncul']","['aplikasi', 'apa', 'lah', 'kode', 'otp', 'tidak', 'muncul']","['aplikasi', 'apa', 'lah', 'kode', 'otp', 'tidak', 'tidak_muncul']","['aplikasi', 'apa', 'lah', 'kode', 'otp', 'tidak', 'tidak_muncul']",aplikasi apa lah kode otp tidak tidak_muncul
daaf6b2a-584b-4a66-9f07-31737b36d405,capek kita daftar ulang2 malah ada keterangan maaf belum bisa di proses baru kita minta kirim nomor otp ke nomor yang sudah terdaftar tapi kode otpnya g masuk2,1,2026-06-11,21,Juni,negatif,capek kita daftar ulang2 malah ada keterangan maaf belum bisa di proses baru kita minta kirim nomor otp ke nomor yang sudah terdaftar tapi kode otpnya g masuk2,lelah kita daftar berulang-ulang malah ada keterangan maaf belum bisa di proses baru kita minta kirim nomor otp ke nomor yang sudah terdaftar tapi kode otp tidak masuk,"['lelah', 'kita', 'daftar', 'berulang-ulang', 'malah', 'ada', 'keterangan', 'maaf', 'belum', 'bisa', 'di', 'proses', 'baru', 'kita', 'minta', 'kirim', 'nomor', 'otp', 'ke', 'nomor', 'yang', 'sudah', 'terdaftar', 'tapi', 'kode', 'otp', 'tidak', 'masuk']","['lelah', 'daftar', 'berulang-ulang', 'malah', 'keterangan', 'maaf', 'proses', 'baru', 'minta', 'kirim', 'nomor', 'otp', 'nomor', 'terdaftar', 'kode', 'otp', 'tidak', 'masuk']","['lelah', 'daftar', 'berulang-ulang', 'malah', 'keterangan', 'maaf', 'proses', 'baru', 'minta', 'kirim', 'nomor', 'otp', 'nomor', 'terdaftar', 'kode', 'otp', 'tidak', 'tidak_masuk']","['lelah', 'daftar', 'ulang', 'malah', 'terang', 'maaf', 'proses', 'baru', 'minta', 'kirim', 'nomor', 'otp', 'nomor', 'daftar', 'kode', 'otp', 'tidak', 'tidak_masuk']",lelah daftar ulang malah terang maaf proses baru minta kirim nomor otp nomor daftar kode otp tidak tidak_masuk
daf6d3b1-9d80-4c67-937f-c52fb3c180ee,bagusss,5,2026-08-27,23,Agustus,positif,bagusss,bagus,['bagus'],['bagus'],['bagus'],['bagus'],bagus
daf7fda4-5e21-4dda-9464-a14beb1a3383,good,5,2026-06-03,7,Juni,positif,good,bagus,['bagus'],['bagus'],['bagus'],['bagus'],bagus
db092a3d-ffa5-4be8-876c-513ca105c20f,"daftar aja susah, ga niat bikin aplikasi, masa kameranya dibikin mirror, jdi susah klo scan muka, selalu gagal",1,2026-08-18,14,Agustus,negatif,daftar aja susah ga niat bikin aplikasi masa kameranya dibikin mirror jdi susah klo scan muka selalu gagal,daftar saja susah tidak niat membuat aplikasi masa kameranya dibuat mirror jadi susah kalau pindai muka selalu gagal,"['daftar', 'saja', 'susah', 'tidak', 'niat', 'membuat', 'aplikasi', 'masa', 'kameranya', 'dibuat', 'mirror', 'jadi', 'susah', 'kalau', 'pindai', 'muka', 'selalu', 'gagal']","['daftar', 'susah', 'tidak', 'niat', 'membuat', 'aplikasi', 'masa', 'kameranya', 'dibuat', 'mirror', 'jadi', 'susah', 'kalau', 'pindai', 'muka', 'selalu', 'gagal']","['daftar', 'susah', 'tidak', 'tidak_niat', 'membuat', 'aplikasi', 'masa', 'kameranya', 'dibuat', 'mirror', 'jadi', 'susah', 'kalau', 'pindai', 'muka', 'selalu', 'gagal']","['daftar', 'susah', 'tidak', 'tidak_niat', 'buat', 'aplikasi', 'masa', 'kamera', 'buat', 'mirror', 'jadi', 'susah', 'kalau', 'pindai', 'muka', 'selalu', 'gagal']",daftar susah tidak tidak_niat buat aplikasi masa kamera buat mirror jadi susah kalau pindai muka selalu gagal
db2cdd5f-7849-4155-9474-2d1fda5b1a9c,hallo KK kenapa d hp saya tidak bisa update aplikasi lagi.. ktanya harus hubungi depelover ny.,3,2026-07-30,18,Juli,negatif,hallo kk kenapa d hp saya tidak bisa update aplikasi lagi ktanya harus hubungi depelover ny,halo kk kenapa di ponsel saya tidak bisa pembaruan aplikasi lagi katanya harus hubungi pengembang nya,"['halo', 'kk', 'kenapa', 'di', 'ponsel', 'saya', 'tidak', 'bisa', 'pembaruan', 'aplikasi', 'lagi', 'katanya', 'harus', 'hubungi', 'pengembang', 'nya']","['halo', 'kk', 'ponsel', 'tidak', 'pembaruan', 'aplikasi', 'katanya', 'hubungi', 'pengembang']","['halo', 'kk', 'ponsel', 'tidak', 'tidak_pembaruan', 'aplikasi', 'katanya', 'hubungi', 'pengembang']","['halo', 'kk', 'ponsel', 'tidak', 'tidak_baru', 'aplikasi', 'kata', 'hubung', 'kembang']",halo kk ponsel tidak tidak_baru aplikasi kata hubung kembang
db3cbee8-e480-4157-9c54-000fd6b8d781,Percuma pakai aplikasi ini.. ga ada pengaruh nya sma sekali yg ada sebaliknya. jd AUTO RIBET . MASA DI MBIL. JKN TIAP DI CEK KEPESERTAAN KELUARGA SELALU GA AKTIF TRS. DAN ADA TANDA X.. TP DI CEK PANDAWA KETERANGAN SUDAH AKTIF 😂😂😂😂 gimana ini cerita nya suhu...,1,2026-08-10,13,Agustus,negatif,percuma pakai aplikasi ini ga ada pengaruh nya sma sekali yg ada sebaliknya jd auto ribet masa di mbil jkn tiap di cek kepesertaan keluarga selalu ga aktif trs dan ada tanda x tp di cek pandawa keterangan sudah aktif gimana ini cerita nya suhu,percuma pakai aplikasi ini tidak ada pengaruh nya sama sekali yang ada sebaliknya jadi auto rumit masa di mbil jkn tiap dicek kepesertaan keluarga selalu tidak aktif terus dan ada tanda x tapi dicek pandawa keterangan sudah aktif bagaimana ini cerita nya suhu,"['percuma', 'pakai', 'aplikasi', 'ini', 'tidak', 'ada', 'pengaruh', 'nya', 'sama', 'sekali', 'yang', 'ada', 'sebaliknya', 'jadi', 'auto', 'rumit', 'masa', 'di', 'mbil', 'jkn', 'tiap', 'dicek', 'kepesertaan', 'keluarga', 'selalu', 'tidak', 'aktif', 'terus', 'dan', 'ada', 'tanda', 'x', 'tapi', 'dicek', 'pandawa', 'keterangan', 'sudah', 'aktif', 'bagaimana', 'ini', 'cerita', 'nya', 'suhu']","['percuma', 'pakai', 'aplikasi', 'tidak', 'pengaruh', 'sama', 'sekali', 'sebaliknya', 'jadi', 'auto', 'rumit', 'masa', 'mbil', 'jkn', 'tiap', 'dicek', 'kepesertaan', 'keluarga', 'selalu', 'tidak', 'aktif', 'terus', 'tanda', 'x', 'dicek', 'pandawa', 'keterangan', 'aktif', 'bagaimana', 'cerita', 'suhu']","['percuma', 'pakai', 'aplikasi', 'tidak', 'tidak_pengaruh', 'sama', 'sekali', 'sebaliknya', 'jadi', 'auto', 'rumit', 'masa', 'mbil', 'jkn', 'tiap', 'dicek', 'kepesertaan', 'keluarga', 'selalu', 'tidak', 'tidak_aktif', 'terus', 'tanda', 'x', 'dicek', 'pandawa', 'keterangan', 'aktif', 'bagaimana', 'cerita', 'suhu']","['percuma', 'pakai', 'aplikasi', 'tidak', 'tidak_pengaruh', 'sama', 'sekali', 'balik', 'jadi', 'auto', 'rumit', 'masa', 'mbil', 'jkn', 'tiap', 'cek', 'serta', 'keluarga', 'selalu', 'tidak', 'tidak_aktif', 'terus', 'tanda', 'x', 'cek', 'pandawa', 'terang', 'aktif', 'bagaimana', 'cerita', 'suhu']",percuma pakai aplikasi tidak tidak_pengaruh sama sekali balik jadi auto rumit masa mbil jkn tiap cek serta keluarga selalu tidak tidak_aktif terus tanda x cek pandawa terang aktif bagaimana cerita suhu
db6a5d07-eac6-4635-b37a-0ce1234fbc45,saya daftar berkali-kali ga bisaa mau berobat dan masuk jkn tapi ganggu ann udah ber puluh puluh kali nyoba gangguan terusss di beneri dong bukan sekali dua kali gini di device lain juga gitu bener bener mengganggu hal untuk kesehatan ini sangat di perlukan jadi tolong perbaikan nya,1,2026-08-03,18,Agustus,negatif,saya daftar berkali kali ga bisaa mau berobat dan masuk jkn tapi ganggu ann udah ber puluh puluh kali nyoba gangguan terusss di beneri dong bukan sekali dua kali gini di device lain juga gitu bener bener mengganggu hal untuk kesehatan ini sangat di perlukan jadi tolong perbaikan nya,saya daftar berkali kali tidak bisa mau berobat dan masuk jkn tapi gangguan sudah ber puluh puluh kali mencoba gangguan terus di memperbaiki dong bukan sekali dua kali begini di perangkat lain juga begitu benar benar mengganggu hal untuk kesehatan ini sangat di perlukan jadi tolong perbaikan nya,"['saya', 'daftar', 'berkali', 'kali', 'tidak', 'bisa', 'mau', 'berobat', 'dan', 'masuk', 'jkn', 'tapi', 'gangguan', 'sudah', 'ber', 'puluh', 'puluh', 'kali', 'mencoba', 'gangguan', 'terus', 'di', 'memperbaiki', 'dong', 'bukan', 'sekali', 'dua', 'kali', 'begini', 'di', 'perangkat', 'lain', 'juga', 'begitu', 'benar', 'benar', 'mengganggu', 'hal', 'untuk', 'kesehatan', 'ini', 'sangat', 'di', 'perlukan', 'jadi', 'tolong', 'perbaikan', 'nya']","['daftar', 'berkali', 'kali', 'tidak', 'mau', 'berobat', 'masuk', 'jkn', 'gangguan', 'ber', 'puluh', 'puluh', 'kali', 'mencoba', 'gangguan', 'terus', 'memperbaiki', 'dong', 'bukan', 'sekali', 'kali', 'begini', 'perangkat', 'benar', 'benar', 'mengganggu', 'kesehatan', 'sangat', 'perlukan', 'jadi', 'perbaikan']","['daftar', 'berkali', 'kali', 'tidak', 'tidak_mau', 'berobat', 'masuk', 'jkn', 'gangguan', 'ber', 'puluh', 'puluh', 'kali', 'mencoba', 'gangguan', 'terus', 'memperbaiki', 'dong', 'bukan', 'sekali', 'kali', 'begini', 'perangkat', 'benar', 'benar', 'mengganggu', 'kesehatan', 'sangat', 'perlukan', 'jadi', 'perbaikan']","['daftar', 'kali', 'kali', 'tidak', 'tidak_mau', 'obat', 'masuk', 'jkn', 'ganggu', 'ber', 'puluh', 'puluh', 'kali', 'coba', 'ganggu', 'terus', 'perbaiki', 'dong', 'bukan', 'sekali', 'kali', 'begini', 'perangkat', 'benar', 'benar', 'ganggu', 'sehat', 'sangat', 'perlu', 'jadi', 'perbaiki']",daftar kali kali tidak tidak_mau obat masuk jkn ganggu ber puluh puluh kali coba ganggu terus perbaiki dong bukan sekali kali begini perangkat benar benar ganggu sehat sangat perlu jadi perbaiki
db7a5087-4bc3-4e17-b2a6-5c056213fdeb,Salam Sehat selalu,5,2026-06-25,19,Juni,netral,salam sehat selalu,salam sehat selalu,"['salam', 'sehat', 'selalu']","['salam', 'sehat', 'selalu']","['salam', 'sehat', 'selalu']","['salam', 'sehat', 'selalu']",salam sehat selalu
dba1605b-6d03-4e6d-8f9b-6b065b69f2a8,semoga aplikasi kesehatan ini lebih mudah di akses,4,2026-08-12,6,Agustus,netral,semoga aplikasi kesehatan ini lebih mudah di akses,semoga aplikasi kesehatan ini lebih mudah di akses,"['semoga', 'aplikasi', 'kesehatan', 'ini', 'lebih', 'mudah', 'di', 'akses']","['semoga', 'aplikasi', 'kesehatan', 'lebih', 'mudah', 'akses']","['semoga', 'aplikasi', 'kesehatan', 'lebih', 'mudah', 'akses']","['moga', 'aplikasi', 'sehat', 'lebih', 'mudah', 'akses']",moga aplikasi sehat lebih mudah akses
dbd0b105-a51a-48ac-b482-c3397bbad116,"Faskes Rujukan tidak bisa melakukan pendaftaran. Dan hanya menampilkan tiket antrian lama, tolong segera di benahi karena menyusahkan pengguna",1,2026-06-22,7,Juni,negatif,faskes rujukan tidak bisa melakukan pendaftaran dan hanya menampilkan tiket antrian lama tolong segera di benahi karena menyusahkan pengguna,faskes rujukan tidak bisa melakukan pendaftaran dan hanya menampilkan tiket antrean lama tolong segera di benahi karena menyusahkan pengguna,"['faskes', 'rujukan', 'tidak', 'bisa', 'melakukan', 'pendaftaran', 'dan', 'hanya', 'menampilkan', 'tiket', 'antrean', 'lama', 'tolong', 'segera', 'di', 'benahi', 'karena', 'menyusahkan', 'pengguna']","['faskes', 'rujukan', 'tidak', 'melakukan', 'pendaftaran', 'menampilkan', 'tiket', 'antrean', 'lama', 'segera', 'benahi', 'menyusahkan', 'pengguna']","['faskes', 'rujukan', 'tidak', 'tidak_melakukan', 'pendaftaran', 'menampilkan', 'tiket', 'antrean', 'lama', 'segera', 'benahi', 'menyusahkan', 'pengguna']","['faskes', 'rujuk', 'tidak', 'tidak_laku', 'daftar', 'tampil', 'tiket', 'antre', 'lama', 'segera', 'benah', 'susah', 'guna']",faskes rujuk tidak tidak_laku daftar tampil tiket antre lama segera benah susah guna
dbee7c39-df20-4119-8a35-5cab49db3a86,cukup bermanfaat,5,2026-06-26,12,Juni,positif,cukup bermanfaat,cukup bermanfaat,"['cukup', 'bermanfaat']","['cukup', 'bermanfaat']","['cukup', 'bermanfaat']","['cukup', 'manfaat']",cukup manfaat
dc2cd8fc-f313-4846-85b2-5aa7eada7fbc,memudahkan proses. harap ditingkatkan lagi supaya lebih cepat dan tidak mendadak error lagi.,5,2026-07-01,8,Juli,negatif,memudahkan proses harap ditingkatkan lagi supaya lebih cepat dan tidak mendadak error lagi,memudahkan proses harap ditingkatkan lagi supaya lebih cepat dan tidak mendadak error lagi,"['memudahkan', 'proses', 'harap', 'ditingkatkan', 'lagi', 'supaya', 'lebih', 'cepat', 'dan', 'tidak', 'mendadak', 'error', 'lagi']","['memudahkan', 'proses', 'harap', 'ditingkatkan', 'lebih', 'cepat', 'tidak', 'mendadak', 'error']","['memudahkan', 'proses', 'harap', 'ditingkatkan', 'lebih', 'cepat', 'tidak', 'tidak_mendadak', 'error']","['mudah', 'proses', 'harap', 'tingkat', 'lebih', 'cepat', 'tidak', 'tidak_dadak', 'error']",mudah proses harap tingkat lebih cepat tidak tidak_dadak error
dc8d6755-97dc-46d4-8c2b-3aabe67ac8b2,Sangat membantu ketika pindah tugas kerja.,5,2026-08-20,16,Agustus,positif,sangat membantu ketika pindah tugas kerja,sangat membantu ketika pindah tugas kerja,"['sangat', 'membantu', 'ketika', 'pindah', 'tugas', 'kerja']","['sangat', 'membantu', 'pindah', 'tugas', 'kerja']","['sangat', 'membantu', 'pindah', 'tugas', 'kerja']","['sangat', 'bantu', 'pindah', 'tugas', 'kerja']",sangat bantu pindah tugas kerja
dcded242-a421-41b0-95b4-8d8f6ad855bc,"aplikasi kesehatan yg sering gangguan,, memperibet orang berobat.. ga kebayang KLO org tua yg sakit ga ada keluarga nyaa.. kalian perumit kek gni.. pdahal BPJS bukan yg gratisan,, tapi bayar perbulan nyaa",1,2026-07-01,23,Juli,negatif,aplikasi kesehatan yg sering gangguan memperibet orang berobat ga kebayang klo org tua yg sakit ga ada keluarga nyaa kalian perumit kek gni pdahal bpjs bukan yg gratisan tapi bayar perbulan nyaa,aplikasi kesehatan yang sering gangguan mempersulit orang berobat tidak kebayang kalau orang tua yang sakit tidak ada keluarga nya kalian mempersulit seperti begini padahal bpjs bukan yang gratisan tapi bayar per bulan nya,"['aplikasi', 'kesehatan', 'yang', 'sering', 'gangguan', 'mempersulit', 'orang', 'berobat', 'tidak', 'kebayang', 'kalau', 'orang', 'tua', 'yang', 'sakit', 'tidak', 'ada', 'keluarga', 'nya', 'kalian', 'mempersulit', 'seperti', 'begini', 'padahal', 'bpjs', 'bukan', 'yang', 'gratisan', 'tapi', 'bayar', 'per', 'bulan', 'nya']","['aplikasi', 'kesehatan', 'sering', 'gangguan', 'mempersulit', 'orang', 'berobat', 'tidak', 'kebayang', 'kalau', 'orang', 'tua', 'sakit', 'tidak', 'keluarga', 'kalian', 'mempersulit', 'begini', 'padahal', 'bpjs', 'bukan', 'gratisan', 'bayar', 'per', 'bulan']","['aplikasi', 'kesehatan', 'sering', 'gangguan', 'mempersulit', 'orang', 'berobat', 'tidak', 'tidak_kebayang', 'kalau', 'orang', 'tua', 'sakit', 'tidak', 'tidak_keluarga', 'kalian', 'mempersulit', 'begini', 'padahal', 'bpjs', 'bukan', 'gratisan', 'bayar', 'per', 'bulan']","['aplikasi', 'sehat', 'sering', 'ganggu', 'sulit', 'orang', 'obat', 'tidak', 'tidak_bayang', 'kalau', 'orang', 'tua', 'sakit', 'tidak', 'tidak_keluarga', 'kalian', 'sulit', 'begini', 'padahal', 'bpjs', 'bukan', 'gratis', 'bayar', 'per', 'bulan']",aplikasi sehat sering ganggu sulit orang obat tidak tidak_bayang kalau orang tua sakit tidak tidak_keluarga kalian sulit begini padahal bpjs bukan gratis bayar per bulan
dce3ce58-cb22-4d9a-b4e6-b55e7faf1725,kenapa harus dibatasi untuk versi android tertentu. harusnya semua versi bisa download.,1,2026-08-10,0,Agustus,netral,kenapa harus dibatasi untuk versi android tertentu harusnya semua versi bisa download,kenapa harus dibatasi untuk versi android tertentu seharusnya semua versi bisa unduh,"['kenapa', 'harus', 'dibatasi', 'untuk', 'versi', 'android', 'tertentu', 'seharusnya', 'semua', 'versi', 'bisa', 'unduh']","['dibatasi', 'versi', 'android', 'tertentu', 'semua', 'versi', 'unduh']","['dibatasi', 'versi', 'android', 'tertentu', 'semua', 'versi', 'unduh']","['batas', 'versi', 'android', 'tentu', 'semua', 'versi', 'unduh']",batas versi android tentu semua versi unduh
dd1aa301-b6ba-449f-a22b-589811a00686,Aplikasi Mobile JKN sangat membantu dan sangat bermanfaat. Semoga semakin dikembangkan n smakin sukses.,5,2026-07-28,17,Juli,netral,aplikasi mobile jkn sangat membantu dan sangat bermanfaat semoga semakin dikembangkan n smakin sukses,aplikasi mobile jkn sangat membantu dan sangat bermanfaat semoga semakin dikembangkan dan semakin sukses,"['aplikasi', 'mobile', 'jkn', 'sangat', 'membantu', 'dan', 'sangat', 'bermanfaat', 'semoga', 'semakin', 'dikembangkan', 'dan', 'semakin', 'sukses']","['aplikasi', 'mobile', 'jkn', 'sangat', 'membantu', 'sangat', 'bermanfaat', 'semoga', 'semakin', 'dikembangkan', 'semakin', 'sukses']","['aplikasi', 'mobile', 'jkn', 'sangat', 'membantu', 'sangat', 'bermanfaat', 'semoga', 'semakin', 'dikembangkan', 'semakin', 'sukses']","['aplikasi', 'mobile', 'jkn', 'sangat', 'bantu', 'sangat', 'manfaat', 'moga', 'makin', 'kembang', 'makin', 'sukses']",aplikasi mobile jkn sangat bantu sangat manfaat moga makin kembang makin sukses
dd55971e-0bbb-41ce-ad75-41d09172ccb7,"untuk konten aplikasi sudah bagus. cuman tolong di tambahkan update untuk riwayat pelayanan serta penilaian buat semua anggota yang terdaftar, jangan yg utama saja.",4,2026-07-05,19,Juli,positif,untuk konten aplikasi sudah bagus cuman tolong di tambahkan update untuk riwayat pelayanan serta penilaian buat semua anggota yang terdaftar jangan yg utama saja,untuk konten aplikasi sudah bagus hanya tolong di tambahkan pembaruan untuk riwayat pelayanan serta penilaian buat semua anggota yang terdaftar jangan yang utama saja,"['untuk', 'konten', 'aplikasi', 'sudah', 'bagus', 'hanya', 'tolong', 'di', 'tambahkan', 'pembaruan', 'untuk', 'riwayat', 'pelayanan', 'serta', 'penilaian', 'buat', 'semua', 'anggota', 'yang', 'terdaftar', 'jangan', 'yang', 'utama', 'saja']","['konten', 'aplikasi', 'bagus', 'tambahkan', 'pembaruan', 'riwayat', 'pelayanan', 'penilaian', 'buat', 'semua', 'anggota', 'terdaftar', 'jangan', 'utama']","['konten', 'aplikasi', 'bagus', 'tambahkan', 'pembaruan', 'riwayat', 'pelayanan', 'penilaian', 'buat', 'semua', 'anggota', 'terdaftar', 'jangan', 'utama']","['konten', 'aplikasi', 'bagus', 'tambah', 'baru', 'riwayat', 'layan', 'nilai', 'buat', 'semua', 'anggota', 'daftar', 'jangan', 'utama']",konten aplikasi bagus tambah baru riwayat layan nilai buat semua anggota daftar jangan utama
dd7c9e42-97db-43b0-8445-50342cb7443c,sering eror,1,2026-08-01,7,Agustus,negatif,sering eror,sering error,"['sering', 'error']","['sering', 'error']","['sering', 'error']","['sering', 'error']",sering error
dda071f5-fe06-4cb1-a089-7af0cda75e9d,puas,5,2026-07-22,19,Juli,positif,puas,puas,['puas'],['puas'],['puas'],['puas'],puas
ddc87a5d-e720-4a32-ac15-78045fbf4758,blm bisa membayar iuran bulanannya,4,2026-06-18,7,Juni,negatif,blm bisa membayar iuran bulanannya,belum bisa membayar iuran bulanannya,"['belum', 'bisa', 'membayar', 'iuran', 'bulanannya']","['membayar', 'iuran', 'bulanannya']","['membayar', 'iuran', 'bulanannya']","['bayar', 'iur', 'bulan']",bayar iur bulan
ddce12e6-9058-4d43-a4bb-bb7a6a3a7da9,"aplikasi nya susah daftar,tolong diperbaiki lagi",5,2026-07-23,20,Juli,negatif,aplikasi nya susah daftar tolong diperbaiki lagi,aplikasi nya susah daftar tolong diperbaiki lagi,"['aplikasi', 'nya', 'susah', 'daftar', 'tolong', 'diperbaiki', 'lagi']","['aplikasi', 'susah', 'daftar', 'diperbaiki']","['aplikasi', 'susah', 'daftar', 'diperbaiki']","['aplikasi', 'susah', 'daftar', 'perbaiki']",aplikasi susah daftar perbaiki
de3856a9-1c6f-48ca-bcb7-d23768b39da3,oke,5,2026-06-19,12,Juni,positif,oke,oke,['oke'],['oke'],['oke'],['oke'],oke
de41505b-8ddd-4701-9a29-cb017365abfa,aplikasi mantap,5,2026-06-26,18,Juni,positif,aplikasi mantap,aplikasi mantap,"['aplikasi', 'mantap']","['aplikasi', 'mantap']","['aplikasi', 'mantap']","['aplikasi', 'mantap']",aplikasi mantap
de47403d-9540-4c4b-9e1d-3a9f3ab19082,"agus,,sangat membantu",5,2026-08-01,4,Agustus,positif,agus sangat membantu,bagus sangat membantu,"['bagus', 'sangat', 'membantu']","['bagus', 'sangat', 'membantu']","['bagus', 'sangat', 'membantu']","['bagus', 'sangat', 'bantu']",bagus sangat bantu
de4e3f2a-7a88-45d9-a8a9-f462a6eea0cc,sangat membantu dan mudah di gunakan,5,2026-08-18,10,Agustus,positif,sangat membantu dan mudah di gunakan,sangat membantu dan mudah digunakan,"['sangat', 'membantu', 'dan', 'mudah', 'digunakan']","['sangat', 'membantu', 'mudah', 'digunakan']","['sangat', 'membantu', 'mudah', 'digunakan']","['sangat', 'bantu', 'mudah', 'guna']",sangat bantu mudah guna
de7664c6-e17f-4c52-87a5-2449a91baa04,kenapa susah daftar ya,2,2026-06-17,7,Juni,negatif,kenapa susah daftar ya,kenapa susah daftar ya,"['kenapa', 'susah', 'daftar', 'ya']","['susah', 'daftar']","['susah', 'daftar']","['susah', 'daftar']",susah daftar
de769118-2c77-470a-8ae3-e61566d2081b,mempermudah cek kartu bpjs,5,2026-07-27,20,Juli,positif,mempermudah cek kartu bpjs,mempermudah cek kartu bpjs,"['mempermudah', 'cek', 'kartu', 'bpjs']","['mempermudah', 'cek', 'kartu', 'bpjs']","['mempermudah', 'cek', 'kartu', 'bpjs']","['mudah', 'cek', 'kartu', 'bpjs']",mudah cek kartu bpjs
dea0ec7c-3d00-41d1-a737-f59a79669bd6,mantap,5,2026-07-13,16,Juli,positif,mantap,mantap,['mantap'],['mantap'],['mantap'],['mantap'],mantap
deafc142-7c5c-4864-84c0-7b6dd59105c7,mantap,5,2026-07-03,2,Juli,positif,mantap,mantap,['mantap'],['mantap'],['mantap'],['mantap'],mantap
df29ebf1-3cae-4c3d-9284-a37ade2e4b15,semoga tidak pernah eror,5,2026-07-28,12,Juli,netral,semoga tidak pernah eror,semoga tidak pernah error,"['semoga', 'tidak', 'pernah', 'error']","['semoga', 'tidak', 'pernah', 'error']","['semoga', 'tidak', 'tidak_pernah', 'error']","['moga', 'tidak', 'tidak_pernah', 'error']",moga tidak tidak_pernah error
dfb93c6b-f589-45f1-96c2-44ef09c1d66b,sangat berguna,5,2026-07-24,17,Juli,positif,sangat berguna,sangat berguna,"['sangat', 'berguna']","['sangat', 'berguna']","['sangat', 'berguna']","['sangat', 'guna']",sangat guna
e00760ee-84d4-47b4-aaac-6e6fb10d4f78,Terimakasih Proses nya sangat Cepat,5,2026-08-06,16,Agustus,positif,terimakasih proses nya sangat cepat,terima kasih proses nya sangat cepat,"['terima', 'kasih', 'proses', 'nya', 'sangat', 'cepat']","['terima', 'kasih', 'proses', 'sangat', 'cepat']","['terima', 'kasih', 'proses', 'sangat', 'cepat']","['terima', 'kasih', 'proses', 'sangat', 'cepat']",terima kasih proses sangat cepat
e03705ae-fc61-4f5f-9dcb-6bff1bf04b96,sangat bermanfaat,5,2026-08-14,13,Agustus,positif,sangat bermanfaat,sangat bermanfaat,"['sangat', 'bermanfaat']","['sangat', 'bermanfaat']","['sangat', 'bermanfaat']","['sangat', 'manfaat']",sangat manfaat
e0375c8c-5307-4dd5-8110-17f261818c32,"yang daptar bpjs dari puskesmas,susah ganti nomor dan email yang baru!!!!!!",1,2026-08-02,18,Agustus,negatif,yang daptar bpjs dari puskesmas susah ganti nomor dan email yang baru,yang daftar bpjs dari puskesmas susah ganti nomor dan email yang baru,"['yang', 'daftar', 'bpjs', 'dari', 'puskesmas', 'susah', 'ganti', 'nomor', 'dan', 'email', 'yang', 'baru']","['daftar', 'bpjs', 'puskesmas', 'susah', 'ganti', 'nomor', 'email', 'baru']","['daftar', 'bpjs', 'puskesmas', 'susah', 'ganti', 'nomor', 'email', 'baru']","['daftar', 'bpjs', 'puskesmas', 'susah', 'ganti', 'nomor', 'email', 'baru']",daftar bpjs puskesmas susah ganti nomor email baru
e0440ade-9502-407a-9e37-d81224222a75,"gabisa login terus, padahak udah beberapa kali dicoba reset pasword",2,2026-08-18,14,Agustus,negatif,gabisa login terus padahak udah beberapa kali dicoba reset pasword,tidak bisa login terus padahal sudah beberapa kali dicoba reset kata sandi,"['tidak', 'bisa', 'login', 'terus', 'padahal', 'sudah', 'beberapa', 'kali', 'dicoba', 'reset', 'kata', 'sandi']","['tidak', 'login', 'terus', 'padahal', 'beberapa', 'kali', 'dicoba', 'reset', 'kata', 'sandi']","['tidak', 'tidak_login', 'terus', 'padahal', 'beberapa', 'kali', 'dicoba', 'reset', 'kata', 'sandi']","['tidak', 'tidak_login', 'terus', 'padahal', 'beberapa', 'kali', 'coba', 'reset', 'kata', 'sandi']",tidak tidak_login terus padahal beberapa kali coba reset kata sandi
e0961729-83c0-4593-8f56-1eb0629ae82c,"Aplikasinya yg selalu minta update. Giliran pelayanan gak pernah update (tenaga kesehatan, fasilitas kesehatan, sarana prasarana dan lain-lain)",1,2026-07-06,9,Juli,negatif,aplikasinya yg selalu minta update giliran pelayanan gak pernah update tenaga kesehatan fasilitas kesehatan sarana prasarana dan lain lain,aplikasinya yang selalu minta pembaruan giliran pelayanan tidak pernah pembaruan tenaga kesehatan fasilitas kesehatan sarana prasarana dan lain lain,"['aplikasinya', 'yang', 'selalu', 'minta', 'pembaruan', 'giliran', 'pelayanan', 'tidak', 'pernah', 'pembaruan', 'tenaga', 'kesehatan', 'fasilitas', 'kesehatan', 'sarana', 'prasarana', 'dan', 'lain', 'lain']","['aplikasinya', 'selalu', 'minta', 'pembaruan', 'giliran', 'pelayanan', 'tidak', 'pernah', 'pembaruan', 'tenaga', 'kesehatan', 'fasilitas', 'kesehatan', 'sarana', 'prasarana']","['aplikasinya', 'selalu', 'minta', 'pembaruan', 'giliran', 'pelayanan', 'tidak', 'tidak_pernah', 'pembaruan', 'tenaga', 'kesehatan', 'fasilitas', 'kesehatan', 'sarana', 'prasarana']","['aplikasi', 'selalu', 'minta', 'baru', 'gilir', 'layan', 'tidak', 'tidak_pernah', 'baru', 'tenaga', 'sehat', 'fasilitas', 'sehat', 'sarana', 'prasarana']",aplikasi selalu minta baru gilir layan tidak tidak_pernah baru tenaga sehat fasilitas sehat sarana prasarana
e0a82585-3164-4049-b173-20c1fe047463,"bagus,sangat membantu",5,2026-06-06,21,Juni,positif,bagus sangat membantu,bagus sangat membantu,"['bagus', 'sangat', 'membantu']","['bagus', 'sangat', 'membantu']","['bagus', 'sangat', 'membantu']","['bagus', 'sangat', 'bantu']",bagus sangat bantu
e0c846f3-9909-4197-af27-8bdec04bbe77,"belum tutup jam operasional, tapi sudah tutup pendaftaran online, orang mana tau ya sakit nya jam2 berapa nya.",1,2026-06-07,20,Juni,negatif,belum tutup jam operasional tapi sudah tutup pendaftaran online orang mana tau ya sakit nya jam2 berapa nya,belum tutup jam operasional tapi sudah tutup pendaftaran daring orang mana tahu ya sakit nya jam-jam berapa nya,"['belum', 'tutup', 'jam', 'operasional', 'tapi', 'sudah', 'tutup', 'pendaftaran', 'daring', 'orang', 'mana', 'tahu', 'ya', 'sakit', 'nya', 'jam-jam', 'berapa', 'nya']","['tutup', 'jam', 'operasional', 'tutup', 'pendaftaran', 'daring', 'orang', 'mana', 'tahu', 'sakit', 'jam-jam', 'berapa']","['tutup', 'jam', 'operasional', 'tutup', 'pendaftaran', 'daring', 'orang', 'mana', 'tahu', 'sakit', 'jam-jam', 'berapa']","['tutup', 'jam', 'operasional', 'tutup', 'daftar', 'daring', 'orang', 'mana', 'tahu', 'sakit', 'jam', 'berapa']",tutup jam operasional tutup daftar daring orang mana tahu sakit jam berapa
e0cee70b-1fdb-4cf7-8de9-09bc125bc38e,"semoga bagus.,",5,2026-08-22,9,Agustus,netral,semoga bagus,semoga bagus,"['semoga', 'bagus']","['semoga', 'bagus']","['semoga', 'bagus']","['moga', 'bagus']",moga bagus
e10a4f92-eee4-4286-aaaf-2d75a1e4c247,satset lah,5,2026-07-25,15,Juli,positif,satset lah,cepat lah,"['cepat', 'lah']","['cepat', 'lah']","['cepat', 'lah']","['cepat', 'lah']",cepat lah
e149254d-78f8-4f41-955a-6a0805925474,mau ambil antrian online rujukan lewat aplikasi ini malah eror sitem.,2,2026-06-14,21,Juni,negatif,mau ambil antrian online rujukan lewat aplikasi ini malah eror sitem,mau ambil antrean daring rujukan lewat aplikasi ini malah error sistem,"['mau', 'ambil', 'antrean', 'daring', 'rujukan', 'lewat', 'aplikasi', 'ini', 'malah', 'error', 'sistem']","['mau', 'ambil', 'antrean', 'daring', 'rujukan', 'lewat', 'aplikasi', 'malah', 'error', 'sistem']","['mau', 'ambil', 'antrean', 'daring', 'rujukan', 'lewat', 'aplikasi', 'malah', 'error', 'sistem']","['mau', 'ambil', 'antre', 'daring', 'rujuk', 'lewat', 'aplikasi', 'malah', 'error', 'sistem']",mau ambil antre daring rujuk lewat aplikasi malah error sistem
e154ccda-b8af-4bd2-90cb-ed40b42d7ed9,"ini apk jadwalnya dokternya ada tapi gak bisa di pilih, broken banget pokoknya padahal ini sangat membantu tapi sistemnya harus diperbaiki lagi",1,2026-08-29,7,Agustus,negatif,ini apk jadwalnya dokternya ada tapi gak bisa di pilih broken banget pokoknya padahal ini sangat membantu tapi sistemnya harus diperbaiki lagi,ini aplikasi jadwalnya dokternya ada tapi tidak bisa di pilih rusak sangat pokoknya padahal ini sangat membantu tapi sistemnya harus diperbaiki lagi,"['ini', 'aplikasi', 'jadwalnya', 'dokternya', 'ada', 'tapi', 'tidak', 'bisa', 'di', 'pilih', 'rusak', 'sangat', 'pokoknya', 'padahal', 'ini', 'sangat', 'membantu', 'tapi', 'sistemnya', 'harus', 'diperbaiki', 'lagi']","['aplikasi', 'jadwalnya', 'dokternya', 'tidak', 'pilih', 'rusak', 'sangat', 'pokoknya', 'padahal', 'sangat', 'membantu', 'sistemnya', 'diperbaiki']","['aplikasi', 'jadwalnya', 'dokternya', 'tidak', 'tidak_pilih', 'rusak', 'sangat', 'pokoknya', 'padahal', 'sangat', 'membantu', 'sistemnya', 'diperbaiki']","['aplikasi', 'jadwal', 'dokter', 'tidak', 'tidak_pilih', 'rusak', 'sangat', 'pokok', 'padahal', 'sangat', 'bantu', 'sistem', 'perbaiki']",aplikasi jadwal dokter tidak tidak_pilih rusak sangat pokok padahal sangat bantu sistem perbaiki
e1a69588-0f4a-456a-9e97-c67a134097d0,kenapa aplikasi ini TDK konec dengan semua hp dulu masih bisa buka di hp sy sekarang TDK bisa lagi,1,2026-07-28,13,Juli,negatif,kenapa aplikasi ini tdk konec dengan semua hp dulu masih bisa buka di hp sy sekarang tdk bisa lagi,kenapa aplikasi ini tidak terhubung dengan semua ponsel dulu masih bisa buka di ponsel saya sekarang tidak bisa lagi,"['kenapa', 'aplikasi', 'ini', 'tidak', 'terhubung', 'dengan', 'semua', 'ponsel', 'dulu', 'masih', 'bisa', 'buka', 'di', 'ponsel', 'saya', 'sekarang', 'tidak', 'bisa', 'lagi']","['aplikasi', 'tidak', 'terhubung', 'semua', 'ponsel', 'dulu', 'buka', 'ponsel', 'sekarang', 'tidak']","['aplikasi', 'tidak', 'tidak_terhubung', 'semua', 'ponsel', 'dulu', 'buka', 'ponsel', 'sekarang', 'tidak']","['aplikasi', 'tidak', 'tidak_hubung', 'semua', 'ponsel', 'dulu', 'buka', 'ponsel', 'sekarang', 'tidak']",aplikasi tidak tidak_hubung semua ponsel dulu buka ponsel sekarang tidak
e1d44dc0-f683-46f2-a497-37c9692af51c,Alhamdulillah,5,2026-06-16,22,Juni,netral,alhamdulillah,alhamdulillah,['alhamdulillah'],['alhamdulillah'],['alhamdulillah'],['alhamdulillah'],alhamdulillah
e20f731e-a027-4d05-a688-bc7d03b4ab27,aplikasi bodol,1,2026-08-12,8,Agustus,negatif,aplikasi bodol,aplikasi bodoh,"['aplikasi', 'bodoh']","['aplikasi', 'bodoh']","['aplikasi', 'bodoh']","['aplikasi', 'bodoh']",aplikasi bodoh
e210d428-6e78-466d-a4f3-dbe4d974e4af,aplikasi jembodddd masa login login mulu gjlss,1,2026-06-12,23,Juni,negatif,aplikasi jembodddd masa login login mulu gjlss,aplikasi buruk masa login login terus-menerus tidak jelas,"['aplikasi', 'buruk', 'masa', 'login', 'login', 'terus-menerus', 'tidak', 'jelas']","['aplikasi', 'buruk', 'masa', 'login', 'login', 'terus-menerus', 'tidak', 'jelas']","['aplikasi', 'buruk', 'masa', 'login', 'login', 'terus-menerus', 'tidak', 'tidak_jelas']","['aplikasi', 'buruk', 'masa', 'login', 'login', 'terus', 'tidak', 'tidak_jelas']",aplikasi buruk masa login login terus tidak tidak_jelas
e249b1e5-c679-4831-9a52-7fc4ce691763,ok,5,2026-06-23,19,Juni,positif,ok,oke,['oke'],['oke'],['oke'],['oke'],oke
e28ff376-5a95-482e-88ea-284ed0ce5093,terimakasih atas pelayananya sangat memuaskan 🙏🙏 sukses selalu buat staff BPJS,5,2026-07-24,19,Juli,positif,terimakasih atas pelayananya sangat memuaskan sukses selalu buat staff bpjs,terima kasih atas pelayanannya sangat memuaskan sukses selalu buat staf bpjs,"['terima', 'kasih', 'atas', 'pelayanannya', 'sangat', 'memuaskan', 'sukses', 'selalu', 'buat', 'staf', 'bpjs']","['terima', 'kasih', 'atas', 'pelayanannya', 'sangat', 'memuaskan', 'sukses', 'selalu', 'buat', 'staf', 'bpjs']","['terima', 'kasih', 'atas', 'pelayanannya', 'sangat', 'memuaskan', 'sukses', 'selalu', 'buat', 'staf', 'bpjs']","['terima', 'kasih', 'atas', 'layan', 'sangat', 'muas', 'sukses', 'selalu', 'buat', 'staf', 'bpjs']",terima kasih atas layan sangat muas sukses selalu buat staf bpjs
e2afa808-c4d0-4d48-8e08-b81670cc307a,tolong munculkan lagi menu pelunasan rehab,4,2026-07-07,4,Juli,netral,tolong munculkan lagi menu pelunasan rehab,tolong munculkan lagi menu pelunasan rehabilitasi,"['tolong', 'munculkan', 'lagi', 'menu', 'pelunasan', 'rehabilitasi']","['munculkan', 'menu', 'pelunasan', 'rehabilitasi']","['munculkan', 'menu', 'pelunasan', 'rehabilitasi']","['muncul', 'menu', 'lunas', 'rehabilitasi']",muncul menu lunas rehabilitasi
e2fdbee5-b0fa-4a55-92f0-2cb8e8203ddb,mantap,5,2026-06-02,9,Juni,positif,mantap,mantap,['mantap'],['mantap'],['mantap'],['mantap'],mantap
e3322068-87b0-4360-b9ee-032f5e70c82c,"Tolong perbaiki.. tidak bisa dipencet tombol login, meski NIK, password dan capcha sudah diisi.",1,2026-07-23,17,Juli,negatif,tolong perbaiki tidak bisa dipencet tombol login meski nik password dan capcha sudah diisi,tolong perbaiki tidak bisa ditekan tombol login meski nik kata sandi dan captcha sudah diisi,"['tolong', 'perbaiki', 'tidak', 'bisa', 'ditekan', 'tombol', 'login', 'meski', 'nik', 'kata', 'sandi', 'dan', 'captcha', 'sudah', 'diisi']","['perbaiki', 'tidak', 'ditekan', 'tombol', 'login', 'meski', 'nik', 'kata', 'sandi', 'captcha', 'diisi']","['perbaiki', 'tidak', 'tidak_ditekan', 'tombol', 'login', 'meski', 'nik', 'kata', 'sandi', 'captcha', 'diisi']","['perbaiki', 'tidak', 'tidak_tekan', 'tombol', 'login', 'meski', 'nik', 'kata', 'sandi', 'captcha', 'isi']",perbaiki tidak tidak_tekan tombol login meski nik kata sandi captcha isi
e35efe9c-8820-4436-be49-431f78d37fd1,harus lebih di tingkatkan,4,2026-06-30,16,Juni,netral,harus lebih di tingkatkan,harus lebih di tingkatkan,"['harus', 'lebih', 'di', 'tingkatkan']","['lebih', 'tingkatkan']","['lebih', 'tingkatkan']","['lebih', 'tingkat']",lebih tingkat
e37e3c47-2a1e-47d3-8e65-6ddf414bace7,aplikasi busuk sangat sangat busukkk,1,2026-06-18,4,Juni,negatif,aplikasi busuk sangat sangat busukkk,aplikasi busuk sangat sangat busuk,"['aplikasi', 'busuk', 'sangat', 'sangat', 'busuk']","['aplikasi', 'busuk', 'sangat', 'sangat', 'busuk']","['aplikasi', 'busuk', 'sangat', 'sangat', 'busuk']","['aplikasi', 'busuk', 'sangat', 'sangat', 'busuk']",aplikasi busuk sangat sangat busuk
e38ca1c2-0137-41fd-b068-8a3ebd39ef72,jelek banget banget banget udah beberapa kali coba verifikasi nya sulit banget berkali kali kendala di verifikasi wajah sampe di ulang berhari hari udah bisa verifikasi wajah kendala di verifikasi nomor hp berkali kali di coba bahkan di lain lain hari di coba lagi tetep ajj ada gangguan lah belum bisa melayani lah ribet banget,1,2026-07-29,8,Juli,negatif,jelek banget banget banget udah beberapa kali coba verifikasi nya sulit banget berkali kali kendala di verifikasi wajah sampe di ulang berhari hari udah bisa verifikasi wajah kendala di verifikasi nomor hp berkali kali di coba bahkan di lain lain hari di coba lagi tetep ajj ada gangguan lah belum bisa melayani lah ribet banget,jelek sangat sangat sangat sudah beberapa kali coba verifikasi nya sulit sangat berkali kali kendala di verifikasi wajah sampai di ulang berhari hari sudah bisa verifikasi wajah kendala di verifikasi nomor ponsel berkali kali dicoba bahkan di lain lain hari dicoba lagi tetap saja ada gangguan lah belum bisa melayani lah rumit sangat,"['jelek', 'sangat', 'sangat', 'sangat', 'sudah', 'beberapa', 'kali', 'coba', 'verifikasi', 'nya', 'sulit', 'sangat', 'berkali', 'kali', 'kendala', 'di', 'verifikasi', 'wajah', 'sampai', 'di', 'ulang', 'berhari', 'hari', 'sudah', 'bisa', 'verifikasi', 'wajah', 'kendala', 'di', 'verifikasi', 'nomor', 'ponsel', 'berkali', 'kali', 'dicoba', 'bahkan', 'di', 'lain', 'lain', 'hari', 'dicoba', 'lagi', 'tetap', 'saja', 'ada', 'gangguan', 'lah', 'belum', 'bisa', 'melayani', 'lah', 'rumit', 'sangat']","['jelek', 'sangat', 'sangat', 'sangat', 'beberapa', 'kali', 'coba', 'verifikasi', 'sulit', 'sangat', 'berkali', 'kali', 'kendala', 'verifikasi', 'wajah', 'ulang', 'berhari', 'hari', 'verifikasi', 'wajah', 'kendala', 'verifikasi', 'nomor', 'ponsel', 'berkali', 'kali', 'dicoba', 'bahkan', 'hari', 'dicoba', 'tetap', 'gangguan', 'lah', 'melayani', 'lah', 'rumit', 'sangat']","['jelek', 'sangat', 'sangat', 'sangat', 'beberapa', 'kali', 'coba', 'verifikasi', 'sulit', 'sangat', 'berkali', 'kali', 'kendala', 'verifikasi', 'wajah', 'ulang', 'berhari', 'hari', 'verifikasi', 'wajah', 'kendala', 'verifikasi', 'nomor', 'ponsel', 'berkali', 'kali', 'dicoba', 'bahkan', 'hari', 'dicoba', 'tetap', 'gangguan', 'lah', 'melayani', 'lah', 'rumit', 'sangat']","['jelek', 'sangat', 'sangat', 'sangat', 'beberapa', 'kali', 'coba', 'verifikasi', 'sulit', 'sangat', 'kali', 'kali', 'kendala', 'verifikasi', 'wajah', 'ulang', 'hari', 'hari', 'verifikasi', 'wajah', 'kendala', 'verifikasi', 'nomor', 'ponsel', 'kali', 'kali', 'coba', 'bahkan', 'hari', 'coba', 'tetap', 'ganggu', 'lah', 'layan', 'lah', 'rumit', 'sangat']",jelek sangat sangat sangat beberapa kali coba verifikasi sulit sangat kali kali kendala verifikasi wajah ulang hari hari verifikasi wajah kendala verifikasi nomor ponsel kali kali coba bahkan hari coba tetap ganggu lah layan lah rumit sangat
e469ebd9-0bde-4bd0-9b72-c4edd28ce2bf,bagus,5,2026-07-16,10,Juli,positif,bagus,bagus,['bagus'],['bagus'],['bagus'],['bagus'],bagus
e4d380d7-a79c-4f91-8e16-9f3d5a72f834,sangat membantu,5,2026-07-15,12,Juli,positif,sangat membantu,sangat membantu,"['sangat', 'membantu']","['sangat', 'membantu']","['sangat', 'membantu']","['sangat', 'bantu']",sangat bantu
e507e58d-7e49-4306-a5b7-e8aab9e90c74,bagus,5,2026-06-07,12,Juni,positif,bagus,bagus,['bagus'],['bagus'],['bagus'],['bagus'],bagus
e57e9926-a4a8-4c8a-a772-9cf61537aa5b,untuk mempermudah orang tua dalam pelayanan kesehatan,5,2026-06-12,18,Juni,netral,untuk mempermudah orang tua dalam pelayanan kesehatan,untuk mempermudah orang tua dalam pelayanan kesehatan,"['untuk', 'mempermudah', 'orang', 'tua', 'dalam', 'pelayanan', 'kesehatan']","['mempermudah', 'orang', 'tua', 'pelayanan', 'kesehatan']","['mempermudah', 'orang', 'tua', 'pelayanan', 'kesehatan']","['mudah', 'orang', 'tua', 'layan', 'sehat']",mudah orang tua layan sehat
e58731ee-d871-41f6-8daf-72a71b9e3743,ini gimana mau nonaktifkan BPJS kesehatan,1,2026-06-26,20,Juni,netral,ini gimana mau nonaktifkan bpjs kesehatan,ini bagaimana mau nonaktifkan bpjs kesehatan,"['ini', 'bagaimana', 'mau', 'nonaktifkan', 'bpjs', 'kesehatan']","['bagaimana', 'mau', 'nonaktifkan', 'bpjs', 'kesehatan']","['bagaimana', 'mau', 'nonaktifkan', 'bpjs', 'kesehatan']","['bagaimana', 'mau', 'nonaktif', 'bpjs', 'sehat']",bagaimana mau nonaktif bpjs sehat
e59b1f32-8aa2-45ef-b9d9-ecca0ead0f74,tolong di perbaiki apk nya soal nya tidak bisa login,3,2026-08-27,8,Agustus,negatif,tolong di perbaiki apk nya soal nya tidak bisa login,tolong diperbaiki aplikasi nya soal nya tidak bisa login,"['tolong', 'diperbaiki', 'aplikasi', 'nya', 'soal', 'nya', 'tidak', 'bisa', 'login']","['diperbaiki', 'aplikasi', 'soal', 'tidak', 'login']","['diperbaiki', 'aplikasi', 'soal', 'tidak', 'tidak_login']","['perbaiki', 'aplikasi', 'soal', 'tidak', 'tidak_login']",perbaiki aplikasi soal tidak tidak_login
e60d2643-7db1-480b-b43d-347de9642240,buat apa di bikin kalau mempersulit sama aja bohong,1,2026-06-15,19,Juni,negatif,buat apa di bikin kalau mempersulit sama aja bohong,buat apa di membuat kalau mempersulit sama saja bohong,"['buat', 'apa', 'di', 'membuat', 'kalau', 'mempersulit', 'sama', 'saja', 'bohong']","['buat', 'apa', 'membuat', 'kalau', 'mempersulit', 'sama', 'bohong']","['buat', 'apa', 'membuat', 'kalau', 'mempersulit', 'sama', 'bohong']","['buat', 'apa', 'buat', 'kalau', 'sulit', 'sama', 'bohong']",buat apa buat kalau sulit sama bohong
e60f564e-1613-4ba7-a5be-42127f86d472,semoga membantu,5,2026-08-07,1,Agustus,netral,semoga membantu,semoga membantu,"['semoga', 'membantu']","['semoga', 'membantu']","['semoga', 'membantu']","['moga', 'bantu']",moga bantu
e6204e60-2d98-4d59-b961-f573e4daf454,Alhamdulillah smoga jadi asbab hidayah,5,2026-06-09,9,Juni,netral,alhamdulillah smoga jadi asbab hidayah,alhamdulillah smoga jadi asbab hidayah,"['alhamdulillah', 'smoga', 'jadi', 'asbab', 'hidayah']","['alhamdulillah', 'smoga', 'jadi', 'asbab', 'hidayah']","['alhamdulillah', 'smoga', 'jadi', 'asbab', 'hidayah']","['alhamdulillah', 'smoga', 'jadi', 'asbab', 'hidayah']",alhamdulillah smoga jadi asbab hidayah
e62a0b44-a4e9-4dae-8bc3-6447bf32ead1,"saya mau login ulang, tapi dibagian masukin kode captcha kenapa kode selalu salah? saya bahkan sudah lebih dari 10x mencoba dan mengisi kode captcha sesuai dengan yang tertera di kode lalu mengapa informasi yang saya dapatkan adalah ""kode captcha anda tidak valid?"" tolong beribu-ribu tolong ini mah ya, saya bener-bener capek sudah 2 hari tetap saja dibagian captcha nya selalu ada informasi ""kode captcha anda tidak valid""",1,2026-08-31,15,Agustus,negatif,saya mau login ulang tapi dibagian masukin kode captcha kenapa kode selalu salah saya bahkan sudah lebih dari 10x mencoba dan mengisi kode captcha sesuai dengan yang tertera di kode lalu mengapa informasi yang saya dapatkan adalah kode captcha anda tidak valid tolong beribu ribu tolong ini mah ya saya bener bener capek sudah 2 hari tetap saja dibagian captcha nya selalu ada informasi kode captcha anda tidak valid,saya mau login ulang tapi di bagian masukkan kode captcha kenapa kode selalu salah saya bahkan sudah lebih dari 10 kali mencoba dan mengisi kode captcha sesuai dengan yang tertera di kode lalu mengapa informasi yang saya dapatkan adalah kode captcha anda tidak valid tolong beribu ribu tolong ini mah ya saya benar benar lelah sudah 2 hari tetap saja di bagian captcha nya selalu ada informasi kode captcha anda tidak valid,"['saya', 'mau', 'login', 'ulang', 'tapi', 'di', 'bagian', 'masukkan', 'kode', 'captcha', 'kenapa', 'kode', 'selalu', 'salah', 'saya', 'bahkan', 'sudah', 'lebih', 'dari', '10', 'kali', 'mencoba', 'dan', 'mengisi', 'kode', 'captcha', 'sesuai', 'dengan', 'yang', 'tertera', 'di', 'kode', 'lalu', 'mengapa', 'informasi', 'yang', 'saya', 'dapatkan', 'adalah', 'kode', 'captcha', 'anda', 'tidak', 'valid', 'tolong', 'beribu', 'ribu', 'tolong', 'ini', 'mah', 'ya', 'saya', 'benar', 'benar', 'lelah', 'sudah', '2', 'hari', 'tetap', 'saja', 'di', 'bagian', 'captcha', 'nya', 'selalu', 'ada', 'informasi', 'kode', 'captcha', 'anda', 'tidak', 'valid']","['mau', 'login', 'ulang', 'bagian', 'masukkan', 'kode', 'captcha', 'kode', 'selalu', 'salah', 'bahkan', 'lebih', '10', 'kali', 'mencoba', 'mengisi', 'kode', 'captcha', 'sesuai', 'tertera', 'kode', 'lalu', 'informasi', 'dapatkan', 'kode', 'captcha', 'tidak', 'valid', 'beribu', 'ribu', 'mah', 'benar', 'benar', 'lelah', '2', 'hari', 'tetap', 'bagian', 'captcha', 'selalu', 'informasi', 'kode', 'captcha', 'tidak', 'valid']","['mau', 'login', 'ulang', 'bagian', 'masukkan', 'kode', 'captcha', 'kode', 'selalu', 'salah', 'bahkan', 'lebih', '10', 'kali', 'mencoba', 'mengisi', 'kode', 'captcha', 'sesuai', 'tertera', 'kode', 'lalu', 'informasi', 'dapatkan', 'kode', 'captcha', 'tidak', 'tidak_valid', 'beribu', 'ribu', 'mah', 'benar', 'benar', 'lelah', '2', 'hari', 'tetap', 'bagian', 'captcha', 'selalu', 'informasi', 'kode', 'captcha', 'tidak', 'tidak_valid']","['mau', 'login', 'ulang', 'bagi', 'masuk', 'kode', 'captcha', 'kode', 'selalu', 'salah', 'bahkan', 'lebih', '10', 'kali', 'coba', 'isi', 'kode', 'captcha', 'sesuai', 'tera', 'kode', 'lalu', 'informasi', 'dapat', 'kode', 'captcha', 'tidak', 'tidak_valid', 'ibu', 'ribu', 'mah', 'benar', 'benar', 'lelah', '2', 'hari', 'tetap', 'bagi', 'captcha', 'selalu', 'informasi', 'kode', 'captcha', 'tidak', 'tidak_valid']",mau login ulang bagi masuk kode captcha kode selalu salah bahkan lebih 10 kali coba isi kode captcha sesuai tera kode lalu informasi dapat kode captcha tidak tidak_valid ibu ribu mah benar benar lelah 2 hari tetap bagi captcha selalu informasi kode captcha tidak tidak_valid
e65274fc-e36a-4463-a168-f9219720e664,mantap deh pokoknya,5,2026-06-13,21,Juni,positif,mantap deh pokoknya,mantap deh pokoknya,"['mantap', 'deh', 'pokoknya']","['mantap', 'deh', 'pokoknya']","['mantap', 'deh', 'pokoknya']","['mantap', 'deh', 'pokok']",mantap deh pokok
e658d857-0f6a-4a77-8ea5-4f108bc0777b,"g berguna,buat daftar g bisa",1,2026-06-28,18,Juni,negatif,g berguna buat daftar g bisa,tidak berguna buat daftar tidak bisa,"['tidak', 'berguna', 'buat', 'daftar', 'tidak', 'bisa']","['tidak', 'berguna', 'buat', 'daftar', 'tidak']","['tidak', 'tidak_berguna', 'buat', 'daftar', 'tidak']","['tidak', 'tidak_guna', 'buat', 'daftar', 'tidak']",tidak tidak_guna buat daftar tidak
e6b70962-ab0a-4238-ba99-2b3eb726c0d1,"Aplikasi Aneh,masa ngirim OTP aja gak muncul muncul,udah pake hp yang berbeda sama aja,kok bisa sih cuma urusan lupa sandi seribet itu",5,2026-07-11,17,Juli,negatif,aplikasi aneh masa ngirim otp aja gak muncul muncul udah pake hp yang berbeda sama aja kok bisa sih cuma urusan lupa sandi seribet itu,aplikasi aneh masa mengirim otp saja tidak muncul sudah pakai ponsel yang berbeda sama saja kok bisa sih hanya urusan lupa sandi serumit itu,"['aplikasi', 'aneh', 'masa', 'mengirim', 'otp', 'saja', 'tidak', 'muncul', 'sudah', 'pakai', 'ponsel', 'yang', 'berbeda', 'sama', 'saja', 'kok', 'bisa', 'sih', 'hanya', 'urusan', 'lupa', 'sandi', 'serumit', 'itu']","['aplikasi', 'aneh', 'masa', 'mengirim', 'otp', 'tidak', 'muncul', 'pakai', 'ponsel', 'berbeda', 'sama', 'kok', 'sih', 'urusan', 'lupa', 'sandi', 'serumit']","['aplikasi', 'aneh', 'masa', 'mengirim', 'otp', 'tidak', 'tidak_muncul', 'pakai', 'ponsel', 'berbeda', 'sama', 'kok', 'sih', 'urusan', 'lupa', 'sandi', 'serumit']","['aplikasi', 'aneh', 'masa', 'kirim', 'otp', 'tidak', 'tidak_muncul', 'pakai', 'ponsel', 'beda', 'sama', 'kok', 'sih', 'urus', 'lupa', 'sandi', 'rumit']",aplikasi aneh masa kirim otp tidak tidak_muncul pakai ponsel beda sama kok sih urus lupa sandi rumit
e6be445c-5530-4fb9-820f-2662f0055356,tingkat kan permudah aplikasi untuk orang yang membutuhkan,5,2026-06-11,9,Juni,netral,tingkat kan permudah aplikasi untuk orang yang membutuhkan,tingkat kan permudah aplikasi untuk orang yang membutuhkan,"['tingkat', 'kan', 'permudah', 'aplikasi', 'untuk', 'orang', 'yang', 'membutuhkan']","['tingkat', 'kan', 'permudah', 'aplikasi', 'orang', 'membutuhkan']","['tingkat', 'kan', 'permudah', 'aplikasi', 'orang', 'membutuhkan']","['tingkat', 'kan', 'mudah', 'aplikasi', 'orang', 'butuh']",tingkat kan mudah aplikasi orang butuh
e764df66-281a-40e2-9d18-a44330032c5b,Pasword bener captcha udah bener tetep aja susah masuk,1,2026-06-30,16,Juni,negatif,pasword bener captcha udah bener tetep aja susah masuk,kata sandi benar captcha sudah benar tetap saja susah masuk,"['kata', 'sandi', 'benar', 'captcha', 'sudah', 'benar', 'tetap', 'saja', 'susah', 'masuk']","['kata', 'sandi', 'benar', 'captcha', 'benar', 'tetap', 'susah', 'masuk']","['kata', 'sandi', 'benar', 'captcha', 'benar', 'tetap', 'susah', 'masuk']","['kata', 'sandi', 'benar', 'captcha', 'benar', 'tetap', 'susah', 'masuk']",kata sandi benar captcha benar tetap susah masuk
e7ebfc7c-2f9f-45ba-88a8-da34a080cf97,ini krnapa saya masuk nomer hp otp ngga ada padahal nomer sudah bener,4,2026-08-19,17,Agustus,negatif,ini krnapa saya masuk nomer hp otp ngga ada padahal nomer sudah bener,ini kenapa saya masuk nomor ponsel otp tidak ada padahal nomor sudah benar,"['ini', 'kenapa', 'saya', 'masuk', 'nomor', 'ponsel', 'otp', 'tidak', 'ada', 'padahal', 'nomor', 'sudah', 'benar']","['masuk', 'nomor', 'ponsel', 'otp', 'tidak', 'padahal', 'nomor', 'benar']","['masuk', 'nomor', 'ponsel', 'otp', 'tidak', 'tidak_padahal', 'nomor', 'benar']","['masuk', 'nomor', 'ponsel', 'otp', 'tidak', 'tidak_padahal', 'nomor', 'benar']",masuk nomor ponsel otp tidak tidak_padahal nomor benar
e8be31cc-9d03-4cb8-bfdd-7483e044adc8,ok is the best,5,2026-08-24,14,Agustus,positif,ok is the best,oke yang terbaik,"['oke', 'yang', 'terbaik']","['oke', 'terbaik']","['oke', 'terbaik']","['oke', 'baik']",oke baik
e9167adf-d99f-4f74-9277-c33aced401cc,bikin ribet aja daftar coba lagi Mulu udah kaya gosok hadiah di jajan,1,2026-07-07,21,Juli,negatif,bikin ribet aja daftar coba lagi mulu udah kaya gosok hadiah di jajan,membuat rumit saja daftar coba lagi terus-menerus sudah kaya gosok hadiah di jajan,"['membuat', 'rumit', 'saja', 'daftar', 'coba', 'lagi', 'terus-menerus', 'sudah', 'kaya', 'gosok', 'hadiah', 'di', 'jajan']","['membuat', 'rumit', 'daftar', 'coba', 'terus-menerus', 'kaya', 'gosok', 'hadiah', 'jajan']","['membuat', 'rumit', 'daftar', 'coba', 'terus-menerus', 'kaya', 'gosok', 'hadiah', 'jajan']","['buat', 'rumit', 'daftar', 'coba', 'terus', 'kaya', 'gosok', 'hadiah', 'jajan']",buat rumit daftar coba terus kaya gosok hadiah jajan
e95b4265-d0c0-4f44-b815-12bb8627e345,"is very good, i like it",5,2026-08-16,21,Agustus,positif,is very good i like it,sangat bagus saya suka,"['sangat', 'bagus', 'saya', 'suka']","['sangat', 'bagus', 'suka']","['sangat', 'bagus', 'suka']","['sangat', 'bagus', 'suka']",sangat bagus suka
e9ac1abe-a898-4e3e-98ec-847376732428,ini knp ko gak bisa di akses??,4,2026-07-22,12,Juli,negatif,ini knp ko gak bisa di akses,ini kenapa kok tidak bisa di akses,"['ini', 'kenapa', 'kok', 'tidak', 'bisa', 'di', 'akses']","['kok', 'tidak', 'akses']","['kok', 'tidak', 'tidak_akses']","['kok', 'tidak', 'tidak_akses']",kok tidak tidak_akses
e9c66261-bbe5-4580-81e7-2b5844d15374,oke,5,2026-08-08,5,Agustus,positif,oke,oke,['oke'],['oke'],['oke'],['oke'],oke
e9eb24e6-62fe-42e3-9b1f-a3d2a7e9ffd5,mantap,5,2026-07-20,16,Juli,positif,mantap,mantap,['mantap'],['mantap'],['mantap'],['mantap'],mantap
e9feffa0-8c35-4d10-9d39-d05048ce9e30,simple,5,2026-06-02,8,Juni,positif,simple,sederhana,['sederhana'],['sederhana'],['sederhana'],['sederhana'],sederhana
ea25bdee-ba50-4d5d-abbf-70241ae532ce,Captcha dihilangkan saja biar mempercepat Login dan mempermudah pengguna bagi Lansia,4,2026-06-25,12,Juni,netral,captcha dihilangkan saja biar mempercepat login dan mempermudah pengguna bagi lansia,captcha dihilangkan saja agar mempercepat login dan mempermudah pengguna bagi lansia,"['captcha', 'dihilangkan', 'saja', 'agar', 'mempercepat', 'login', 'dan', 'mempermudah', 'pengguna', 'bagi', 'lansia']","['captcha', 'dihilangkan', 'mempercepat', 'login', 'mempermudah', 'pengguna', 'lansia']","['captcha', 'dihilangkan', 'mempercepat', 'login', 'mempermudah', 'pengguna', 'lansia']","['captcha', 'hilang', 'cepat', 'login', 'mudah', 'guna', 'lansia']",captcha hilang cepat login mudah guna lansia
ea480245-6a30-4b97-9fa7-44a12f145601,"susah untuk kirim kode otp aja lama bangett,perlu perbaikan bangett",1,2026-07-20,4,Juli,negatif,susah untuk kirim kode otp aja lama bangett perlu perbaikan bangett,susah untuk kirim kode otp saja lama sangat perlu perbaikan sangat,"['susah', 'untuk', 'kirim', 'kode', 'otp', 'saja', 'lama', 'sangat', 'perlu', 'perbaikan', 'sangat']","['susah', 'kirim', 'kode', 'otp', 'lama', 'sangat', 'perlu', 'perbaikan', 'sangat']","['susah', 'kirim', 'kode', 'otp', 'lama', 'sangat', 'perlu', 'perbaikan', 'sangat']","['susah', 'kirim', 'kode', 'otp', 'lama', 'sangat', 'perlu', 'perbaiki', 'sangat']",susah kirim kode otp lama sangat perlu perbaiki sangat
ea76c9d5-7bd8-4acd-9c1f-3959320a76c6,bagus bnget dan membantu,5,2026-07-22,10,Juli,positif,bagus bnget dan membantu,bagus sangat dan membantu,"['bagus', 'sangat', 'dan', 'membantu']","['bagus', 'sangat', 'membantu']","['bagus', 'sangat', 'membantu']","['bagus', 'sangat', 'bantu']",bagus sangat bantu
ead3f05e-443c-4dc8-a819-9161ca0a08ff,jujur aku tuh jarang banget kasih review aplikasi. Tapi ini bener2 mendesak mau log in gabisa2 karena captcha nya salah padahal udah bener. dan itu berkali2 padahal mau daftar buat rujukan😭,2,2026-07-06,10,Juli,negatif,jujur aku tuh jarang banget kasih review aplikasi tapi ini bener2 mendesak mau log in gabisa2 karena captcha nya salah padahal udah bener dan itu berkali2 padahal mau daftar buat rujukan,jujur aku itu jarang sangat kasih ulasan aplikasi tapi ini benar-benar mendesak mau login tidak bisa karena captcha nya salah padahal sudah benar dan itu berkali-kali padahal mau daftar buat rujukan,"['jujur', 'aku', 'itu', 'jarang', 'sangat', 'kasih', 'ulasan', 'aplikasi', 'tapi', 'ini', 'benar-benar', 'mendesak', 'mau', 'login', 'tidak', 'bisa', 'karena', 'captcha', 'nya', 'salah', 'padahal', 'sudah', 'benar', 'dan', 'itu', 'berkali-kali', 'padahal', 'mau', 'daftar', 'buat', 'rujukan']","['jujur', 'aku', 'jarang', 'sangat', 'kasih', 'ulasan', 'aplikasi', 'benar-benar', 'mendesak', 'mau', 'login', 'tidak', 'captcha', 'salah', 'padahal', 'benar', 'berkali-kali', 'padahal', 'mau', 'daftar', 'buat', 'rujukan']","['jujur', 'aku', 'jarang', 'sangat', 'kasih', 'ulasan', 'aplikasi', 'benar-benar', 'mendesak', 'mau', 'login', 'tidak', 'tidak_captcha', 'salah', 'padahal', 'benar', 'berkali-kali', 'padahal', 'mau', 'daftar', 'buat', 'rujukan']","['jujur', 'aku', 'jarang', 'sangat', 'kasih', 'ulas', 'aplikasi', 'benar', 'desak', 'mau', 'login', 'tidak', 'tidak_captcha', 'salah', 'padahal', 'benar', 'kali', 'padahal', 'mau', 'daftar', 'buat', 'rujuk']",jujur aku jarang sangat kasih ulas aplikasi benar desak mau login tidak tidak_captcha salah padahal benar kali padahal mau daftar buat rujuk
eafc611b-e2c1-4c6f-840f-b94696f6505c,sangat membantu,5,2026-06-28,6,Juni,positif,sangat membantu,sangat membantu,"['sangat', 'membantu']","['sangat', 'membantu']","['sangat', 'membantu']","['sangat', 'bantu']",sangat bantu
eb10ae5f-cfad-484e-b051-8f98d7e149d8,"Segera perbaiki sistemnya 🥲 setiap berusaha daftar, kode OTP SMS tidak masuk 😭🙏 keterangan gagal selalu ""Offline"" padahal kuota banyak😔 ganti ke wifi tetap tidak bisa. Mohon perbaiki segera. Berminggu-minggu nyoba gagal terus 😭🙏😖",1,2026-07-06,14,Juli,negatif,segera perbaiki sistemnya setiap berusaha daftar kode otp sms tidak masuk keterangan gagal selalu offline padahal kuota banyak ganti ke wifi tetap tidak bisa mohon perbaiki segera berminggu minggu nyoba gagal terus,segera perbaiki sistemnya setiap berusaha daftar kode otp sms tidak masuk keterangan gagal selalu luring padahal kuota banyak ganti ke wifi tetap tidak bisa mohon perbaiki segera berminggu minggu mencoba gagal terus,"['segera', 'perbaiki', 'sistemnya', 'setiap', 'berusaha', 'daftar', 'kode', 'otp', 'sms', 'tidak', 'masuk', 'keterangan', 'gagal', 'selalu', 'luring', 'padahal', 'kuota', 'banyak', 'ganti', 'ke', 'wifi', 'tetap', 'tidak', 'bisa', 'mohon', 'perbaiki', 'segera', 'berminggu', 'minggu', 'mencoba', 'gagal', 'terus']","['segera', 'perbaiki', 'sistemnya', 'berusaha', 'daftar', 'kode', 'otp', 'sms', 'tidak', 'masuk', 'keterangan', 'gagal', 'selalu', 'luring', 'padahal', 'kuota', 'banyak', 'ganti', 'wifi', 'tetap', 'tidak', 'mohon', 'perbaiki', 'segera', 'berminggu', 'minggu', 'mencoba', 'gagal', 'terus']","['segera', 'perbaiki', 'sistemnya', 'berusaha', 'daftar', 'kode', 'otp', 'sms', 'tidak', 'tidak_masuk', 'keterangan', 'gagal', 'selalu', 'luring', 'padahal', 'kuota', 'banyak', 'ganti', 'wifi', 'tetap', 'tidak', 'tidak_mohon', 'perbaiki', 'segera', 'berminggu', 'minggu', 'mencoba', 'gagal', 'terus']","['segera', 'perbaiki', 'sistem', 'usaha', 'daftar', 'kode', 'otp', 'sms', 'tidak', 'tidak_masuk', 'terang', 'gagal', 'selalu', 'luring', 'padahal', 'kuota', 'banyak', 'ganti', 'wifi', 'tetap', 'tidak', 'tidak_mohon', 'perbaiki', 'segera', 'minggu', 'minggu', 'coba', 'gagal', 'terus']",segera perbaiki sistem usaha daftar kode otp sms tidak tidak_masuk terang gagal selalu luring padahal kuota banyak ganti wifi tetap tidak tidak_mohon perbaiki segera minggu minggu coba gagal terus
eb2eb97c-e139-43b1-ac0a-071bebf57a73,gampang dehhh,5,2026-07-29,20,Juli,positif,gampang dehhh,mudah deh,"['mudah', 'deh']","['mudah', 'deh']","['mudah', 'deh']","['mudah', 'deh']",mudah deh
eb31141a-590a-4d8d-b948-84696180b434,"sumpah ya ni aplikasi jelek bgt, tiap mau buka pasti harus update versi, harus login akun lgi dari awal bisaa gk si diperbaiki ini mau periksa harus login lagi login lagi padahal aku jarang bgt nulis ulasan gini tpi sumpah ni aplikasi gk bisa ditoleransi bgt",1,2026-06-15,8,Juni,negatif,sumpah ya ni aplikasi jelek bgt tiap mau buka pasti harus update versi harus login akun lgi dari awal bisaa gk si diperbaiki ini mau periksa harus login lagi login lagi padahal aku jarang bgt nulis ulasan gini tpi sumpah ni aplikasi gk bisa ditoleransi bgt,sumpah ya ini aplikasi jelek sangat tiap mau buka pasti harus pembaruan versi harus login akun lagi dari awal bisa tidak si diperbaiki ini mau periksa harus login lagi login lagi padahal aku jarang sangat menulis ulasan begini tapi sumpah ini aplikasi tidak bisa ditoleransi sangat,"['sumpah', 'ya', 'ini', 'aplikasi', 'jelek', 'sangat', 'tiap', 'mau', 'buka', 'pasti', 'harus', 'pembaruan', 'versi', 'harus', 'login', 'akun', 'lagi', 'dari', 'awal', 'bisa', 'tidak', 'si', 'diperbaiki', 'ini', 'mau', 'periksa', 'harus', 'login', 'lagi', 'login', 'lagi', 'padahal', 'aku', 'jarang', 'sangat', 'menulis', 'ulasan', 'begini', 'tapi', 'sumpah', 'ini', 'aplikasi', 'tidak', 'bisa', 'ditoleransi', 'sangat']","['sumpah', 'aplikasi', 'jelek', 'sangat', 'tiap', 'mau', 'buka', 'pembaruan', 'versi', 'login', 'akun', 'awal', 'tidak', 'si', 'diperbaiki', 'mau', 'periksa', 'login', 'login', 'padahal', 'aku', 'jarang', 'sangat', 'menulis', 'ulasan', 'begini', 'sumpah', 'aplikasi', 'tidak', 'ditoleransi', 'sangat']","['sumpah', 'aplikasi', 'jelek', 'sangat', 'tiap', 'mau', 'buka', 'pembaruan', 'versi', 'login', 'akun', 'awal', 'tidak', 'tidak_si', 'diperbaiki', 'mau', 'periksa', 'login', 'login', 'padahal', 'aku', 'jarang', 'sangat', 'menulis', 'ulasan', 'begini', 'sumpah', 'aplikasi', 'tidak', 'tidak_ditoleransi', 'sangat']","['sumpah', 'aplikasi', 'jelek', 'sangat', 'tiap', 'mau', 'buka', 'baru', 'versi', 'login', 'akun', 'awal', 'tidak', 'tidak_si', 'perbaiki', 'mau', 'periksa', 'login', 'login', 'padahal', 'aku', 'jarang', 'sangat', 'tulis', 'ulas', 'begini', 'sumpah', 'aplikasi', 'tidak', 'tidak_toleransi', 'sangat']",sumpah aplikasi jelek sangat tiap mau buka baru versi login akun awal tidak tidak_si perbaiki mau periksa login login padahal aku jarang sangat tulis ulas begini sumpah aplikasi tidak tidak_toleransi sangat
eb34add7-b7ab-4011-bbdb-89b9178aa9d2,mohon di perbaiki dan jaga data pribadi yang terdaftar di bpjs,2,2026-06-30,16,Juni,netral,mohon di perbaiki dan jaga data pribadi yang terdaftar di bpjs,mohon diperbaiki dan jaga data pribadi yang terdaftar di bpjs,"['mohon', 'diperbaiki', 'dan', 'jaga', 'data', 'pribadi', 'yang', 'terdaftar', 'di', 'bpjs']","['mohon', 'diperbaiki', 'jaga', 'data', 'pribadi', 'terdaftar', 'bpjs']","['mohon', 'diperbaiki', 'jaga', 'data', 'pribadi', 'terdaftar', 'bpjs']","['mohon', 'perbaiki', 'jaga', 'data', 'pribadi', 'daftar', 'bpjs']",mohon perbaiki jaga data pribadi daftar bpjs
eb754f17-616e-465c-b7fe-d12e36ea6964,semoga applikasi ini membantu,4,2026-08-17,11,Agustus,netral,semoga applikasi ini membantu,semoga aplikasi ini membantu,"['semoga', 'aplikasi', 'ini', 'membantu']","['semoga', 'aplikasi', 'membantu']","['semoga', 'aplikasi', 'membantu']","['moga', 'aplikasi', 'bantu']",moga aplikasi bantu
eb8a8c4f-8537-4326-b0ab-598edec22bc8,niat mau aktifin bpjs lagi tapi di persulit dengan verifikasi nomer,1,2026-07-15,14,Juli,negatif,niat mau aktifin bpjs lagi tapi di persulit dengan verifikasi nomer,niat mau aktifkan bpjs lagi tapi dipersulit dengan verifikasi nomor,"['niat', 'mau', 'aktifkan', 'bpjs', 'lagi', 'tapi', 'dipersulit', 'dengan', 'verifikasi', 'nomor']","['niat', 'mau', 'aktifkan', 'bpjs', 'dipersulit', 'verifikasi', 'nomor']","['niat', 'mau', 'aktifkan', 'bpjs', 'dipersulit', 'verifikasi', 'nomor']","['niat', 'mau', 'aktif', 'bpjs', 'sulit', 'verifikasi', 'nomor']",niat mau aktif bpjs sulit verifikasi nomor
ebaed385-4bdc-4820-8544-f5cb09e9e355,mudah dalam melakukan update perubahan permintaan faskes,5,2026-08-20,10,Agustus,positif,mudah dalam melakukan update perubahan permintaan faskes,mudah dalam melakukan pembaruan perubahan permintaan faskes,"['mudah', 'dalam', 'melakukan', 'pembaruan', 'perubahan', 'permintaan', 'faskes']","['mudah', 'melakukan', 'pembaruan', 'perubahan', 'permintaan', 'faskes']","['mudah', 'melakukan', 'pembaruan', 'perubahan', 'permintaan', 'faskes']","['mudah', 'laku', 'baru', 'ubah', 'minta', 'faskes']",mudah laku baru ubah minta faskes
ebc209c0-ce2a-4db3-b0be-767e4e474694,"aplikasi nya kurang optimal tiap daftar tingkat lanjutan error terus, sekalinya bisa malah kuota penuh.. trus tiap nik harus nya bisa login d beda device tapi tetep bisa liat nik yg lain dalam 1 KK tersebut, biar kalo ada apa2 ga repotin orang lain untuk daftar dan lain sebagai nya tolong segera di perbaiki",1,2026-08-04,10,Agustus,negatif,aplikasi nya kurang optimal tiap daftar tingkat lanjutan error terus sekalinya bisa malah kuota penuh trus tiap nik harus nya bisa login d beda device tapi tetep bisa liat nik yg lain dalam 1 kk tersebut biar kalo ada apa2 ga repotin orang lain untuk daftar dan lain sebagai nya tolong segera di perbaiki,aplikasi nya kurang optimal tiap daftar tingkat lanjutan error terus sekalinya bisa malah kuota penuh terus tiap nik harus nya bisa login di beda perangkat tapi tetap bisa lihat nik yang lain dalam 1 kk tersebut agar kalau ada apa-apa tidak merepotkan orang lain untuk daftar dan lain sebagai nya tolong segera diperbaiki,"['aplikasi', 'nya', 'kurang', 'optimal', 'tiap', 'daftar', 'tingkat', 'lanjutan', 'error', 'terus', 'sekalinya', 'bisa', 'malah', 'kuota', 'penuh', 'terus', 'tiap', 'nik', 'harus', 'nya', 'bisa', 'login', 'di', 'beda', 'perangkat', 'tapi', 'tetap', 'bisa', 'lihat', 'nik', 'yang', 'lain', 'dalam', '1', 'kk', 'tersebut', 'agar', 'kalau', 'ada', 'apa-apa', 'tidak', 'merepotkan', 'orang', 'lain', 'untuk', 'daftar', 'dan', 'lain', 'sebagai', 'nya', 'tolong', 'segera', 'diperbaiki']","['aplikasi', 'kurang', 'optimal', 'tiap', 'daftar', 'tingkat', 'lanjutan', 'error', 'terus', 'sekalinya', 'malah', 'kuota', 'penuh', 'terus', 'tiap', 'nik', 'login', 'beda', 'perangkat', 'tetap', 'lihat', 'nik', '1', 'kk', 'tersebut', 'kalau', 'apa-apa', 'tidak', 'merepotkan', 'orang', 'daftar', 'segera', 'diperbaiki']","['aplikasi', 'kurang', 'optimal', 'tiap', 'daftar', 'tingkat', 'lanjutan', 'error', 'terus', 'sekalinya', 'malah', 'kuota', 'penuh', 'terus', 'tiap', 'nik', 'login', 'beda', 'perangkat', 'tetap', 'lihat', 'nik', '1', 'kk', 'tersebut', 'kalau', 'apa-apa', 'tidak', 'tidak_merepotkan', 'orang', 'daftar', 'segera', 'diperbaiki']","['aplikasi', 'kurang', 'optimal', 'tiap', 'daftar', 'tingkat', 'lanjut', 'error', 'terus', 'sekali', 'malah', 'kuota', 'penuh', 'terus', 'tiap', 'nik', 'login', 'beda', 'perangkat', 'tetap', 'lihat', 'nik', '1', 'kk', 'sebut', 'kalau', 'apa', 'tidak', 'tidak_repot', 'orang', 'daftar', 'segera', 'perbaiki']",aplikasi kurang optimal tiap daftar tingkat lanjut error terus sekali malah kuota penuh terus tiap nik login beda perangkat tetap lihat nik 1 kk sebut kalau apa tidak tidak_repot orang daftar segera perbaiki
ec27f71d-3958-4824-bb06-066db31d11d8,sangat membantu dan cepat,5,2026-07-09,9,Juli,positif,sangat membantu dan cepat,sangat membantu dan cepat,"['sangat', 'membantu', 'dan', 'cepat']","['sangat', 'membantu', 'cepat']","['sangat', 'membantu', 'cepat']","['sangat', 'bantu', 'cepat']",sangat bantu cepat
ec5db454-f760-4906-b034-09617ae27b98,mengecewakan,1,2026-08-09,10,Agustus,negatif,mengecewakan,mengecewakan,['mengecewakan'],['mengecewakan'],['mengecewakan'],['kecewa'],kecewa
ec824001-298e-4586-8d39-5cb79aaf5c60,ok,5,2026-06-13,23,Juni,positif,ok,oke,['oke'],['oke'],['oke'],['oke'],oke
ec941329-0336-4903-b1a4-74faa3dd50b8,jelek banget aplikasi ini 20 kali daftar gak bisa terus.. emang nyuruh umum yah biar kaya rs.nya orang miskin di suruh umum haha,1,2026-07-30,6,Juli,negatif,jelek banget aplikasi ini 20 kali daftar gak bisa terus emang nyuruh umum yah biar kaya rs nya orang miskin di suruh umum haha,jelek sangat aplikasi ini 20 kali daftar tidak bisa terus memang menyuruh umum ya agar kaya rumah sakit nya orang miskin disuruh umum haha,"['jelek', 'sangat', 'aplikasi', 'ini', '20', 'kali', 'daftar', 'tidak', 'bisa', 'terus', 'memang', 'menyuruh', 'umum', 'ya', 'agar', 'kaya', 'rumah', 'sakit', 'nya', 'orang', 'miskin', 'disuruh', 'umum', 'haha']","['jelek', 'sangat', 'aplikasi', '20', 'kali', 'daftar', 'tidak', 'terus', 'memang', 'menyuruh', 'umum', 'kaya', 'rumah', 'sakit', 'orang', 'miskin', 'disuruh', 'umum', 'haha']","['jelek', 'sangat', 'aplikasi', '20', 'kali', 'daftar', 'tidak', 'tidak_terus', 'memang', 'menyuruh', 'umum', 'kaya', 'rumah', 'sakit', 'orang', 'miskin', 'disuruh', 'umum', 'haha']","['jelek', 'sangat', 'aplikasi', '20', 'kali', 'daftar', 'tidak', 'tidak_terus', 'memang', 'suruh', 'umum', 'kaya', 'rumah', 'sakit', 'orang', 'miskin', 'suruh', 'umum', 'haha']",jelek sangat aplikasi 20 kali daftar tidak tidak_terus memang suruh umum kaya rumah sakit orang miskin suruh umum haha
ecd6a327-9a51-4aca-9c18-49616eeb80ae,aplikasi MJKN sangat membantu dan tidak perlu repot-repot lagi ke kantor BPJS mantap,5,2026-06-21,11,Juni,positif,aplikasi mjkn sangat membantu dan tidak perlu repot repot lagi ke kantor bpjs mantap,aplikasi mobile jkn sangat membantu dan tidak perlu repot repot lagi ke kantor bpjs mantap,"['aplikasi', 'mobile', 'jkn', 'sangat', 'membantu', 'dan', 'tidak', 'perlu', 'repot', 'repot', 'lagi', 'ke', 'kantor', 'bpjs', 'mantap']","['aplikasi', 'mobile', 'jkn', 'sangat', 'membantu', 'tidak', 'perlu', 'repot', 'repot', 'kantor', 'bpjs', 'mantap']","['aplikasi', 'mobile', 'jkn', 'sangat', 'membantu', 'tidak', 'tidak_perlu', 'repot', 'repot', 'kantor', 'bpjs', 'mantap']","['aplikasi', 'mobile', 'jkn', 'sangat', 'bantu', 'tidak', 'tidak_perlu', 'repot', 'repot', 'kantor', 'bpjs', 'mantap']",aplikasi mobile jkn sangat bantu tidak tidak_perlu repot repot kantor bpjs mantap
ecdddf8c-b652-4e75-a9f5-3bf8b9ccccec,"aplikasi apa ini coba ,,gw udh bolak balik daftar udh giliran di buka blm daftar gara2 lupa pasword,,,di ulang2 tetap aja begitu,,ampe bosan ga bisa2 masuk ,,saya sdh klik lupa pasword,,,di cba gagal lagi gagal lagi🙄 tlng lah fi benahi ini aplikasi penting dan banyk di gunakan masyarakat ,,di permudah lah tolong🙏",1,2026-06-17,11,Juni,negatif,aplikasi apa ini coba gw udh bolak balik daftar udh giliran di buka blm daftar gara2 lupa pasword di ulang2 tetap aja begitu ampe bosan ga bisa2 masuk saya sdh klik lupa pasword di cba gagal lagi gagal lagi tlng lah fi benahi ini aplikasi penting dan banyk di gunakan masyarakat di permudah lah tolong,aplikasi apa ini coba saya sudah bolak balik daftar sudah giliran dibuka belum daftar gara-gara lupa kata sandi di berulang-ulang tetap saja begitu sampai bosan tidak bisa masuk saya sudah klik lupa kata sandi dicoba gagal lagi gagal lagi tolong lah fi benahi ini aplikasi penting dan banyak digunakan masyarakat dipermudah lah tolong,"['aplikasi', 'apa', 'ini', 'coba', 'saya', 'sudah', 'bolak', 'balik', 'daftar', 'sudah', 'giliran', 'dibuka', 'belum', 'daftar', 'gara-gara', 'lupa', 'kata', 'sandi', 'di', 'berulang-ulang', 'tetap', 'saja', 'begitu', 'sampai', 'bosan', 'tidak', 'bisa', 'masuk', 'saya', 'sudah', 'klik', 'lupa', 'kata', 'sandi', 'dicoba', 'gagal', 'lagi', 'gagal', 'lagi', 'tolong', 'lah', 'fi', 'benahi', 'ini', 'aplikasi', 'penting', 'dan', 'banyak', 'digunakan', 'masyarakat', 'dipermudah', 'lah', 'tolong']","['aplikasi', 'apa', 'coba', 'bolak', 'balik', 'daftar', 'giliran', 'dibuka', 'daftar', 'gara-gara', 'lupa', 'kata', 'sandi', 'berulang-ulang', 'tetap', 'bosan', 'tidak', 'masuk', 'klik', 'lupa', 'kata', 'sandi', 'dicoba', 'gagal', 'gagal', 'lah', 'fi', 'benahi', 'aplikasi', 'penting', 'banyak', 'digunakan', 'masyarakat', 'dipermudah', 'lah']","['aplikasi', 'apa', 'coba', 'bolak', 'balik', 'daftar', 'giliran', 'dibuka', 'daftar', 'gara-gara', 'lupa', 'kata', 'sandi', 'berulang-ulang', 'tetap', 'bosan', 'tidak', 'tidak_masuk', 'klik', 'lupa', 'kata', 'sandi', 'dicoba', 'gagal', 'gagal', 'lah', 'fi', 'benahi', 'aplikasi', 'penting', 'banyak', 'digunakan', 'masyarakat', 'dipermudah', 'lah']","['aplikasi', 'apa', 'coba', 'bolak', 'balik', 'daftar', 'gilir', 'buka', 'daftar', 'gara-gara', 'lupa', 'kata', 'sandi', 'ulang', 'tetap', 'bosan', 'tidak', 'tidak_masuk', 'klik', 'lupa', 'kata', 'sandi', 'coba', 'gagal', 'gagal', 'lah', 'fi', 'benah', 'aplikasi', 'penting', 'banyak', 'guna', 'masyarakat', 'mudah', 'lah']",aplikasi apa coba bolak balik daftar gilir buka daftar gara-gara lupa kata sandi ulang tetap bosan tidak tidak_masuk klik lupa kata sandi coba gagal gagal lah fi benah aplikasi penting banyak guna masyarakat mudah lah
ece74bac-0937-4df3-8295-cefb9c524942,"aplikasi gajelas mau sampe kapan pun rakyat selalu di bikin susah, antri puskesmas harus ambil antrian di aplikasi ini kirain bakal mempermudah malah makin mempersulit toolol",1,2026-07-02,9,Juli,negatif,aplikasi gajelas mau sampe kapan pun rakyat selalu di bikin susah antri puskesmas harus ambil antrian di aplikasi ini kirain bakal mempermudah malah makin mempersulit toolol,aplikasi tidak jelas mau sampai kapan pun rakyat selalu di membuat susah antre puskesmas harus ambil antrean di aplikasi ini kirain bakal mempermudah malah makin mempersulit tolol,"['aplikasi', 'tidak', 'jelas', 'mau', 'sampai', 'kapan', 'pun', 'rakyat', 'selalu', 'di', 'membuat', 'susah', 'antre', 'puskesmas', 'harus', 'ambil', 'antrean', 'di', 'aplikasi', 'ini', 'kirain', 'bakal', 'mempermudah', 'malah', 'makin', 'mempersulit', 'tolol']","['aplikasi', 'tidak', 'jelas', 'mau', 'kapan', 'rakyat', 'selalu', 'membuat', 'susah', 'antre', 'puskesmas', 'ambil', 'antrean', 'aplikasi', 'kirain', 'bakal', 'mempermudah', 'malah', 'makin', 'mempersulit', 'tolol']","['aplikasi', 'tidak', 'tidak_jelas', 'mau', 'kapan', 'rakyat', 'selalu', 'membuat', 'susah', 'antre', 'puskesmas', 'ambil', 'antrean', 'aplikasi', 'kirain', 'bakal', 'mempermudah', 'malah', 'makin', 'mempersulit', 'tolol']","['aplikasi', 'tidak', 'tidak_jelas', 'mau', 'kapan', 'rakyat', 'selalu', 'buat', 'susah', 'antre', 'puskesmas', 'ambil', 'antre', 'aplikasi', 'kirain', 'bakal', 'mudah', 'malah', 'makin', 'sulit', 'tolol']",aplikasi tidak tidak_jelas mau kapan rakyat selalu buat susah antre puskesmas ambil antre aplikasi kirain bakal mudah malah makin sulit tolol
ece98af6-fe18-4d3b-b71e-23d9430d92dc,"pengalaman saya sangat sulit untuk daftar masa harus nunggu kode otp selama 300detik udah nyampe waktu segitu masih gagal salah masukin kode otp terus hp harus ada pulsa,nya udah diisi pulsa tetep nggak bisa masuk padahal anak saya harus kontrol ke RS harus online tapi sangat sulit untuk daftar tolong dong gimana sih caranya saya sudah capekkkkkk",4,2026-08-23,6,Agustus,negatif,pengalaman saya sangat sulit untuk daftar masa harus nunggu kode otp selama 300detik udah nyampe waktu segitu masih gagal salah masukin kode otp terus hp harus ada pulsa nya udah diisi pulsa tetep nggak bisa masuk padahal anak saya harus kontrol ke rs harus online tapi sangat sulit untuk daftar tolong dong gimana sih caranya saya sudah capekkkkkk,pengalaman saya sangat sulit untuk daftar masa harus menunggu kode otp selama 300 detik sudah sampai waktu segitu masih gagal salah masukkan kode otp terus ponsel harus ada pulsa nya sudah diisi pulsa tetap tidak bisa masuk padahal anak saya harus kontrol ke rumah sakit harus daring tapi sangat sulit untuk daftar tolong dong bagaimana sih caranya saya sudah lelah,"['pengalaman', 'saya', 'sangat', 'sulit', 'untuk', 'daftar', 'masa', 'harus', 'menunggu', 'kode', 'otp', 'selama', '300', 'detik', 'sudah', 'sampai', 'waktu', 'segitu', 'masih', 'gagal', 'salah', 'masukkan', 'kode', 'otp', 'terus', 'ponsel', 'harus', 'ada', 'pulsa', 'nya', 'sudah', 'diisi', 'pulsa', 'tetap', 'tidak', 'bisa', 'masuk', 'padahal', 'anak', 'saya', 'harus', 'kontrol', 'ke', 'rumah', 'sakit', 'harus', 'daring', 'tapi', 'sangat', 'sulit', 'untuk', 'daftar', 'tolong', 'dong', 'bagaimana', 'sih', 'caranya', 'saya', 'sudah', 'lelah']","['pengalaman', 'sangat', 'sulit', 'daftar', 'masa', 'menunggu', 'kode', 'otp', 'selama', '300', 'detik', 'waktu', 'segitu', 'gagal', 'salah', 'masukkan', 'kode', 'otp', 'terus', 'ponsel', 'pulsa', 'diisi', 'pulsa', 'tetap', 'tidak', 'masuk', 'padahal', 'anak', 'kontrol', 'rumah', 'sakit', 'daring', 'sangat', 'sulit', 'daftar', 'dong', 'bagaimana', 'sih', 'caranya', 'lelah']","['pengalaman', 'sangat', 'sulit', 'daftar', 'masa', 'menunggu', 'kode', 'otp', 'selama', '300', 'detik', 'waktu', 'segitu', 'gagal', 'salah', 'masukkan', 'kode', 'otp', 'terus', 'ponsel', 'pulsa', 'diisi', 'pulsa', 'tetap', 'tidak', 'tidak_masuk', 'padahal', 'anak', 'kontrol', 'rumah', 'sakit', 'daring', 'sangat', 'sulit', 'daftar', 'dong', 'bagaimana', 'sih', 'caranya', 'lelah']","['alam', 'sangat', 'sulit', 'daftar', 'masa', 'tunggu', 'kode', 'otp', 'lama', '300', 'detik', 'waktu', 'segitu', 'gagal', 'salah', 'masuk', 'kode', 'otp', 'terus', 'ponsel', 'pulsa', 'isi', 'pulsa', 'tetap', 'tidak', 'tidak_masuk', 'padahal', 'anak', 'kontrol', 'rumah', 'sakit', 'daring', 'sangat', 'sulit', 'daftar', 'dong', 'bagaimana', 'sih', 'cara', 'lelah']",alam sangat sulit daftar masa tunggu kode otp lama 300 detik waktu segitu gagal salah masuk kode otp terus ponsel pulsa isi pulsa tetap tidak tidak_masuk padahal anak kontrol rumah sakit daring sangat sulit daftar dong bagaimana sih cara lelah
ecec497c-ea0e-4f41-ab6c-4f21b7aeb370,kenapa jkn mobile egk bisa dibuka ya,5,2026-08-10,19,Agustus,negatif,kenapa jkn mobile egk bisa dibuka ya,kenapa jkn mobile tidak bisa dibuka ya,"['kenapa', 'jkn', 'mobile', 'tidak', 'bisa', 'dibuka', 'ya']","['jkn', 'mobile', 'tidak', 'dibuka']","['jkn', 'mobile', 'tidak', 'tidak_dibuka']","['jkn', 'mobile', 'tidak', 'tidak_buka']",jkn mobile tidak tidak_buka
edeb9a83-7c37-4e2e-a95b-997195d05ea8,"maaf susah dapet otp nya udah coba beberapa kali gak terim otp terus sampe bosan , tolong di perbaiki kalau emang apk ini manfaat tolong di perbaiki, terima kasih",1,2026-06-19,12,Juni,negatif,maaf susah dapet otp nya udah coba beberapa kali gak terim otp terus sampe bosan tolong di perbaiki kalau emang apk ini manfaat tolong di perbaiki terima kasih,maaf susah dapat otp nya sudah coba beberapa kali tidak terima otp terus sampai bosan tolong diperbaiki kalau memang aplikasi ini manfaat tolong diperbaiki terima kasih,"['maaf', 'susah', 'dapat', 'otp', 'nya', 'sudah', 'coba', 'beberapa', 'kali', 'tidak', 'terima', 'otp', 'terus', 'sampai', 'bosan', 'tolong', 'diperbaiki', 'kalau', 'memang', 'aplikasi', 'ini', 'manfaat', 'tolong', 'diperbaiki', 'terima', 'kasih']","['maaf', 'susah', 'otp', 'coba', 'beberapa', 'kali', 'tidak', 'terima', 'otp', 'terus', 'bosan', 'diperbaiki', 'kalau', 'memang', 'aplikasi', 'manfaat', 'diperbaiki', 'terima', 'kasih']","['maaf', 'susah', 'otp', 'coba', 'beberapa', 'kali', 'tidak', 'tidak_terima', 'otp', 'terus', 'bosan', 'diperbaiki', 'kalau', 'memang', 'aplikasi', 'manfaat', 'diperbaiki', 'terima', 'kasih']","['maaf', 'susah', 'otp', 'coba', 'beberapa', 'kali', 'tidak', 'tidak_terima', 'otp', 'terus', 'bosan', 'perbaiki', 'kalau', 'memang', 'aplikasi', 'manfaat', 'perbaiki', 'terima', 'kasih']",maaf susah otp coba beberapa kali tidak tidak_terima otp terus bosan perbaiki kalau memang aplikasi manfaat perbaiki terima kasih
ee49b390-1b1c-4ca8-b75c-2c8f54454bd2,sangat membantu,5,2026-08-07,19,Agustus,positif,sangat membantu,sangat membantu,"['sangat', 'membantu']","['sangat', 'membantu']","['sangat', 'membantu']","['sangat', 'bantu']",sangat bantu
ee78eab7-21a6-40ce-86f1-94b1fa7fe941,trima kasih mobile jkn,5,2026-08-24,13,Agustus,positif,trima kasih mobile jkn,terima kasih mobile jkn,"['terima', 'kasih', 'mobile', 'jkn']","['terima', 'kasih', 'mobile', 'jkn']","['terima', 'kasih', 'mobile', 'jkn']","['terima', 'kasih', 'mobile', 'jkn']",terima kasih mobile jkn
eea39516-9f55-4a5b-8961-e1505eebe9c7,sangat membantu,5,2026-08-12,11,Agustus,positif,sangat membantu,sangat membantu,"['sangat', 'membantu']","['sangat', 'membantu']","['sangat', 'membantu']","['sangat', 'bantu']",sangat bantu
eeab8295-5450-465c-be90-9f76af9a800d,aplikasi yg mempersulit pengguna,1,2026-06-21,11,Juni,negatif,aplikasi yg mempersulit pengguna,aplikasi yang mempersulit pengguna,"['aplikasi', 'yang', 'mempersulit', 'pengguna']","['aplikasi', 'mempersulit', 'pengguna']","['aplikasi', 'mempersulit', 'pengguna']","['aplikasi', 'sulit', 'guna']",aplikasi sulit guna
eefc25cb-8562-444b-a516-773b57317366,aplikasi ini sangat berguna sekali.,5,2026-08-20,17,Agustus,positif,aplikasi ini sangat berguna sekali,aplikasi ini sangat berguna sekali,"['aplikasi', 'ini', 'sangat', 'berguna', 'sekali']","['aplikasi', 'sangat', 'berguna', 'sekali']","['aplikasi', 'sangat', 'berguna', 'sekali']","['aplikasi', 'sangat', 'guna', 'sekali']",aplikasi sangat guna sekali
ef1684a1-a69e-43fd-897d-bb3b1b90f252,👍👍👍,5,2026-08-11,19,Agustus,positif,,,[],[],[],[],
ef473115-9461-4acf-b01f-b209f6b6eae5,ok. bagus dan mudah mengoperasikanya. terima kasih JKN,5,2026-06-02,12,Juni,positif,ok bagus dan mudah mengoperasikanya terima kasih jkn,oke bagus dan mudah mengoperasikannya terima kasih jkn,"['oke', 'bagus', 'dan', 'mudah', 'mengoperasikannya', 'terima', 'kasih', 'jkn']","['oke', 'bagus', 'mudah', 'mengoperasikannya', 'terima', 'kasih', 'jkn']","['oke', 'bagus', 'mudah', 'mengoperasikannya', 'terima', 'kasih', 'jkn']","['oke', 'bagus', 'mudah', 'operasi', 'terima', 'kasih', 'jkn']",oke bagus mudah operasi terima kasih jkn
ef894614-ef56-4941-895b-efe375c44dd7,"Yailah ribet bgt.. kuota penuh lah.. gagal masuk server RS lah.. kek niat ga niat bikin aplikasinya. entah admin Jkn nya.. atau entah admin RS yg human error. ngerti daftar online itu maksutnya apa kan?? biar mempermudah ya,, bukan mempersulit!!!",1,2026-07-04,0,Juli,negatif,yailah ribet bgt kuota penuh lah gagal masuk server rs lah kek niat ga niat bikin aplikasinya entah admin jkn nya atau entah admin rs yg human error ngerti daftar online itu maksutnya apa kan biar mempermudah ya bukan mempersulit,yailah rumit sangat kuota penuh lah gagal masuk server rumah sakit lah seperti niat tidak niat membuat aplikasinya entah admin jkn nya atau entah admin rumah sakit yang human error mengerti daftar daring itu maksudnya apa kan agar mempermudah ya bukan mempersulit,"['yailah', 'rumit', 'sangat', 'kuota', 'penuh', 'lah', 'gagal', 'masuk', 'server', 'rumah', 'sakit', 'lah', 'seperti', 'niat', 'tidak', 'niat', 'membuat', 'aplikasinya', 'entah', 'admin', 'jkn', 'nya', 'atau', 'entah', 'admin', 'rumah', 'sakit', 'yang', 'human', 'error', 'mengerti', 'daftar', 'daring', 'itu', 'maksudnya', 'apa', 'kan', 'agar', 'mempermudah', 'ya', 'bukan', 'mempersulit']","['yailah', 'rumit', 'sangat', 'kuota', 'penuh', 'lah', 'gagal', 'masuk', 'server', 'rumah', 'sakit', 'lah', 'niat', 'tidak', 'niat', 'membuat', 'aplikasinya', 'entah', 'admin', 'jkn', 'entah', 'admin', 'rumah', 'sakit', 'human', 'error', 'mengerti', 'daftar', 'daring', 'maksudnya', 'apa', 'kan', 'mempermudah', 'bukan', 'mempersulit']","['yailah', 'rumit', 'sangat', 'kuota', 'penuh', 'lah', 'gagal', 'masuk', 'server', 'rumah', 'sakit', 'lah', 'niat', 'tidak', 'tidak_niat', 'membuat', 'aplikasinya', 'entah', 'admin', 'jkn', 'entah', 'admin', 'rumah', 'sakit', 'human', 'error', 'mengerti', 'daftar', 'daring', 'maksudnya', 'apa', 'kan', 'mempermudah', 'bukan', 'mempersulit']","['yailah', 'rumit', 'sangat', 'kuota', 'penuh', 'lah', 'gagal', 'masuk', 'server', 'rumah', 'sakit', 'lah', 'niat', 'tidak', 'tidak_niat', 'buat', 'aplikasi', 'entah', 'admin', 'jkn', 'entah', 'admin', 'rumah', 'sakit', 'human', 'error', 'erti', 'daftar', 'daring', 'maksud', 'apa', 'kan', 'mudah', 'bukan', 'sulit']",yailah rumit sangat kuota penuh lah gagal masuk server rumah sakit lah niat tidak tidak_niat buat aplikasi entah admin jkn entah admin rumah sakit human error erti daftar daring maksud apa kan mudah bukan sulit
efab146a-72ff-4708-ba91-f571205b871f,bagus,5,2026-08-12,17,Agustus,positif,bagus,bagus,['bagus'],['bagus'],['bagus'],['bagus'],bagus
eff208e6-8ff0-4033-a13b-fe62243f8799,"aplikasi layanan pemerinta emng ga pernah ada yang bagus..vrifikasi ga masuk2 pulsa ada juga,tiap waktu nyoba tetep vrifikasi ga masuk masuk bangke emng",1,2026-08-31,15,Agustus,negatif,aplikasi layanan pemerinta emng ga pernah ada yang bagus vrifikasi ga masuk2 pulsa ada juga tiap waktu nyoba tetep vrifikasi ga masuk masuk bangke emng,aplikasi layanan pemerintah memang tidak pernah ada yang bagus verifikasi tidak masuk pulsa ada juga tiap waktu mencoba tetap verifikasi tidak masuk bangkai memang,"['aplikasi', 'layanan', 'pemerintah', 'memang', 'tidak', 'pernah', 'ada', 'yang', 'bagus', 'verifikasi', 'tidak', 'masuk', 'pulsa', 'ada', 'juga', 'tiap', 'waktu', 'mencoba', 'tetap', 'verifikasi', 'tidak', 'masuk', 'bangkai', 'memang']","['aplikasi', 'layanan', 'pemerintah', 'memang', 'tidak', 'pernah', 'bagus', 'verifikasi', 'tidak', 'masuk', 'pulsa', 'tiap', 'waktu', 'mencoba', 'tetap', 'verifikasi', 'tidak', 'masuk', 'bangkai', 'memang']","['aplikasi', 'layanan', 'pemerintah', 'memang', 'tidak', 'tidak_pernah', 'bagus', 'verifikasi', 'tidak', 'tidak_masuk', 'pulsa', 'tiap', 'waktu', 'mencoba', 'tetap', 'verifikasi', 'tidak', 'tidak_masuk', 'bangkai', 'memang']","['aplikasi', 'layan', 'perintah', 'memang', 'tidak', 'tidak_pernah', 'bagus', 'verifikasi', 'tidak', 'tidak_masuk', 'pulsa', 'tiap', 'waktu', 'coba', 'tetap', 'verifikasi', 'tidak', 'tidak_masuk', 'bangkai', 'memang']",aplikasi layan perintah memang tidak tidak_pernah bagus verifikasi tidak tidak_masuk pulsa tiap waktu coba tetap verifikasi tidak tidak_masuk bangkai memang
eff9428a-16f2-42bc-9183-bf11b3214072,bagaimana cara aktifkan akun yg belum terverifikasi,5,2026-08-23,18,Agustus,netral,bagaimana cara aktifkan akun yg belum terverifikasi,bagaimana cara aktifkan akun yang belum terverifikasi,"['bagaimana', 'cara', 'aktifkan', 'akun', 'yang', 'belum', 'terverifikasi']","['bagaimana', 'cara', 'aktifkan', 'akun', 'terverifikasi']","['bagaimana', 'cara', 'aktifkan', 'akun', 'terverifikasi']","['bagaimana', 'cara', 'aktif', 'akun', 'verifikasi']",bagaimana cara aktif akun verifikasi
f040cc72-3993-4246-9e1f-0ad51c539864,Aplikasi sangat membantu.. Tapi Minta updet terus.. Tolong di berbaiki biar tidak minta updet terus..,5,2026-06-28,18,Juni,negatif,aplikasi sangat membantu tapi minta updet terus tolong di berbaiki biar tidak minta updet terus,aplikasi sangat membantu tapi minta pembaruan terus tolong di memperbaiki agar tidak minta pembaruan terus,"['aplikasi', 'sangat', 'membantu', 'tapi', 'minta', 'pembaruan', 'terus', 'tolong', 'di', 'memperbaiki', 'agar', 'tidak', 'minta', 'pembaruan', 'terus']","['aplikasi', 'sangat', 'membantu', 'minta', 'pembaruan', 'terus', 'memperbaiki', 'tidak', 'minta', 'pembaruan', 'terus']","['aplikasi', 'sangat', 'membantu', 'minta', 'pembaruan', 'terus', 'memperbaiki', 'tidak', 'tidak_minta', 'pembaruan', 'terus']","['aplikasi', 'sangat', 'bantu', 'minta', 'baru', 'terus', 'perbaiki', 'tidak', 'tidak_minta', 'baru', 'terus']",aplikasi sangat bantu minta baru terus perbaiki tidak tidak_minta baru terus
f0835b5f-e95d-4cd6-a525-6f853ff50ff1,Ratu Goyang,5,2026-06-19,18,Juni,netral,ratu goyang,ratu goyang,"['ratu', 'goyang']","['ratu', 'goyang']","['ratu', 'goyang']","['ratu', 'goyang']",ratu goyang
f0af5171-2327-4955-b982-946f26f27e41,Bisa mendaftar ke faskes dengan cepat dan tampa berlama lama menunggu,5,2026-08-24,7,Agustus,positif,bisa mendaftar ke faskes dengan cepat dan tampa berlama lama menunggu,bisa mendaftar ke faskes dengan cepat dan tanpa berlama lama menunggu,"['bisa', 'mendaftar', 'ke', 'faskes', 'dengan', 'cepat', 'dan', 'tanpa', 'berlama', 'lama', 'menunggu']","['mendaftar', 'faskes', 'cepat', 'berlama', 'lama', 'menunggu']","['mendaftar', 'faskes', 'cepat', 'berlama', 'lama', 'menunggu']","['daftar', 'faskes', 'cepat', 'lama', 'lama', 'tunggu']",daftar faskes cepat lama lama tunggu
f0d4ef2c-d33e-46ec-aa1a-4a1943c231de,bagus dan bermanfaat,5,2026-07-02,10,Juli,positif,bagus dan bermanfaat,bagus dan bermanfaat,"['bagus', 'dan', 'bermanfaat']","['bagus', 'bermanfaat']","['bagus', 'bermanfaat']","['bagus', 'manfaat']",bagus manfaat
f0ea9f76-7c55-4634-8f34-922d4dfaca6d,Sangat membantu,5,2026-07-03,11,Juli,positif,sangat membantu,sangat membantu,"['sangat', 'membantu']","['sangat', 'membantu']","['sangat', 'membantu']","['sangat', 'bantu']",sangat bantu
f0fcf82e-1a1f-4488-ac89-6702ba058375,mantap,5,2026-08-20,11,Agustus,positif,mantap,mantap,['mantap'],['mantap'],['mantap'],['mantap'],mantap
f161a9a3-695e-41ff-8c2b-9a0f68c05fd0,"aplikasi anjingg, ribet gak jelas",1,2026-08-06,12,Agustus,negatif,aplikasi anjingg ribet gak jelas,aplikasi anjing rumit tidak jelas,"['aplikasi', 'anjing', 'rumit', 'tidak', 'jelas']","['aplikasi', 'anjing', 'rumit', 'tidak', 'jelas']","['aplikasi', 'anjing', 'rumit', 'tidak', 'tidak_jelas']","['aplikasi', 'anjing', 'rumit', 'tidak', 'tidak_jelas']",aplikasi anjing rumit tidak tidak_jelas
f1735cc5-2f19-4e0e-8abe-e3e4208a2450,"mau mengaktifkan BPJS ""permintaan anda belum dapat diproses"" mulu",1,2026-06-02,10,Juni,negatif,mau mengaktifkan bpjs permintaan anda belum dapat diproses mulu,mau mengaktifkan bpjs permintaan anda belum dapat diproses terus-menerus,"['mau', 'mengaktifkan', 'bpjs', 'permintaan', 'anda', 'belum', 'dapat', 'diproses', 'terus-menerus']","['mau', 'mengaktifkan', 'bpjs', 'permintaan', 'diproses', 'terus-menerus']","['mau', 'mengaktifkan', 'bpjs', 'permintaan', 'diproses', 'terus-menerus']","['mau', 'aktif', 'bpjs', 'minta', 'proses', 'terus']",mau aktif bpjs minta proses terus
f1a0bc93-ad03-4ebe-9881-afebcd7c7bae,"bikin aplikasi yg bener ajalah, tiap masuk apk slalu logout, mau login kode otp ga masuk masuk anjirr bkin org makin emosi aja mana nunggu nya lama",2,2026-07-06,15,Juli,negatif,bikin aplikasi yg bener ajalah tiap masuk apk slalu logout mau login kode otp ga masuk masuk anjirr bkin org makin emosi aja mana nunggu nya lama,membuat aplikasi yang benar saja tiap masuk aplikasi selalu logout mau login kode otp tidak masuk anjing membuat orang makin emosi saja mana menunggu nya lama,"['membuat', 'aplikasi', 'yang', 'benar', 'saja', 'tiap', 'masuk', 'aplikasi', 'selalu', 'logout', 'mau', 'login', 'kode', 'otp', 'tidak', 'masuk', 'anjing', 'membuat', 'orang', 'makin', 'emosi', 'saja', 'mana', 'menunggu', 'nya', 'lama']","['membuat', 'aplikasi', 'benar', 'tiap', 'masuk', 'aplikasi', 'selalu', 'logout', 'mau', 'login', 'kode', 'otp', 'tidak', 'masuk', 'anjing', 'membuat', 'orang', 'makin', 'emosi', 'mana', 'menunggu', 'lama']","['membuat', 'aplikasi', 'benar', 'tiap', 'masuk', 'aplikasi', 'selalu', 'logout', 'mau', 'login', 'kode', 'otp', 'tidak', 'tidak_masuk', 'anjing', 'membuat', 'orang', 'makin', 'emosi', 'mana', 'menunggu', 'lama']","['buat', 'aplikasi', 'benar', 'tiap', 'masuk', 'aplikasi', 'selalu', 'logout', 'mau', 'login', 'kode', 'otp', 'tidak', 'tidak_masuk', 'anjing', 'buat', 'orang', 'makin', 'emosi', 'mana', 'tunggu', 'lama']",buat aplikasi benar tiap masuk aplikasi selalu logout mau login kode otp tidak tidak_masuk anjing buat orang makin emosi mana tunggu lama
f1ede431-aa31-4879-a543-14ef482e85fe,good,4,2026-08-17,18,Agustus,positif,good,bagus,['bagus'],['bagus'],['bagus'],['bagus'],bagus
f20f3530-069a-49c3-a85d-d7fb2a7a1b5f,"aplikasi sampah menyusahkan masyarakat,masa udh daftar ga bisa masuk hanya karna auto debit kan aneh emang hidup di Indonesia ini memang Sengsara",1,2026-08-12,13,Agustus,negatif,aplikasi sampah menyusahkan masyarakat masa udh daftar ga bisa masuk hanya karna auto debit kan aneh emang hidup di indonesia ini memang sengsara,aplikasi sampah menyusahkan masyarakat masa sudah daftar tidak bisa masuk hanya karena auto debit kan aneh memang hidup di indonesia ini memang sengsara,"['aplikasi', 'sampah', 'menyusahkan', 'masyarakat', 'masa', 'sudah', 'daftar', 'tidak', 'bisa', 'masuk', 'hanya', 'karena', 'auto', 'debit', 'kan', 'aneh', 'memang', 'hidup', 'di', 'indonesia', 'ini', 'memang', 'sengsara']","['aplikasi', 'sampah', 'menyusahkan', 'masyarakat', 'masa', 'daftar', 'tidak', 'masuk', 'auto', 'debit', 'kan', 'aneh', 'memang', 'hidup', 'indonesia', 'memang', 'sengsara']","['aplikasi', 'sampah', 'menyusahkan', 'masyarakat', 'masa', 'daftar', 'tidak', 'tidak_masuk', 'auto', 'debit', 'kan', 'aneh', 'memang', 'hidup', 'indonesia', 'memang', 'sengsara']","['aplikasi', 'sampah', 'susah', 'masyarakat', 'masa', 'daftar', 'tidak', 'tidak_masuk', 'auto', 'debit', 'kan', 'aneh', 'memang', 'hidup', 'indonesia', 'memang', 'sengsara']",aplikasi sampah susah masyarakat masa daftar tidak tidak_masuk auto debit kan aneh memang hidup indonesia memang sengsara
f2916893-7818-4347-a7d4-994bad3f098c,ribet daftarnyaga bisa bisa,1,2026-07-21,11,Juli,negatif,ribet daftarnyaga bisa bisa,rumit daftar tidak bisa,"['rumit', 'daftar', 'tidak', 'bisa']","['rumit', 'daftar', 'tidak']","['rumit', 'daftar', 'tidak']","['rumit', 'daftar', 'tidak']",rumit daftar tidak
f2ccba6e-0f10-43ab-8684-b469cd88c3ae,tidak bisa scan wajah saat mendaftar,1,2026-07-22,18,Juli,negatif,tidak bisa scan wajah saat mendaftar,tidak bisa pindai wajah saat mendaftar,"['tidak', 'bisa', 'pindai', 'wajah', 'saat', 'mendaftar']","['tidak', 'pindai', 'wajah', 'mendaftar']","['tidak', 'tidak_pindai', 'wajah', 'mendaftar']","['tidak', 'tidak_pindai', 'wajah', 'daftar']",tidak tidak_pindai wajah daftar
f2eb3714-f04a-43f4-9c9c-b1d6db5f6e94,"log in dengan email yg sama ketika membuat akun ,tetapi tetap tidak bisa log in, masa iya kita harus bolak-balik ke kantor bpjs hanya untuk log in saja",1,2026-06-23,22,Juni,negatif,log in dengan email yg sama ketika membuat akun tetapi tetap tidak bisa log in masa iya kita harus bolak balik ke kantor bpjs hanya untuk log in saja,login dengan email yang sama ketika membuat akun tetapi tetap tidak bisa login masa iya kita harus bolak balik ke kantor bpjs hanya untuk login saja,"['login', 'dengan', 'email', 'yang', 'sama', 'ketika', 'membuat', 'akun', 'tetapi', 'tetap', 'tidak', 'bisa', 'login', 'masa', 'iya', 'kita', 'harus', 'bolak', 'balik', 'ke', 'kantor', 'bpjs', 'hanya', 'untuk', 'login', 'saja']","['login', 'email', 'sama', 'membuat', 'akun', 'tetap', 'tidak', 'login', 'masa', 'iya', 'bolak', 'balik', 'kantor', 'bpjs', 'login']","['login', 'email', 'sama', 'membuat', 'akun', 'tetap', 'tidak', 'tidak_login', 'masa', 'iya', 'bolak', 'balik', 'kantor', 'bpjs', 'login']","['login', 'email', 'sama', 'buat', 'akun', 'tetap', 'tidak', 'tidak_login', 'masa', 'iya', 'bolak', 'balik', 'kantor', 'bpjs', 'login']",login email sama buat akun tetap tidak tidak_login masa iya bolak balik kantor bpjs login
f3675e14-0955-4485-ad57-0a30a422085d,oke beud,4,2026-06-12,17,Juni,positif,oke beud,oke sangat,"['oke', 'sangat']","['oke', 'sangat']","['oke', 'sangat']","['oke', 'sangat']",oke sangat
f385aa18-c559-462b-89e2-ca78b246bb64,mau ganti nomor handphone/password aja ribet banget astaga. perbaiki sistemnya!,1,2026-06-22,14,Juni,negatif,mau ganti nomor handphone password aja ribet banget astaga perbaiki sistemnya,mau ganti nomor ponsel kata sandi saja rumit sangat astaga perbaiki sistemnya,"['mau', 'ganti', 'nomor', 'ponsel', 'kata', 'sandi', 'saja', 'rumit', 'sangat', 'astaga', 'perbaiki', 'sistemnya']","['mau', 'ganti', 'nomor', 'ponsel', 'kata', 'sandi', 'rumit', 'sangat', 'astaga', 'perbaiki', 'sistemnya']","['mau', 'ganti', 'nomor', 'ponsel', 'kata', 'sandi', 'rumit', 'sangat', 'astaga', 'perbaiki', 'sistemnya']","['mau', 'ganti', 'nomor', 'ponsel', 'kata', 'sandi', 'rumit', 'sangat', 'astaga', 'perbaiki', 'sistem']",mau ganti nomor ponsel kata sandi rumit sangat astaga perbaiki sistem
f3942faf-850e-4be9-b8be-7515bbd7bb43,keren,5,2026-06-08,8,Juni,positif,keren,keren,['keren'],['keren'],['keren'],['keren'],keren
f3bc27fb-8ec0-422e-a48a-dc1b7dc5bc5e,"sejauh ini bagus, sangat membantu",5,2026-07-28,23,Juli,positif,sejauh ini bagus sangat membantu,sejauh ini bagus sangat membantu,"['sejauh', 'ini', 'bagus', 'sangat', 'membantu']","['sejauh', 'bagus', 'sangat', 'membantu']","['sejauh', 'bagus', 'sangat', 'membantu']","['jauh', 'bagus', 'sangat', 'bantu']",jauh bagus sangat bantu
f3cfaaa5-ac41-41ae-863c-bd277c8afbdc,semoga aplikasi nya berjalan dg baik,5,2026-08-05,14,Agustus,netral,semoga aplikasi nya berjalan dg baik,semoga aplikasi nya berjalan dengan baik,"['semoga', 'aplikasi', 'nya', 'berjalan', 'dengan', 'baik']","['semoga', 'aplikasi', 'berjalan', 'baik']","['semoga', 'aplikasi', 'berjalan', 'baik']","['moga', 'aplikasi', 'jalan', 'baik']",moga aplikasi jalan baik
f4560e54-a7b6-4514-8f64-431b3b4bd581,sangat berguna,5,2026-06-10,12,Juni,positif,sangat berguna,sangat berguna,"['sangat', 'berguna']","['sangat', 'berguna']","['sangat', 'berguna']","['sangat', 'guna']",sangat guna
f46179ea-02cc-404a-b2e1-6f817f47ff0c,nazis aplikasi nya kehapus eh pas mau download LG g bisa katanya perangkat tidak kompitibel,1,2026-08-13,7,Agustus,negatif,nazis aplikasi nya kehapus eh pas mau download lg g bisa katanya perangkat tidak kompitibel,nazis aplikasi nya terhapus eh pas mau unduh lagi tidak bisa katanya perangkat tidak kompatibel,"['nazis', 'aplikasi', 'nya', 'terhapus', 'eh', 'pas', 'mau', 'unduh', 'lagi', 'tidak', 'bisa', 'katanya', 'perangkat', 'tidak', 'kompatibel']","['nazis', 'aplikasi', 'terhapus', 'eh', 'pas', 'mau', 'unduh', 'tidak', 'katanya', 'perangkat', 'tidak', 'kompatibel']","['nazis', 'aplikasi', 'terhapus', 'eh', 'pas', 'mau', 'unduh', 'tidak', 'tidak_katanya', 'perangkat', 'tidak', 'tidak_kompatibel']","['nazis', 'aplikasi', 'hapus', 'eh', 'pas', 'mau', 'unduh', 'tidak', 'tidak_kata', 'perangkat', 'tidak', 'tidak_kompatibel']",nazis aplikasi hapus eh pas mau unduh tidak tidak_kata perangkat tidak tidak_kompatibel
f4b0e0b5-4582-4527-bee7-93efbaf1f903,"mau daftar susah banget, captcha nya loading Mulu padahal kuota atau wifi lancar",1,2026-08-18,10,Agustus,negatif,mau daftar susah banget captcha nya loading mulu padahal kuota atau wifi lancar,mau daftar susah sangat captcha nya memuat terus-menerus padahal kuota atau wifi lancar,"['mau', 'daftar', 'susah', 'sangat', 'captcha', 'nya', 'memuat', 'terus-menerus', 'padahal', 'kuota', 'atau', 'wifi', 'lancar']","['mau', 'daftar', 'susah', 'sangat', 'captcha', 'memuat', 'terus-menerus', 'padahal', 'kuota', 'wifi', 'lancar']","['mau', 'daftar', 'susah', 'sangat', 'captcha', 'memuat', 'terus-menerus', 'padahal', 'kuota', 'wifi', 'lancar']","['mau', 'daftar', 'susah', 'sangat', 'captcha', 'muat', 'terus', 'padahal', 'kuota', 'wifi', 'lancar']",mau daftar susah sangat captcha muat terus padahal kuota wifi lancar
f4b17726-31ae-476e-9ada-efd41311e68c,makin susah aja mau masuk,1,2026-08-24,7,Agustus,negatif,makin susah aja mau masuk,makin susah saja mau masuk,"['makin', 'susah', 'saja', 'mau', 'masuk']","['makin', 'susah', 'mau', 'masuk']","['makin', 'susah', 'mau', 'masuk']","['makin', 'susah', 'mau', 'masuk']",makin susah mau masuk
f505fa90-466f-49f5-b266-21ac989a37c7,eror muluu,1,2026-08-27,7,Agustus,negatif,eror muluu,error terus-menerus,"['error', 'terus-menerus']","['error', 'terus-menerus']","['error', 'terus-menerus']","['error', 'terus']",error terus
f513dc03-0cfc-477c-95dd-ff5bbd800916,mantap,5,2026-07-28,7,Juli,positif,mantap,mantap,['mantap'],['mantap'],['mantap'],['mantap'],mantap
f536b1fb-d116-42a1-be49-c9d3ace75b67,tolong di benerin lagi apk nya... sekarang susah mau login di jkn.. dikit² eror katanya,1,2026-07-31,22,Juli,negatif,tolong di benerin lagi apk nya sekarang susah mau login di jkn dikit2 eror katanya,tolong di memperbaiki lagi aplikasi nya sekarang susah mau login di jkn sedikit-sedikit error katanya,"['tolong', 'di', 'memperbaiki', 'lagi', 'aplikasi', 'nya', 'sekarang', 'susah', 'mau', 'login', 'di', 'jkn', 'sedikit-sedikit', 'error', 'katanya']","['memperbaiki', 'aplikasi', 'sekarang', 'susah', 'mau', 'login', 'jkn', 'sedikit-sedikit', 'error', 'katanya']","['memperbaiki', 'aplikasi', 'sekarang', 'susah', 'mau', 'login', 'jkn', 'sedikit-sedikit', 'error', 'katanya']","['perbaiki', 'aplikasi', 'sekarang', 'susah', 'mau', 'login', 'jkn', 'sedikit', 'error', 'kata']",perbaiki aplikasi sekarang susah mau login jkn sedikit error kata
f5b8b587-5863-49df-9ff8-6af034bb340e,bagus,5,2026-07-31,16,Juli,positif,bagus,bagus,['bagus'],['bagus'],['bagus'],['bagus'],bagus
f5d0511a-3818-4c46-9c4d-8c6098add89d,sangat puas dengan pelayanan ini,5,2026-06-27,19,Juni,positif,sangat puas dengan pelayanan ini,sangat puas dengan pelayanan ini,"['sangat', 'puas', 'dengan', 'pelayanan', 'ini']","['sangat', 'puas', 'pelayanan']","['sangat', 'puas', 'pelayanan']","['sangat', 'puas', 'layan']",sangat puas layan
f5d2f2a0-af97-4af1-86e0-0ea0fc0c4eb5,bagus sangat membantu,5,2026-08-02,12,Agustus,positif,bagus sangat membantu,bagus sangat membantu,"['bagus', 'sangat', 'membantu']","['bagus', 'sangat', 'membantu']","['bagus', 'sangat', 'membantu']","['bagus', 'sangat', 'bantu']",bagus sangat bantu
f5e4e4d8-cdca-4de6-979d-ca64397e0113,klo pake aplikasi jdi sat set ..,5,2026-07-10,17,Juli,positif,klo pake aplikasi jdi sat set,kalau pakai aplikasi jadi cepat,"['kalau', 'pakai', 'aplikasi', 'jadi', 'cepat']","['kalau', 'pakai', 'aplikasi', 'jadi', 'cepat']","['kalau', 'pakai', 'aplikasi', 'jadi', 'cepat']","['kalau', 'pakai', 'aplikasi', 'jadi', 'cepat']",kalau pakai aplikasi jadi cepat
f61b8d9b-5951-495d-a1cc-1303b2d2a5bc,"ga jelas tiba2 keluar sendiri akunnya, giliran maasuk lagi ga bisa aneh bgt.. gaush deh bikin apk klo ttep ngeribetin",2,2026-08-18,21,Agustus,negatif,ga jelas tiba2 keluar sendiri akunnya giliran maasuk lagi ga bisa aneh bgt gaush deh bikin apk klo ttep ngeribetin,tidak jelas tiba-tiba keluar sendiri akunnya giliran masuk lagi tidak bisa aneh sangat tidak usah deh membuat aplikasi kalau tetap mempersulit,"['tidak', 'jelas', 'tiba-tiba', 'keluar', 'sendiri', 'akunnya', 'giliran', 'masuk', 'lagi', 'tidak', 'bisa', 'aneh', 'sangat', 'tidak', 'usah', 'deh', 'membuat', 'aplikasi', 'kalau', 'tetap', 'mempersulit']","['tidak', 'jelas', 'tiba-tiba', 'keluar', 'sendiri', 'akunnya', 'giliran', 'masuk', 'tidak', 'aneh', 'sangat', 'tidak', 'usah', 'deh', 'membuat', 'aplikasi', 'kalau', 'tetap', 'mempersulit']","['tidak', 'tidak_jelas', 'tiba-tiba', 'keluar', 'sendiri', 'akunnya', 'giliran', 'masuk', 'tidak', 'tidak_aneh', 'sangat', 'tidak', 'tidak_usah', 'deh', 'membuat', 'aplikasi', 'kalau', 'tetap', 'mempersulit']","['tidak', 'tidak_jelas', 'tiba', 'keluar', 'sendiri', 'akun', 'gilir', 'masuk', 'tidak', 'tidak_aneh', 'sangat', 'tidak', 'tidak_usah', 'deh', 'buat', 'aplikasi', 'kalau', 'tetap', 'sulit']",tidak tidak_jelas tiba keluar sendiri akun gilir masuk tidak tidak_aneh sangat tidak tidak_usah deh buat aplikasi kalau tetap sulit
f648acf6-759b-4f2b-b0e8-cccdb5da529d,semoga bermanfaat trimakasih,5,2026-08-10,12,Agustus,netral,semoga bermanfaat trimakasih,semoga bermanfaat terima kasih,"['semoga', 'bermanfaat', 'terima', 'kasih']","['semoga', 'bermanfaat', 'terima', 'kasih']","['semoga', 'bermanfaat', 'terima', 'kasih']","['moga', 'manfaat', 'terima', 'kasih']",moga manfaat terima kasih
f65c91eb-99ac-4a4b-8828-d17693e874c7,mengapa hilang di play store,1,2026-08-15,7,Agustus,negatif,mengapa hilang di play store,mengapa hilang di play store,"['mengapa', 'hilang', 'di', 'play', 'store']","['hilang', 'play', 'store']","['hilang', 'play', 'store']","['hilang', 'play', 'store']",hilang play store
f66ac065-44a3-4f89-88d0-5a77d450dd8d,Tingkatkan Lqyanan,5,2026-06-03,4,Juni,netral,tingkatkan lqyanan,tingkatkan lqyanan,"['tingkatkan', 'lqyanan']","['tingkatkan', 'lqyanan']","['tingkatkan', 'lqyanan']","['tingkat', 'lqyanan']",tingkat lqyanan
f684c080-1419-4908-9cb0-ea83b75e5c8c,sangat membantu👍🏻,5,2026-07-02,7,Juli,positif,sangat membantu,sangat membantu,"['sangat', 'membantu']","['sangat', 'membantu']","['sangat', 'membantu']","['sangat', 'bantu']",sangat bantu
f6add564-b43d-4c0e-8208-cceee078f79b,selalu puas,5,2026-08-25,20,Agustus,positif,selalu puas,selalu puas,"['selalu', 'puas']","['selalu', 'puas']","['selalu', 'puas']","['selalu', 'puas']",selalu puas
f6e6a470-fdc5-4110-9445-4237c61d2497,semoga bisa di cetak kembali,5,2026-08-31,12,Agustus,negatif,semoga bisa di cetak kembali,semoga bisa di cetak kembali,"['semoga', 'bisa', 'di', 'cetak', 'kembali']","['semoga', 'cetak']","['semoga', 'cetak']","['moga', 'cetak']",moga cetak
f6e73f46-f02a-4a3e-8a1b-19a1b3375a7a,tolong dioptimalkan lg sistemnya,3,2026-08-29,1,Agustus,netral,tolong dioptimalkan lg sistemnya,tolong dioptimalkan lagi sistemnya,"['tolong', 'dioptimalkan', 'lagi', 'sistemnya']","['dioptimalkan', 'sistemnya']","['dioptimalkan', 'sistemnya']","['optimal', 'sistem']",optimal sistem
f73a35d5-aa9d-452b-83f8-1c7ad9f3600b,Nik sudah benar Pasword sudah benar Capcta Sudah benar Kog masih Gak bisa masuk yak? Perbaiki lagi yak aplikasinya untuk sementara saya bintang 1 dulu,1,2026-08-20,22,Agustus,negatif,nik sudah benar pasword sudah benar capcta sudah benar kog masih gak bisa masuk yak perbaiki lagi yak aplikasinya untuk sementara saya bintang 1 dulu,nik sudah benar kata sandi sudah benar captcha sudah benar kok masih tidak bisa masuk ya perbaiki lagi ya aplikasinya untuk sementara saya bintang 1 dulu,"['nik', 'sudah', 'benar', 'kata', 'sandi', 'sudah', 'benar', 'captcha', 'sudah', 'benar', 'kok', 'masih', 'tidak', 'bisa', 'masuk', 'ya', 'perbaiki', 'lagi', 'ya', 'aplikasinya', 'untuk', 'sementara', 'saya', 'bintang', '1', 'dulu']","['nik', 'benar', 'kata', 'sandi', 'benar', 'captcha', 'benar', 'kok', 'tidak', 'masuk', 'perbaiki', 'aplikasinya', 'bintang', '1', 'dulu']","['nik', 'benar', 'kata', 'sandi', 'benar', 'captcha', 'benar', 'kok', 'tidak', 'tidak_masuk', 'perbaiki', 'aplikasinya', 'bintang', '1', 'dulu']","['nik', 'benar', 'kata', 'sandi', 'benar', 'captcha', 'benar', 'kok', 'tidak', 'tidak_masuk', 'perbaiki', 'aplikasi', 'bintang', '1', 'dulu']",nik benar kata sandi benar captcha benar kok tidak tidak_masuk perbaiki aplikasi bintang 1 dulu
f79fc125-aa09-45a8-9670-58a7acea5c82,masih banyak error jadi ribet di pake,1,2026-08-24,7,Agustus,negatif,masih banyak error jadi ribet di pake,masih banyak error jadi rumit dipakai,"['masih', 'banyak', 'error', 'jadi', 'rumit', 'dipakai']","['banyak', 'error', 'jadi', 'rumit', 'dipakai']","['banyak', 'error', 'jadi', 'rumit', 'dipakai']","['banyak', 'error', 'jadi', 'rumit', 'pakai']",banyak error jadi rumit pakai
f7c0e212-c6fd-4642-9e33-cb61427a7d66,"chaptcha loading terus,pdhl reinstall ulang",1,2026-08-05,12,Agustus,negatif,chaptcha loading terus pdhl reinstall ulang,captcha memuat terus padahal instal ulang ulang,"['captcha', 'memuat', 'terus', 'padahal', 'instal', 'ulang', 'ulang']","['captcha', 'memuat', 'terus', 'padahal', 'instal', 'ulang', 'ulang']","['captcha', 'memuat', 'terus', 'padahal', 'instal', 'ulang', 'ulang']","['captcha', 'muat', 'terus', 'padahal', 'instal', 'ulang', 'ulang']",captcha muat terus padahal instal ulang ulang
f7ec9e4a-2793-44f4-aaa9-5e61a18a286a,Gk usah kasih bintang..malah bikin emosi..tinggal verivikasi aja gk bisaa,1,2026-06-23,18,Juni,negatif,gk usah kasih bintang malah bikin emosi tinggal verivikasi aja gk bisaa,tidak usah kasih bintang malah membuat emosi tinggal verifikasi saja tidak bisa,"['tidak', 'usah', 'kasih', 'bintang', 'malah', 'membuat', 'emosi', 'tinggal', 'verifikasi', 'saja', 'tidak', 'bisa']","['tidak', 'usah', 'kasih', 'bintang', 'malah', 'membuat', 'emosi', 'tinggal', 'verifikasi', 'tidak']","['tidak', 'tidak_usah', 'kasih', 'bintang', 'malah', 'membuat', 'emosi', 'tinggal', 'verifikasi', 'tidak']","['tidak', 'tidak_usah', 'kasih', 'bintang', 'malah', 'buat', 'emosi', 'tinggal', 'verifikasi', 'tidak']",tidak tidak_usah kasih bintang malah buat emosi tinggal verifikasi tidak
f81f35a8-41d3-4198-bf97-33390d773bcf,sangat bermanfaat,5,2026-08-07,20,Agustus,positif,sangat bermanfaat,sangat bermanfaat,"['sangat', 'bermanfaat']","['sangat', 'bermanfaat']","['sangat', 'bermanfaat']","['sangat', 'manfaat']",sangat manfaat
f882496f-d05f-4f80-b50c-365ba4caf20d,Aplikasinya menyulitkan pengguna. Selalu saja ada kegagalan padahal jaringan bagus dan kuota masih banyak. Tolong diperhatikan dan di perbaharui. Kalau begini caranya orang-orang memilih memendam penyakitnya dirumah daripada terus dipersulit seperti ini!,1,2026-08-19,21,Agustus,negatif,aplikasinya menyulitkan pengguna selalu saja ada kegagalan padahal jaringan bagus dan kuota masih banyak tolong diperhatikan dan di perbaharui kalau begini caranya orang orang memilih memendam penyakitnya dirumah daripada terus dipersulit seperti ini,aplikasinya menyulitkan pengguna selalu saja ada kegagalan padahal jaringan bagus dan kuota masih banyak tolong diperhatikan dan di perbarui kalau begini caranya orang orang memilih memendam penyakitnya di rumah daripada terus dipersulit seperti ini,"['aplikasinya', 'menyulitkan', 'pengguna', 'selalu', 'saja', 'ada', 'kegagalan', 'padahal', 'jaringan', 'bagus', 'dan', 'kuota', 'masih', 'banyak', 'tolong', 'diperhatikan', 'dan', 'di', 'perbarui', 'kalau', 'begini', 'caranya', 'orang', 'orang', 'memilih', 'memendam', 'penyakitnya', 'di', 'rumah', 'daripada', 'terus', 'dipersulit', 'seperti', 'ini']","['aplikasinya', 'menyulitkan', 'pengguna', 'selalu', 'kegagalan', 'padahal', 'jaringan', 'bagus', 'kuota', 'banyak', 'diperhatikan', 'perbarui', 'kalau', 'begini', 'caranya', 'orang', 'orang', 'memilih', 'memendam', 'penyakitnya', 'rumah', 'terus', 'dipersulit']","['aplikasinya', 'menyulitkan', 'pengguna', 'selalu', 'kegagalan', 'padahal', 'jaringan', 'bagus', 'kuota', 'banyak', 'diperhatikan', 'perbarui', 'kalau', 'begini', 'caranya', 'orang', 'orang', 'memilih', 'memendam', 'penyakitnya', 'rumah', 'terus', 'dipersulit']","['aplikasi', 'sulit', 'guna', 'selalu', 'gagal', 'padahal', 'jaring', 'bagus', 'kuota', 'banyak', 'perhati', 'baru', 'kalau', 'begini', 'cara', 'orang', 'orang', 'pilih', 'pendam', 'sakit', 'rumah', 'terus', 'sulit']",aplikasi sulit guna selalu gagal padahal jaring bagus kuota banyak perhati baru kalau begini cara orang orang pilih pendam sakit rumah terus sulit
f88d295e-3a1a-44cd-b48e-afdba05a7d15,knapa tiba2 akun kluar sendiri mau masuk lupa pasword dan ada pilahan lupa kata sandi buruan tinggal minta kode verifikasi malah tidak di kirim2 hadeh payah.!,1,2026-08-04,17,Agustus,negatif,knapa tiba2 akun kluar sendiri mau masuk lupa pasword dan ada pilahan lupa kata sandi buruan tinggal minta kode verifikasi malah tidak di kirim2 hadeh payah,kenapa tiba-tiba akun keluar sendiri mau masuk lupa kata sandi dan ada pilihan lupa kata sandi segera tinggal minta kode verifikasi malah tidak dikirim aduh payah,"['kenapa', 'tiba-tiba', 'akun', 'keluar', 'sendiri', 'mau', 'masuk', 'lupa', 'kata', 'sandi', 'dan', 'ada', 'pilihan', 'lupa', 'kata', 'sandi', 'segera', 'tinggal', 'minta', 'kode', 'verifikasi', 'malah', 'tidak', 'dikirim', 'aduh', 'payah']","['tiba-tiba', 'akun', 'keluar', 'sendiri', 'mau', 'masuk', 'lupa', 'kata', 'sandi', 'pilihan', 'lupa', 'kata', 'sandi', 'segera', 'tinggal', 'minta', 'kode', 'verifikasi', 'malah', 'tidak', 'dikirim', 'aduh', 'payah']","['tiba-tiba', 'akun', 'keluar', 'sendiri', 'mau', 'masuk', 'lupa', 'kata', 'sandi', 'pilihan', 'lupa', 'kata', 'sandi', 'segera', 'tinggal', 'minta', 'kode', 'verifikasi', 'malah', 'tidak', 'tidak_dikirim', 'aduh', 'payah']","['tiba', 'akun', 'keluar', 'sendiri', 'mau', 'masuk', 'lupa', 'kata', 'sandi', 'pilih', 'lupa', 'kata', 'sandi', 'segera', 'tinggal', 'minta', 'kode', 'verifikasi', 'malah', 'tidak', 'tidak_kirim', 'aduh', 'payah']",tiba akun keluar sendiri mau masuk lupa kata sandi pilih lupa kata sandi segera tinggal minta kode verifikasi malah tidak tidak_kirim aduh payah
f8b84c33-8605-4977-b623-ba014e4aa428,dengan menggunakan aplikasi JKN semua jadi sangat mudah,5,2026-06-06,8,Juni,positif,dengan menggunakan aplikasi jkn semua jadi sangat mudah,dengan menggunakan aplikasi jkn semua jadi sangat mudah,"['dengan', 'menggunakan', 'aplikasi', 'jkn', 'semua', 'jadi', 'sangat', 'mudah']","['menggunakan', 'aplikasi', 'jkn', 'semua', 'jadi', 'sangat', 'mudah']","['menggunakan', 'aplikasi', 'jkn', 'semua', 'jadi', 'sangat', 'mudah']","['guna', 'aplikasi', 'jkn', 'semua', 'jadi', 'sangat', 'mudah']",guna aplikasi jkn semua jadi sangat mudah
f8bb7147-6f8f-4459-aa7d-2087ccfd4c49,"mungkin saran, agar poli infeksius di tambahkan, supaya bisa langsung daftar ke poli tersebut",5,2026-08-24,8,Agustus,netral,mungkin saran agar poli infeksius di tambahkan supaya bisa langsung daftar ke poli tersebut,mungkin saran agar poli infeksius di tambahkan supaya bisa langsung daftar ke poli tersebut,"['mungkin', 'saran', 'agar', 'poli', 'infeksius', 'di', 'tambahkan', 'supaya', 'bisa', 'langsung', 'daftar', 'ke', 'poli', 'tersebut']","['mungkin', 'saran', 'poli', 'infeksius', 'tambahkan', 'langsung', 'daftar', 'poli', 'tersebut']","['mungkin', 'saran', 'poli', 'infeksius', 'tambahkan', 'langsung', 'daftar', 'poli', 'tersebut']","['mungkin', 'saran', 'pol', 'infeksius', 'tambah', 'langsung', 'daftar', 'pol', 'sebut']",mungkin saran pol infeksius tambah langsung daftar pol sebut
f8d38473-6fe6-472d-8b55-d49d95c2d1f0,sangat membantu untuk mengubah faskes,4,2026-08-01,9,Agustus,positif,sangat membantu untuk mengubah faskes,sangat membantu untuk mengubah faskes,"['sangat', 'membantu', 'untuk', 'mengubah', 'faskes']","['sangat', 'membantu', 'mengubah', 'faskes']","['sangat', 'membantu', 'mengubah', 'faskes']","['sangat', 'bantu', 'ubah', 'faskes']",sangat bantu ubah faskes
f904088a-c7a2-419c-b28a-a118bb876efd,BARU MAU MINTA KODE OTP SMS AJA UDAH DI PERSULIT. NUNGGU OTP SMS SAMPAI 3 MENIT DI TINGGAL BERAK DULU JUGA MASI KEBURU. APLIKASI BOBROK ANGGARAN DOANG GEDE. BIKIN APLIKASI GINI AJA GA NIAT BANGET. PALING SENENG KALO BIKIN RAKYAT NYA SULIT. REAL FAKTA,1,2026-08-17,10,Agustus,negatif,baru mau minta kode otp sms aja udah di persulit nunggu otp sms sampai 3 menit di tinggal berak dulu juga masi keburu aplikasi bobrok anggaran doang gede bikin aplikasi gini aja ga niat banget paling seneng kalo bikin rakyat nya sulit real fakta,baru mau minta kode otp sms saja sudah dipersulit menunggu otp sms sampai 3 menit di tinggal berak dulu juga masih keburu aplikasi bobrok anggaran saja besar membuat aplikasi begini saja tidak niat sangat paling senang kalau membuat rakyat nya sulit nyata fakta,"['baru', 'mau', 'minta', 'kode', 'otp', 'sms', 'saja', 'sudah', 'dipersulit', 'menunggu', 'otp', 'sms', 'sampai', '3', 'menit', 'di', 'tinggal', 'berak', 'dulu', 'juga', 'masih', 'keburu', 'aplikasi', 'bobrok', 'anggaran', 'saja', 'besar', 'membuat', 'aplikasi', 'begini', 'saja', 'tidak', 'niat', 'sangat', 'paling', 'senang', 'kalau', 'membuat', 'rakyat', 'nya', 'sulit', 'nyata', 'fakta']","['baru', 'mau', 'minta', 'kode', 'otp', 'sms', 'dipersulit', 'menunggu', 'otp', 'sms', '3', 'menit', 'tinggal', 'berak', 'dulu', 'keburu', 'aplikasi', 'bobrok', 'anggaran', 'besar', 'membuat', 'aplikasi', 'begini', 'tidak', 'niat', 'sangat', 'paling', 'senang', 'kalau', 'membuat', 'rakyat', 'sulit', 'nyata', 'fakta']","['baru', 'mau', 'minta', 'kode', 'otp', 'sms', 'dipersulit', 'menunggu', 'otp', 'sms', '3', 'menit', 'tinggal', 'berak', 'dulu', 'keburu', 'aplikasi', 'bobrok', 'anggaran', 'besar', 'membuat', 'aplikasi', 'begini', 'tidak', 'tidak_niat', 'sangat', 'paling', 'senang', 'kalau', 'membuat', 'rakyat', 'sulit', 'nyata', 'fakta']","['baru', 'mau', 'minta', 'kode', 'otp', 'sms', 'sulit', 'tunggu', 'otp', 'sms', '3', 'menit', 'tinggal', 'berak', 'dulu', 'keburu', 'aplikasi', 'bobrok', 'anggar', 'besar', 'buat', 'aplikasi', 'begini', 'tidak', 'tidak_niat', 'sangat', 'paling', 'senang', 'kalau', 'buat', 'rakyat', 'sulit', 'nyata', 'fakta']",baru mau minta kode otp sms sulit tunggu otp sms 3 menit tinggal berak dulu keburu aplikasi bobrok anggar besar buat aplikasi begini tidak tidak_niat sangat paling senang kalau buat rakyat sulit nyata fakta
f904ba57-47a2-4d7a-87a2-c137401ec259,"ko punyaku log out sendiri..... sekarang mau log in ga bisa..... jadi mundur jatwal kontrol ke RS entah besok bisa kontrol lagi tidak, karna gak bisa boking dari rumah .",2,2026-06-13,9,Juni,negatif,ko punyaku log out sendiri sekarang mau log in ga bisa jadi mundur jatwal kontrol ke rs entah besok bisa kontrol lagi tidak karna gak bisa boking dari rumah,kok punyaku logout sendiri sekarang mau login tidak bisa jadi mundur jadwal kontrol ke rumah sakit entah besok bisa kontrol lagi tidak karena tidak bisa pemesanan dari rumah,"['kok', 'punyaku', 'logout', 'sendiri', 'sekarang', 'mau', 'login', 'tidak', 'bisa', 'jadi', 'mundur', 'jadwal', 'kontrol', 'ke', 'rumah', 'sakit', 'entah', 'besok', 'bisa', 'kontrol', 'lagi', 'tidak', 'karena', 'tidak', 'bisa', 'pemesanan', 'dari', 'rumah']","['kok', 'punyaku', 'logout', 'sendiri', 'sekarang', 'mau', 'login', 'tidak', 'jadi', 'mundur', 'jadwal', 'kontrol', 'rumah', 'sakit', 'entah', 'besok', 'kontrol', 'tidak', 'tidak', 'pemesanan', 'rumah']","['kok', 'punyaku', 'logout', 'sendiri', 'sekarang', 'mau', 'login', 'tidak', 'tidak_jadi', 'mundur', 'jadwal', 'kontrol', 'rumah', 'sakit', 'entah', 'besok', 'kontrol', 'tidak', 'tidak_tidak', 'pemesanan', 'rumah']","['kok', 'punya', 'logout', 'sendiri', 'sekarang', 'mau', 'login', 'tidak', 'tidak_jadi', 'mundur', 'jadwal', 'kontrol', 'rumah', 'sakit', 'entah', 'besok', 'kontrol', 'tidak', 'tidak_tidak', 'mesan', 'rumah']",kok punya logout sendiri sekarang mau login tidak tidak_jadi mundur jadwal kontrol rumah sakit entah besok kontrol tidak tidak_tidak mesan rumah
f913120d-012f-40c8-9d55-47a739e39b1a,"menguras emosii, tplong diperbaiki aplikasi nya ini, saya mau daftar masukin nomor hp, tapi tidak bisa",1,2026-08-09,15,Agustus,negatif,menguras emosii tplong diperbaiki aplikasi nya ini saya mau daftar masukin nomor hp tapi tidak bisa,menguras emosi tolong diperbaiki aplikasi nya ini saya mau daftar masukkan nomor ponsel tapi tidak bisa,"['menguras', 'emosi', 'tolong', 'diperbaiki', 'aplikasi', 'nya', 'ini', 'saya', 'mau', 'daftar', 'masukkan', 'nomor', 'ponsel', 'tapi', 'tidak', 'bisa']","['menguras', 'emosi', 'diperbaiki', 'aplikasi', 'mau', 'daftar', 'masukkan', 'nomor', 'ponsel', 'tidak']","['menguras', 'emosi', 'diperbaiki', 'aplikasi', 'mau', 'daftar', 'masukkan', 'nomor', 'ponsel', 'tidak']","['uras', 'emosi', 'perbaiki', 'aplikasi', 'mau', 'daftar', 'masuk', 'nomor', 'ponsel', 'tidak']",uras emosi perbaiki aplikasi mau daftar masuk nomor ponsel tidak
f9239045-971b-478f-9b34-d81fd7c639fb,adroid 9 pakah sudah gabisa instal,5,2026-07-24,12,Juli,netral,adroid 9 pakah sudah gabisa instal,android 9 apakah sudah tidak bisa instal,"['android', '9', 'apakah', 'sudah', 'tidak', 'bisa', 'instal']","['android', '9', 'tidak', 'instal']","['android', '9', 'tidak', 'tidak_instal']","['android', '9', 'tidak', 'tidak_instal']",android 9 tidak tidak_instal
f92dc5f5-b7b2-452d-8770-133f5deeb6e1,aplikasi jembut,1,2026-08-07,16,Agustus,negatif,aplikasi jembut,aplikasi buruk,"['aplikasi', 'buruk']","['aplikasi', 'buruk']","['aplikasi', 'buruk']","['aplikasi', 'buruk']",aplikasi buruk
f9387ead-4d2f-47b3-b512-14d1be996e14,Riwayat pengobatan seluruh keluarga perlu ditambahkan,4,2026-06-30,20,Juni,netral,riwayat pengobatan seluruh keluarga perlu ditambahkan,riwayat pengobatan seluruh keluarga perlu ditambahkan,"['riwayat', 'pengobatan', 'seluruh', 'keluarga', 'perlu', 'ditambahkan']","['riwayat', 'pengobatan', 'seluruh', 'keluarga', 'perlu', 'ditambahkan']","['riwayat', 'pengobatan', 'seluruh', 'keluarga', 'perlu', 'ditambahkan']","['riwayat', 'obat', 'seluruh', 'keluarga', 'perlu', 'tambah']",riwayat obat seluruh keluarga perlu tambah
f9671817-63c1-4ad6-8612-93fc6283e071,bagus,5,2026-08-17,10,Agustus,positif,bagus,bagus,['bagus'],['bagus'],['bagus'],['bagus'],bagus
f990f643-8a2e-4ca4-9990-df39b3a7db7a,mantap,5,2026-06-23,16,Juni,positif,mantap,mantap,['mantap'],['mantap'],['mantap'],['mantap'],mantap
f9912897-0a57-4033-aab8-200cbf46768e,sangat membantu,5,2026-08-02,23,Agustus,positif,sangat membantu,sangat membantu,"['sangat', 'membantu']","['sangat', 'membantu']","['sangat', 'membantu']","['sangat', 'bantu']",sangat bantu
f9969ae2-352d-447e-ad96-34a2648dd640,"Aplikasi SAMPAH!!!! jaringan udah oke tapi mau login aja susah minta ampun. Heran udah banyak komplain pun masih gak berbenah. Gak guna sama sekali ada aplikasi, bukannya mempermudah malah mempersulit. SAMPAH!",1,2026-06-30,22,Juni,negatif,aplikasi sampah jaringan udah oke tapi mau login aja susah minta ampun heran udah banyak komplain pun masih gak berbenah gak guna sama sekali ada aplikasi bukannya mempermudah malah mempersulit sampah,aplikasi sampah jaringan sudah oke tapi mau login saja susah minta ampun heran sudah banyak keluhan pun masih tidak berbenah tidak berguna sama sekali ada aplikasi bukannya mempermudah malah mempersulit sampah,"['aplikasi', 'sampah', 'jaringan', 'sudah', 'oke', 'tapi', 'mau', 'login', 'saja', 'susah', 'minta', 'ampun', 'heran', 'sudah', 'banyak', 'keluhan', 'pun', 'masih', 'tidak', 'berbenah', 'tidak', 'berguna', 'sama', 'sekali', 'ada', 'aplikasi', 'bukannya', 'mempermudah', 'malah', 'mempersulit', 'sampah']","['aplikasi', 'sampah', 'jaringan', 'oke', 'mau', 'login', 'susah', 'minta', 'ampun', 'heran', 'banyak', 'keluhan', 'tidak', 'berbenah', 'tidak', 'berguna', 'sama', 'sekali', 'aplikasi', 'bukannya', 'mempermudah', 'malah', 'mempersulit', 'sampah']","['aplikasi', 'sampah', 'jaringan', 'oke', 'mau', 'login', 'susah', 'minta', 'ampun', 'heran', 'banyak', 'keluhan', 'tidak', 'tidak_berbenah', 'tidak', 'tidak_berguna', 'sama', 'sekali', 'aplikasi', 'bukannya', 'mempermudah', 'malah', 'mempersulit', 'sampah']","['aplikasi', 'sampah', 'jaring', 'oke', 'mau', 'login', 'susah', 'minta', 'ampun', 'heran', 'banyak', 'keluh', 'tidak', 'tidak_benah', 'tidak', 'tidak_guna', 'sama', 'sekali', 'aplikasi', 'bukan', 'mudah', 'malah', 'sulit', 'sampah']",aplikasi sampah jaring oke mau login susah minta ampun heran banyak keluh tidak tidak_benah tidak tidak_guna sama sekali aplikasi bukan mudah malah sulit sampah
fa610d7b-1c3e-4018-9c16-34f6ebe3b028,tidak bisa di gunakan,2,2026-08-07,2,Agustus,negatif,tidak bisa di gunakan,tidak bisa digunakan,"['tidak', 'bisa', 'digunakan']","['tidak', 'digunakan']","['tidak', 'tidak_digunakan']","['tidak', 'tidak_guna']",tidak tidak_guna
fa7d1bec-952f-4edc-900f-9ad9d1ce4337,"UNTUK TIM IT MOHON DIPERBAIKI MASALAH KONEKSI KARENA TIAP MAU DAFTAR MALAH ""ANDA SEDANG OFFLINE"" ATAU KADANG ""COBA LAGI BEBERAPA SAAT LAGI"". KALIAN ITU DIGAJIH DARI PAJAK YANG KALIAN MINTAI. DASAR NEGARA BERKEMBANG",1,2026-08-06,4,Agustus,negatif,untuk tim it mohon diperbaiki masalah koneksi karena tiap mau daftar malah anda sedang offline atau kadang coba lagi beberapa saat lagi kalian itu digajih dari pajak yang kalian mintai dasar negara berkembang,untuk tim itu mohon diperbaiki masalah koneksi karena tiap mau daftar malah anda sedang luring atau kadang coba lagi beberapa saat lagi kalian itu digaji dari pajak yang kalian mintai dasar negara berkembang,"['untuk', 'tim', 'itu', 'mohon', 'diperbaiki', 'masalah', 'koneksi', 'karena', 'tiap', 'mau', 'daftar', 'malah', 'anda', 'sedang', 'luring', 'atau', 'kadang', 'coba', 'lagi', 'beberapa', 'saat', 'lagi', 'kalian', 'itu', 'digaji', 'dari', 'pajak', 'yang', 'kalian', 'mintai', 'dasar', 'negara', 'berkembang']","['tim', 'mohon', 'diperbaiki', 'masalah', 'koneksi', 'tiap', 'mau', 'daftar', 'malah', 'sedang', 'luring', 'kadang', 'coba', 'beberapa', 'kalian', 'digaji', 'pajak', 'kalian', 'mintai', 'dasar', 'negara', 'berkembang']","['tim', 'mohon', 'diperbaiki', 'masalah', 'koneksi', 'tiap', 'mau', 'daftar', 'malah', 'sedang', 'luring', 'kadang', 'coba', 'beberapa', 'kalian', 'digaji', 'pajak', 'kalian', 'mintai', 'dasar', 'negara', 'berkembang']","['tim', 'mohon', 'perbaiki', 'masalah', 'koneksi', 'tiap', 'mau', 'daftar', 'malah', 'sedang', 'luring', 'kadang', 'coba', 'beberapa', 'kalian', 'gaji', 'pajak', 'kalian', 'minta', 'dasar', 'negara', 'kembang']",tim mohon perbaiki masalah koneksi tiap mau daftar malah sedang luring kadang coba beberapa kalian gaji pajak kalian minta dasar negara kembang
faa9f7c0-a736-4efc-b488-c66eaad618ea,"pulsa ada, nomer aktif tapi tetep gabisa dapet kode otp, tolong dengan sangat mohon diperbaikiii apk nya!!!!!!!",1,2026-07-26,7,Juli,negatif,pulsa ada nomer aktif tapi tetep gabisa dapet kode otp tolong dengan sangat mohon diperbaikiii apk nya,pulsa ada nomor aktif tapi tetap tidak bisa dapat kode otp tolong dengan sangat mohon diperbaiki aplikasi nya,"['pulsa', 'ada', 'nomor', 'aktif', 'tapi', 'tetap', 'tidak', 'bisa', 'dapat', 'kode', 'otp', 'tolong', 'dengan', 'sangat', 'mohon', 'diperbaiki', 'aplikasi', 'nya']","['pulsa', 'nomor', 'aktif', 'tetap', 'tidak', 'kode', 'otp', 'sangat', 'mohon', 'diperbaiki', 'aplikasi']","['pulsa', 'nomor', 'aktif', 'tetap', 'tidak', 'tidak_kode', 'otp', 'sangat', 'mohon', 'diperbaiki', 'aplikasi']","['pulsa', 'nomor', 'aktif', 'tetap', 'tidak', 'tidak_kode', 'otp', 'sangat', 'mohon', 'perbaiki', 'aplikasi']",pulsa nomor aktif tetap tidak tidak_kode otp sangat mohon perbaiki aplikasi
fad31492-54b8-4d34-a6ec-a92946bcae17,aplikasi yang sangat bermanfaat,5,2026-06-02,15,Juni,positif,aplikasi yang sangat bermanfaat,aplikasi yang sangat bermanfaat,"['aplikasi', 'yang', 'sangat', 'bermanfaat']","['aplikasi', 'sangat', 'bermanfaat']","['aplikasi', 'sangat', 'bermanfaat']","['aplikasi', 'sangat', 'manfaat']",aplikasi sangat manfaat
fb1dc4b8-7cb0-4b0e-ac2d-d66c16277820,semoga bisa di ajak kerja smaa demi kesehatan penduduk Indonesia yaa karena kami akan taat bayar iuran nya,5,2026-06-04,14,Juni,netral,semoga bisa di ajak kerja smaa demi kesehatan penduduk indonesia yaa karena kami akan taat bayar iuran nya,semoga bisa di ajak kerja sama demi kesehatan penduduk indonesia ya karena kami akan taat bayar iuran nya,"['semoga', 'bisa', 'di', 'ajak', 'kerja', 'sama', 'demi', 'kesehatan', 'penduduk', 'indonesia', 'ya', 'karena', 'kami', 'akan', 'taat', 'bayar', 'iuran', 'nya']","['semoga', 'ajak', 'kerja', 'sama', 'kesehatan', 'penduduk', 'indonesia', 'taat', 'bayar', 'iuran']","['semoga', 'ajak', 'kerja', 'sama', 'kesehatan', 'penduduk', 'indonesia', 'taat', 'bayar', 'iuran']","['moga', 'ajak', 'kerja', 'sama', 'sehat', 'duduk', 'indonesia', 'taat', 'bayar', 'iur']",moga ajak kerja sama sehat duduk indonesia taat bayar iur
fb3632cd-939a-4fb9-8d84-83b19c0b2e20,good,5,2026-08-15,22,Agustus,positif,good,bagus,['bagus'],['bagus'],['bagus'],['bagus'],bagus
fb4755d9-2662-435b-acea-f0b7c2ab7768,"layanan 0, sering terjadi gangguan",2,2026-07-31,22,Juli,negatif,layanan 0 sering terjadi gangguan,layanan 0 sering terjadi gangguan,"['layanan', '0', 'sering', 'terjadi', 'gangguan']","['layanan', '0', 'sering', 'terjadi', 'gangguan']","['layanan', '0', 'sering', 'terjadi', 'gangguan']","['layan', '0', 'sering', 'jadi', 'ganggu']",layan 0 sering jadi ganggu
fb6fc644-18c5-4365-9a83-6c7f982b9fb5,terbaik,5,2026-06-25,12,Juni,positif,terbaik,terbaik,['terbaik'],['terbaik'],['terbaik'],['baik'],baik
fb731a02-4f48-4649-9c71-57429396a5a9,"ntah lah, susah banget ni aplikasi, mau login aja gak masuk masuk, ngulang ampek bengek, nyebeliiiiin",3,2026-07-04,12,Juli,negatif,ntah lah susah banget ni aplikasi mau login aja gak masuk masuk ngulang ampek bengek nyebeliiiiin,entah lah susah sangat ini aplikasi mau login saja tidak masuk mengulang sampai kelelahan menjengkelkan,"['entah', 'lah', 'susah', 'sangat', 'ini', 'aplikasi', 'mau', 'login', 'saja', 'tidak', 'masuk', 'mengulang', 'sampai', 'kelelahan', 'menjengkelkan']","['entah', 'lah', 'susah', 'sangat', 'aplikasi', 'mau', 'login', 'tidak', 'masuk', 'mengulang', 'kelelahan', 'menjengkelkan']","['entah', 'lah', 'susah', 'sangat', 'aplikasi', 'mau', 'login', 'tidak', 'tidak_masuk', 'mengulang', 'kelelahan', 'menjengkelkan']","['entah', 'lah', 'susah', 'sangat', 'aplikasi', 'mau', 'login', 'tidak', 'tidak_masuk', 'ulang', 'lelah', 'jengkel']",entah lah susah sangat aplikasi mau login tidak tidak_masuk ulang lelah jengkel
fbd9d114-9212-44d1-8ec0-063d8862e2e1,semoga di beri kesehatan bagi yg sakit,5,2026-06-18,19,Juni,netral,semoga di beri kesehatan bagi yg sakit,semoga di beri kesehatan bagi yang sakit,"['semoga', 'di', 'beri', 'kesehatan', 'bagi', 'yang', 'sakit']","['semoga', 'beri', 'kesehatan', 'sakit']","['semoga', 'beri', 'kesehatan', 'sakit']","['moga', 'beri', 'sehat', 'sakit']",moga beri sehat sakit
fbe17c6d-bdb1-45e5-b4c2-8344907efbe9,oke deh pokoknya,5,2026-08-09,21,Agustus,positif,oke deh pokoknya,oke deh pokoknya,"['oke', 'deh', 'pokoknya']","['oke', 'deh', 'pokoknya']","['oke', 'deh', 'pokoknya']","['oke', 'deh', 'pokok']",oke deh pokok
fc2730fa-e0a9-49a4-bae7-13f75e08cdcf,Sya sudah terdaftar di regertasi...pas mau brosing n mau masukan id bpjs sama email saya...selalu gagal dgan tulisan mobile jkn terhenti...kasi solusinya dongk,5,2026-08-31,23,Agustus,negatif,sya sudah terdaftar di regertasi pas mau brosing n mau masukan id bpjs sama email saya selalu gagal dgan tulisan mobile jkn terhenti kasi solusinya dongk,saya sudah terdaftar di registrasi pas mau browsing dan mau masukan id bpjs sama email saya selalu gagal dengan tulisan mobile jkn terhenti beri solusinya dong,"['saya', 'sudah', 'terdaftar', 'di', 'registrasi', 'pas', 'mau', 'browsing', 'dan', 'mau', 'masukan', 'id', 'bpjs', 'sama', 'email', 'saya', 'selalu', 'gagal', 'dengan', 'tulisan', 'mobile', 'jkn', 'terhenti', 'beri', 'solusinya', 'dong']","['terdaftar', 'registrasi', 'pas', 'mau', 'browsing', 'mau', 'masukan', 'id', 'bpjs', 'sama', 'email', 'selalu', 'gagal', 'tulisan', 'mobile', 'jkn', 'terhenti', 'beri', 'solusinya', 'dong']","['terdaftar', 'registrasi', 'pas', 'mau', 'browsing', 'mau', 'masukan', 'id', 'bpjs', 'sama', 'email', 'selalu', 'gagal', 'tulisan', 'mobile', 'jkn', 'terhenti', 'beri', 'solusinya', 'dong']","['daftar', 'registrasi', 'pas', 'mau', 'browsing', 'mau', 'masuk', 'id', 'bpjs', 'sama', 'email', 'selalu', 'gagal', 'tulis', 'mobile', 'jkn', 'henti', 'beri', 'solusi', 'dong']",daftar registrasi pas mau browsing mau masuk id bpjs sama email selalu gagal tulis mobile jkn henti beri solusi dong
fc3220cb-8dbf-43a0-a605-4dbb059ffa81,baru mau coba,5,2026-06-18,12,Juni,netral,baru mau coba,baru mau coba,"['baru', 'mau', 'coba']","['baru', 'mau', 'coba']","['baru', 'mau', 'coba']","['baru', 'mau', 'coba']",baru mau coba
fc8e8a09-1aa5-4e0c-ab49-49d105d5c68a,Ribet lah,1,2026-06-03,10,Juni,negatif,ribet lah,rumit lah,"['rumit', 'lah']","['rumit', 'lah']","['rumit', 'lah']","['rumit', 'lah']",rumit lah
fcc983d2-3e99-49b7-b800-ff724442eca4,updatenya bisa tfkSekarangkan,5,2026-08-19,10,Agustus,netral,updatenya bisa tfksekarangkan,pembaruan bisa tfksekarangkan,"['pembaruan', 'bisa', 'tfksekarangkan']","['pembaruan', 'tfksekarangkan']","['pembaruan', 'tfksekarangkan']","['baru', 'tfksekarangkan']",baru tfksekarangkan
fd007dbd-cf98-4482-97b0-15678bb87314,Bagus,5,2026-07-23,18,Juli,positif,bagus,bagus,['bagus'],['bagus'],['bagus'],['bagus'],bagus
fd09b4ba-b655-4ef0-80c8-728cbf30eef8,oprasional terbaik,5,2026-06-03,22,Juni,positif,oprasional terbaik,operasional terbaik,"['operasional', 'terbaik']","['operasional', 'terbaik']","['operasional', 'terbaik']","['operasional', 'baik']",operasional baik
fd2aef90-9e44-430c-aa0f-76c6f902a57d,sangat mudah & membantu,5,2026-07-29,20,Juli,positif,sangat mudah membantu,sangat mudah membantu,"['sangat', 'mudah', 'membantu']","['sangat', 'mudah', 'membantu']","['sangat', 'mudah', 'membantu']","['sangat', 'mudah', 'bantu']",sangat mudah bantu
fd4e60db-aef6-4686-ba12-8a78f5dffec6,terima kasih semoga lebih baik selalu,5,2026-07-17,6,Juli,positif,terima kasih semoga lebih baik selalu,terima kasih semoga lebih baik selalu,"['terima', 'kasih', 'semoga', 'lebih', 'baik', 'selalu']","['terima', 'kasih', 'semoga', 'lebih', 'baik', 'selalu']","['terima', 'kasih', 'semoga', 'lebih', 'baik', 'selalu']","['terima', 'kasih', 'moga', 'lebih', 'baik', 'selalu']",terima kasih moga lebih baik selalu
fd5aa7d4-f14e-4436-acfc-da3e88cced1e,harusnya layanan untuk masyarat itu yang bisa kompiteble untuk hp apapun.bukan untuk hp tertentu yang spek nya harus tinggi.,2,2026-08-26,6,Agustus,negatif,harusnya layanan untuk masyarat itu yang bisa kompiteble untuk hp apapun bukan untuk hp tertentu yang spek nya harus tinggi,seharusnya layanan untuk masyarakat itu yang bisa kompatibel untuk ponsel apa pun bukan untuk ponsel tertentu yang spesifikasi nya harus tinggi,"['seharusnya', 'layanan', 'untuk', 'masyarakat', 'itu', 'yang', 'bisa', 'kompatibel', 'untuk', 'ponsel', 'apa', 'pun', 'bukan', 'untuk', 'ponsel', 'tertentu', 'yang', 'spesifikasi', 'nya', 'harus', 'tinggi']","['layanan', 'masyarakat', 'kompatibel', 'ponsel', 'apa', 'bukan', 'ponsel', 'tertentu', 'spesifikasi', 'tinggi']","['layanan', 'masyarakat', 'kompatibel', 'ponsel', 'apa', 'bukan', 'ponsel', 'tertentu', 'spesifikasi', 'tinggi']","['layan', 'masyarakat', 'kompatibel', 'ponsel', 'apa', 'bukan', 'ponsel', 'tentu', 'spesifikasi', 'tinggi']",layan masyarakat kompatibel ponsel apa bukan ponsel tentu spesifikasi tinggi
fd990be5-6b3b-4e0f-a737-b9124f3b3f1f,semoga lancar,5,2026-06-23,8,Juni,netral,semoga lancar,semoga lancar,"['semoga', 'lancar']","['semoga', 'lancar']","['semoga', 'lancar']","['moga', 'lancar']",moga lancar
fdf35bf7-1e81-4c77-9aaf-de2f54cd9dbb,bagus,5,2026-07-07,6,Juli,positif,bagus,bagus,['bagus'],['bagus'],['bagus'],['bagus'],bagus
fe244e0f-9272-49e5-88c1-fe8939b76a34,mantap,5,2026-08-06,6,Agustus,positif,mantap,mantap,['mantap'],['mantap'],['mantap'],['mantap'],mantap
fe40ee9d-1a46-4147-9726-f4db9e535b8d,"aplikasi gajelas, suka tiba-tiba keluar akun sendiri",1,2026-06-06,10,Juni,negatif,aplikasi gajelas suka tiba tiba keluar akun sendiri,aplikasi tidak jelas suka tiba tiba keluar akun sendiri,"['aplikasi', 'tidak', 'jelas', 'suka', 'tiba', 'tiba', 'keluar', 'akun', 'sendiri']","['aplikasi', 'tidak', 'jelas', 'suka', 'tiba', 'tiba', 'keluar', 'akun', 'sendiri']","['aplikasi', 'tidak', 'tidak_jelas', 'suka', 'tiba', 'tiba', 'keluar', 'akun', 'sendiri']","['aplikasi', 'tidak', 'tidak_jelas', 'suka', 'tiba', 'tiba', 'keluar', 'akun', 'sendiri']",aplikasi tidak tidak_jelas suka tiba tiba keluar akun sendiri
fe5b2968-6cb9-47a4-920e-9d54c60fac55,mempermudah 👍🏻👍🏻👍🏻,5,2026-07-15,9,Juli,positif,mempermudah,mempermudah,['mempermudah'],['mempermudah'],['mempermudah'],['mudah'],mudah
fe70e208-b144-461e-a6de-39980a1fdbc7,makan nih bintang 5 aplikasi bukan mempermudah malah menyusahkan,5,2026-06-07,9,Juni,negatif,makan nih bintang 5 aplikasi bukan mempermudah malah menyusahkan,makan ini bintang 5 aplikasi bukan mempermudah malah menyusahkan,"['makan', 'ini', 'bintang', '5', 'aplikasi', 'bukan', 'mempermudah', 'malah', 'menyusahkan']","['makan', 'bintang', '5', 'aplikasi', 'bukan', 'mempermudah', 'malah', 'menyusahkan']","['makan', 'bintang', '5', 'aplikasi', 'bukan', 'mempermudah', 'malah', 'menyusahkan']","['makan', 'bintang', '5', 'aplikasi', 'bukan', 'mudah', 'malah', 'susah']",makan bintang 5 aplikasi bukan mudah malah susah
fe929eea-5735-4434-89f1-7a9e5b358a9f,Sangat membantu 👍,5,2026-06-17,17,Juni,positif,sangat membantu,sangat membantu,"['sangat', 'membantu']","['sangat', 'membantu']","['sangat', 'membantu']","['sangat', 'bantu']",sangat bantu
feb18354-c6ce-4a85-b3d9-2ddc3b6cdd0b,semoga lebih di tingkatkan lagi untuk pelayanannya,5,2026-07-27,8,Juli,netral,semoga lebih di tingkatkan lagi untuk pelayanannya,semoga lebih di tingkatkan lagi untuk pelayanannya,"['semoga', 'lebih', 'di', 'tingkatkan', 'lagi', 'untuk', 'pelayanannya']","['semoga', 'lebih', 'tingkatkan', 'pelayanannya']","['semoga', 'lebih', 'tingkatkan', 'pelayanannya']","['moga', 'lebih', 'tingkat', 'layan']",moga lebih tingkat layan
fef292d6-2062-454b-ad77-2b9080e9516d,"terus tingkatkan kecepatan, kemudahan, dan ketepatan pemrosesan data masyarakat peserta bpjs",5,2026-07-20,15,Juli,netral,terus tingkatkan kecepatan kemudahan dan ketepatan pemrosesan data masyarakat peserta bpjs,terus tingkatkan kecepatan kemudahan dan ketepatan pemrosesan data masyarakat peserta bpjs,"['terus', 'tingkatkan', 'kecepatan', 'kemudahan', 'dan', 'ketepatan', 'pemrosesan', 'data', 'masyarakat', 'peserta', 'bpjs']","['terus', 'tingkatkan', 'kecepatan', 'kemudahan', 'ketepatan', 'pemrosesan', 'data', 'masyarakat', 'peserta', 'bpjs']","['terus', 'tingkatkan', 'kecepatan', 'kemudahan', 'ketepatan', 'pemrosesan', 'data', 'masyarakat', 'peserta', 'bpjs']","['terus', 'tingkat', 'cepat', 'mudah', 'tepat', 'pemrosesan', 'data', 'masyarakat', 'serta', 'bpjs']",terus tingkat cepat mudah tepat pemrosesan data masyarakat serta bpjs
fef375e3-7efc-4812-bff3-31bea7ca39f9,jempol,5,2026-07-03,19,Juli,positif,jempol,jempol,['jempol'],['jempol'],['jempol'],['jempol'],jempol
ff16594e-5618-4fa4-8e77-a1050c2e4baf,sangat sangat membantu banget,5,2026-06-24,15,Juni,positif,sangat sangat membantu banget,sangat sangat membantu sangat,"['sangat', 'sangat', 'membantu', 'sangat']","['sangat', 'sangat', 'membantu', 'sangat']","['sangat', 'sangat', 'membantu', 'sangat']","['sangat', 'sangat', 'bantu', 'sangat']",sangat sangat bantu sangat
ff1fef8d-9727-48c9-98b5-12d37dd2cb02,semoga fiturnya makin banyak,5,2026-07-28,10,Juli,netral,semoga fiturnya makin banyak,semoga fiturnya makin banyak,"['semoga', 'fiturnya', 'makin', 'banyak']","['semoga', 'fiturnya', 'makin', 'banyak']","['semoga', 'fiturnya', 'makin', 'banyak']","['moga', 'fiturnya', 'makin', 'banyak']",moga fiturnya makin banyak
ff386e6d-c52b-4ff0-9676-9b0b234fa0f8,sangatt membantu,5,2026-06-11,12,Juni,positif,sangatt membantu,sangat membantu,"['sangat', 'membantu']","['sangat', 'membantu']","['sangat', 'membantu']","['sangat', 'bantu']",sangat bantu
ff9626dc-aedb-445d-a8a8-b86ade00da90,"kalau bisa buatkan fitur countdown saat daftar online minimal 1 jam lah sebelum di konfirmasi di web ksatria, biar ga ada pasien daftar jam 8 pagi dan malah datang jam 11 siang, masih mending kalau pasiennya sepi nah kalo rame gimana tu, sempat dapet khasus gini, jadi aku serahin ke dokter untuk dipanggil setelah lewat 2-3 nomor, sayangnya antrean lama protes. sebaliknya jika saya urutkan sesuai kedatangn, yang online malah protes :v khusus yg umum, yg gigi ga perlu",1,2026-08-07,18,Agustus,netral,kalau bisa buatkan fitur countdown saat daftar online minimal 1 jam lah sebelum di konfirmasi di web ksatria biar ga ada pasien daftar jam 8 pagi dan malah datang jam 11 siang masih mending kalau pasiennya sepi nah kalo rame gimana tu sempat dapet khasus gini jadi aku serahin ke dokter untuk dipanggil setelah lewat 2 3 nomor sayangnya antrean lama protes sebaliknya jika saya urutkan sesuai kedatangn yang online malah protes v khusus yg umum yg gigi ga perlu,kalau bisa buatkan fitur countdown saat daftar daring minimal 1 jam lah sebelum di konfirmasi di web ksatria agar tidak ada pasien daftar jam 8 pagi dan malah datang jam 11 siang masih lebih baik kalau pasiennya sepi nah kalau rame bagaimana itu sempat dapat khasus begini jadi aku serahin ke dokter untuk dipanggil setelah lewat 2 3 nomor sayangnya antrean lama protes sebaliknya jika saya urutkan sesuai kedatangn yang daring malah protes v khusus yang umum yang gigi tidak perlu,"['kalau', 'bisa', 'buatkan', 'fitur', 'countdown', 'saat', 'daftar', 'daring', 'minimal', '1', 'jam', 'lah', 'sebelum', 'di', 'konfirmasi', 'di', 'web', 'ksatria', 'agar', 'tidak', 'ada', 'pasien', 'daftar', 'jam', '8', 'pagi', 'dan', 'malah', 'datang', 'jam', '11', 'siang', 'masih', 'lebih', 'baik', 'kalau', 'pasiennya', 'sepi', 'nah', 'kalau', 'rame', 'bagaimana', 'itu', 'sempat', 'dapat', 'khasus', 'begini', 'jadi', 'aku', 'serahin', 'ke', 'dokter', 'untuk', 'dipanggil', 'setelah', 'lewat', '2', '3', 'nomor', 'sayangnya', 'antrean', 'lama', 'protes', 'sebaliknya', 'jika', 'saya', 'urutkan', 'sesuai', 'kedatangn', 'yang', 'daring', 'malah', 'protes', 'v', 'khusus', 'yang', 'umum', 'yang', 'gigi', 'tidak', 'perlu']","['kalau', 'buatkan', 'fitur', 'countdown', 'daftar', 'daring', 'minimal', '1', 'jam', 'lah', 'konfirmasi', 'web', 'ksatria', 'tidak', 'pasien', 'daftar', 'jam', '8', 'pagi', 'malah', 'datang', 'jam', '11', 'siang', 'lebih', 'baik', 'kalau', 'pasiennya', 'sepi', 'nah', 'kalau', 'rame', 'bagaimana', 'sempat', 'khasus', 'begini', 'jadi', 'aku', 'serahin', 'dokter', 'dipanggil', 'lewat', '2', '3', 'nomor', 'sayangnya', 'antrean', 'lama', 'protes', 'sebaliknya', 'urutkan', 'sesuai', 'kedatangn', 'daring', 'malah', 'protes', 'v', 'khusus', 'umum', 'gigi', 'tidak', 'perlu']","['kalau', 'buatkan', 'fitur', 'countdown', 'daftar', 'daring', 'minimal', '1', 'jam', 'lah', 'konfirmasi', 'web', 'ksatria', 'tidak', 'tidak_pasien', 'daftar', 'jam', '8', 'pagi', 'malah', 'datang', 'jam', '11', 'siang', 'lebih', 'baik', 'kalau', 'pasiennya', 'sepi', 'nah', 'kalau', 'rame', 'bagaimana', 'sempat', 'khasus', 'begini', 'jadi', 'aku', 'serahin', 'dokter', 'dipanggil', 'lewat', '2', '3', 'nomor', 'sayangnya', 'antrean', 'lama', 'protes', 'sebaliknya', 'urutkan', 'sesuai', 'kedatangn', 'daring', 'malah', 'protes', 'v', 'khusus', 'umum', 'gigi', 'tidak', 'tidak_perlu']","['kalau', 'buat', 'fitur', 'countdown', 'daftar', 'daring', 'minimal', '1', 'jam', 'lah', 'konfirmasi', 'web', 'ksatria', 'tidak', 'tidak_pasien', 'daftar', 'jam', '8', 'pagi', 'malah', 'datang', 'jam', '11', 'siang', 'lebih', 'baik', 'kalau', 'pasien', 'sepi', 'nah', 'kalau', 'rame', 'bagaimana', 'sempat', 'khasus', 'begini', 'jadi', 'aku', 'serahin', 'dokter', 'panggil', 'lewat', '2', '3', 'nomor', 'sayang', 'antre', 'lama', 'protes', 'balik', 'urut', 'sesuai', 'kedatangn', 'daring', 'malah', 'protes', 'v', 'khusus', 'umum', 'gigi', 'tidak', 'tidak_perlu']",kalau buat fitur countdown daftar daring minimal 1 jam lah konfirmasi web ksatria tidak tidak_pasien daftar jam 8 pagi malah datang jam 11 siang lebih baik kalau pasien sepi nah kalau rame bagaimana sempat khasus begini jadi aku serahin dokter panggil lewat 2 3 nomor sayang antre lama protes balik urut sesuai kedatangn daring malah protes v khusus umum gigi tidak tidak_perlu
ffce1b82-03fc-46b8-b014-5285a30c93c6,aplikasi eror banyak bug,1,2026-07-20,13,Juli,negatif,aplikasi eror banyak bug,aplikasi error banyak gangguan sistem,"['aplikasi', 'error', 'banyak', 'gangguan', 'sistem']","['aplikasi', 'error', 'banyak', 'gangguan', 'sistem']","['aplikasi', 'error', 'banyak', 'gangguan', 'sistem']","['aplikasi', 'error', 'banyak', 'ganggu', 'sistem']",aplikasi error banyak ganggu sistem
ffd9e43e-bde1-4108-96e5-2e5b83cc507d,"aplikasi nya tolong di perbaiki!!!! kode OTP gak muncul "" masuk lewat gmail malah tidak dapat di proses ini gimana mau urusnya ke rumah sakit tolong!!!",1,2026-08-31,13,Agustus,negatif,aplikasi nya tolong di perbaiki kode otp gak muncul masuk lewat gmail malah tidak dapat di proses ini gimana mau urusnya ke rumah sakit tolong,aplikasi nya tolong diperbaiki kode otp tidak muncul masuk lewat gmail malah tidak dapat di proses ini bagaimana mau urusnya ke rumah sakit tolong,"['aplikasi', 'nya', 'tolong', 'diperbaiki', 'kode', 'otp', 'tidak', 'muncul', 'masuk', 'lewat', 'gmail', 'malah', 'tidak', 'dapat', 'di', 'proses', 'ini', 'bagaimana', 'mau', 'urusnya', 'ke', 'rumah', 'sakit', 'tolong']","['aplikasi', 'diperbaiki', 'kode', 'otp', 'tidak', 'muncul', 'masuk', 'lewat', 'gmail', 'malah', 'tidak', 'proses', 'bagaimana', 'mau', 'urusnya', 'rumah', 'sakit']","['aplikasi', 'diperbaiki', 'kode', 'otp', 'tidak', 'tidak_muncul', 'masuk', 'lewat', 'gmail', 'malah', 'tidak', 'tidak_proses', 'bagaimana', 'mau', 'urusnya', 'rumah', 'sakit']","['aplikasi', 'perbaiki', 'kode', 'otp', 'tidak', 'tidak_muncul', 'masuk', 'lewat', 'gmail', 'malah', 'tidak', 'tidak_proses', 'bagaimana', 'mau', 'urus', 'rumah', 'sakit']",aplikasi perbaiki kode otp tidak tidak_muncul masuk lewat gmail malah tidak tidak_proses bagaimana mau urus rumah sakit
